question_id,category_lv1,category_lv2,category_lv3,difficulty,question_text,option_1,option_2,option_3,option_4,correct_answer,explanation
JLPT_N2_LK_Gr_001,言語知識,文法,文の文法1,3,給料が高い（ ______ ）、仕事にやりがいがあるとは限らない。,からといって,ことになって,ついでに,にあたって,からといって,「〜からといって」は、「〜という理由（りゆう）があっても、それだけでは…とは言（い）えない」という意味（いみ）です。<br>「ことになって」は決定（けってい）を表（あらわ）す言葉なので、ここでは合いません。<br>「ついでに」は、何かのついでに別のことをする様子（ようす）を表す言葉なので、合いません。<br>「にあたって」は、何かを始める時（とき）に使う言葉なので、合いません。<br>標準レベル。本番で合否を分けやすいタイプの問題です。
JLPT_N2_LK_Gr_002,言語知識,文法,文の文法2,3,昨日の夜は ______ ______ __★__ ______ 眠れなかった。,気になって,テストの,全然,結果が,気になって,正しい順番（じゅんばん）は、「テストの 結果が 気になって 全然 眠れなかった」です。<br>★に入るのは「気になって」です。<br>「〜が気になる」で、心配（しんぱい）だという意味（いみ）になります。<br>標準レベル。ここが安定して解けるとN2合格が見えてきます。
JLPT_N2_LK_Gr_003,言語知識,文法,文章の文法,3,最近はスマートフォンの普及により、いつでも連絡が取れるようになった。しかし、その（ ______ ）、対面での会話が減ったと感じる人も多い。,反面,おかげで,あいだに,たびに,反面,「〜反面（はんめん）」は、「〜という良い（よい）面（めん）があるが、反対（はんたい）に〜という悪い（わるい）面もある」という意味（いみ）で使います。<br>「おかげで」は良い結果（けっか）だけに使います。<br>「あいだに」や「たびに」は理由（りゆう）や対比（たいひ）を表（あらわ）しません。<br>実際の試験でよく問われる標準レベルの問題です。
JLPT_N2_LK_Gr_004,言語知識,文法,文の文法1,3,毎日しっかり練習しているのだから、次の試合は勝てる（ ______ ）。,に違いない,にすぎない,に限らない,に及ばない,に違いない,「〜に違（ちが）いない」は、「強い理由（りゆう）があって、きっと〜だと思う」という意味（いみ）で使います。<br>「〜にすぎない」は「ただ〜だけだ」、「〜に限（かぎ）らない」は「〜だけとは言えない」、「〜に及（およ）ばない」は「〜する必要はない」という意味なので合（あ）いません。<br>標準レベル。前後の文脈をていねいに読むのがコツです。
JLPT_N2_LK_Gr_005,言語知識,文法,文の文法2,3,彼は ______ ______ __★__ ______ 来なかった。,約束した,パーティーに,にもかかわらず,とうとう,パーティーに,正（ただ）しい順番（じゅんばん）は「約束（やくそく）した　にもかかわらず　パーティーに　とうとう」です。<br>★の位置に入る言葉は「パーティーに」です。<br>「〜にもかかわらず」は動詞（どうし）の後（あと）に直接（ちょくせつ）つく言葉なので、「約束した」のすぐ後ろに来ます。<br>「パーティーに」は「来なかった」につながる場所（ばしょ）を表す言葉なので、★の位置に入ります。<br>標準レベル。本番で合否を分けやすいタイプの問題です。
JLPT_N2_LK_Gr_006,言語知識,文法,文章の文法,3,この公園は誰でも自由に利用できる。（ ______ ）、夜間の利用は禁止されている。,ただし,したがって,すなわち,たとえば,ただし,「ただし」は、前（まえ）の内容（ないよう）に条件（じょうけん）や例外（れいがい）を付（つ）け加（くわ）えるときに使（つか）う言葉です。<br>「したがって」は結果（けっか）を言うときに使うので、合いません。<br>「すなわち」は言（い）い換（か）えるときに使うので、合いません。<br>「たとえば」は例（れい）を挙（あ）げるときに使うので、合いません。<br>標準レベル。ここが安定して解けるとN2合格が見えてきます。
JLPT_N2_LK_Gr_007,言語知識,文法,文の文法1,3,台風が近づいているため、今夜は大雨が降り（ ______ ）。,おそれがある,おかげがある,つもりがある,かぎりがある,おそれがある,「〜おそれがある」は、「悪い（わるい）ことが起こる可能性がある（かのうせいがある）」という意味（いみ）で使います。<br>「おかげがある」「つもりがある」「かぎりがある」は、文脈（ぶんみゃく）や文法（ぶんぽう）として正しくありません。<br>実際の試験でよく問われる標準レベルの問題です。
JLPT_N2_LK_Gr_008,言語知識,文法,文の文法2,3,彼は ______ ______ __★__ ______ 諦めずに走り続けた。,どんなに,痛かった,足が,にもかかわらず,痛かった,正しい順番（じゅんばん）は、「足が どんなに 痛かった にもかかわらず 諦めずに走り続けた」です。<br>★に入るのは「痛かった」です。<br>「〜にもかかわらず」は、「〜なのに」という意味（いみ）を表（あらわ）します。<br>標準レベル。前後の文脈をていねいに読むのがコツです。
JLPT_N2_LK_Gr_009,言語知識,文法,文章の文法,3,最近は環境問題への関心が高まっている。多くの企業がエコ活動に取り組んでいる。（ ______ ）、個人でもゴミの分別の意識が上がっている。,また,なぜなら,しかし,つまり,また,「また」は、前の内容（ないよう）に別の同じような内容を付け加（くわ）えるときに使います。<br>「なぜなら」は理由（りゆう）、「しかし」は反対（はんたい）の内容、「つまり」はまとめや言い換え（いいかえ）のときに使うので合いません。<br>標準レベル。本番で合否を分けやすいタイプの問題です。
JLPT_N2_LK_Gr_010,言語知識,文法,文の文法1,3,社長（ ______ ）、この重要な決定はできません。,抜きにしては,にとっての,にかけては,に沿っては,抜きにしては,「〜抜き（ぬき）にしては」は、「〜がいなければ／〜がなければ、〜できない」という意味（いみ）で使います。<br>「〜にとっての」「〜にかけては」「〜に沿（そ）っては」は文脈（ぶんみゃく）に合いません。<br>標準レベル。ここが安定して解けるとN2合格が見えてきます。
JLPT_N2_LK_Gr_011,言語知識,文法,文の文法2,3,どんなに ______ ______ __★__ ______ 諦めてはいけない。,大きな,困難が,あった,としても,あった,正（ただ）しい順番（じゅんばん）は「どんなに　大（おお）きな　困難（こんなん）が　あった　としても」です。<br>★の位置に入る言葉は「あった」です。<br>「困難（こんなん）が　あった」で「困難という出来事（できごと）が存在（そんざい）した」という意味（いみ）になり、その後（あと）に「としても（〜であっても）」が続（つづ）きます。<br>実際の試験でよく問われる標準レベルの問題です。
JLPT_N2_LK_Gr_012,言語知識,文法,文章の文法,3,新しい技術が開発された。（ ______ ）、すべての問題が解決したわけではない。,だからといって,そのため,それに加えて,要するに,だからといって,「だからといって」は、「〜という理由（りゆう）があっても、だからといって必ずしも後ろのようになるとは言えない」という意味で使います。<br>「そのため」「それに加えて」「要するに」は意味が合いません。<br>標準レベル。前後の文脈をていねいに読むのがコツです。
JLPT_N2_LK_Gr_013,言語知識,文法,文の文法1,3,彼は優秀な（ ______ ）、少し謙虚さに欠けるところがある。,反面,おかげで,ついでに,にあたって,反面,「〜反面（はんめん）」は、「〜という良い面があるが、反対に〜という悪い面もある」という意味（いみ）で使います。<br>「おかげで」「ついでに」「にあたって」は文脈（ぶんみゃく）に合いません。<br>標準レベル。本番で合否を分けやすいタイプの問題です。
JLPT_N2_LK_Gr_014,言語知識,文法,文の文法2,3,忙しい ______ ______ __★__ ______ 参加してくれて嬉しい。,にもかかわらず,わざわざ,遠くから,スケジュールの中,わざわざ,正（ただ）しい順番（じゅんばん）は「忙（いそが）しい　スケジュールの中（なか）　にもかかわらず　わざわざ　遠（とお）くから」です。<br>★の位置に入る言葉は「わざわざ」です。<br>「〜にもかかわらず」は「スケジュールの中」という状態（じょうたい）に直接（ちょくせつ）つきます。<br>「わざわざ」は「遠くから」の前（まえ）に置（お）いて、行動（こうどう）の様子（ようす）を表（あらわ）します。<br>標準レベル。ここが安定して解けるとN2合格が見えてきます。
JLPT_N2_LK_Gr_015,言語知識,文法,文章の文法,3,会場へのアクセスはバスが便利だ。（ ______ ）、休日は混雑するため電車を利用したほうがよい。,ただし,そのため,したがって,つまり,ただし,「ただし」は、前の内容（ないよう）に対して条件（じょうけん）や注意（ちゅうい）を付け加（くわ）えるときに使います。<br>「そのため」「したがって」「つまり」は理由やまとめに使われるため合いません。<br>実際の試験でよく問われる標準レベルの問題です。
JLPT_N2_LK_Gr_016,言語知識,文法,文の文法1,3,彼は日本語が上手な（ ______ ）、日本の習慣にも詳しい。,ばかりか,かぎり,にあたって,に際して,ばかりか,「〜ばかりか」は、「〜だけでなく、さらに…」という意味（いみ）で使います。<br>「かぎり」「にあたって」「に際（さい）して」は文脈（ぶんみゃく）に合いません。<br>標準レベル。前後の文脈をていねいに読むのがコツです。
JLPT_N2_LK_Gr_017,言語知識,文法,文の文法2,3,______ ______ __★__ ______ 、彼は計画を変えなかった。,困難が,立ちはだかろうと,目の前に,いくら,目の前に,正（ただ）しい順番（じゅんばん）は「いくら　困難（こんなん）が　目（め）の前（まえ）に　立（た）ちはだかろうと」です。<br>★の位置に入る言葉は「目（め）の前（まえ）に」です。<br>「立（た）ちはだかる」は、「目（め）の前（まえ）に」と一緒（いっしょ）に使（つか）うことが多（おお）い言葉です。<br>「いくら〜ても／〜ろうと」は、「どれだけ〜しても」という意味（いみ）を表（あらわ）します。<br>標準レベル。本番で合否を分けやすいタイプの問題です。
JLPT_N2_LK_Gr_018,言語知識,文法,文章の文法,3,新しい事業を始めるのは簡単ではない。（ ______ ）、入念な準備と計画が必要だ。,したがって,ただし,にもかかわらず,あるいは,したがって,「したがって」は、前に述べた理由（りゆう）から論理的（ろんりてき）な結果（けっか）を導くときに使います。<br>「ただし」「にもかかわらず」「あるいは」は意味（いみ）が合いません。<br>標準レベル。ここが安定して解けるとN2合格が見えてきます。
JLPT_N2_LK_Gr_019,言語知識,文法,文の文法1,3,天気が悪い（ ______ ）、試合は予定通り行われた。,にもかかわらず,にしたがって,にともなって,に応じて,にもかかわらず,「〜にもかかわらず」は、「〜なのに」という、予想（よそう）と違（ちが）う結果（けっか）を表（あらわ）す言葉です。<br>「にしたがって」は、変化（へんか）に合わせて起（お）こることを表すので、合いません。<br>「にともなって」は、一緒（いっしょ）に起こる変化を表すので、合いません。<br>「に応（おう）じて」は、状況（じょうきょう）に合わせることを表すので、合いません。<br>実際の試験でよく問われる標準レベルの問題です。
JLPT_N2_LK_Gr_020,言語知識,文法,文の文法2,3,彼は ______ ______ __★__ ______ 合格することができた。,努力の,甲斐があって,見事に,厳しい,甲斐があって,正しい順番（じゅんばん）は、「厳しい 努力の 甲斐があって 見事に」です。<br>選択肢の順番は「4:厳しい 1:努力の 2:甲斐があって 3:見事に」となるため、3番目の★は「甲斐があって」です。<br>「〜のかいがあって」は、「〜した甲斐（成果・効果）があって良い結果になった」という意味（いみ）を表（あらわ）します。<br>標準レベル。前後の文脈をていねいに読むのがコツです。
JLPT_N2_LK_Gr_021,言語知識,文法,文章の文法,3,インターネット通販は自宅にいながら買い物ができる。（ ______ ）、送料がかかる場合も多い。,しかし,したがって,つまり,たとえば,しかし,「しかし」は、前（まえ）の内容（ないよう）と反対（はんたい）の内容をつなぐときに使（つか）う言葉です。<br>「したがって」は、前の内容から導（みちび）かれる結果（けっか）を言うときに使うので、ここでは合いません。<br>「たとえば」は、具体例（ぐたいれい）を挙（あ）げるときに使うので、ここでは合いません。<br>「つまり」は、前の内容を短くまとめ直（なお）すときに使うので、ここでは合いません。<br>標準レベル。本番で合否を分けやすいタイプの問題です。
JLPT_N2_LK_Gr_022,言語知識,文法,文の文法1,3,彼は日本語の発音が綺麗な（ ______ ）、文法も正確だ。,のみならず,かぎり,にあたって,にともなって,のみならず,「〜のみならず」は、「〜だけでなく、さらに…」という意味（いみ）で使います。<br>「かぎり」「にあたって」「にともなって」は文脈（ぶんみゃく）に合いません。<br>標準レベル。ここが安定して解けるとN2合格が見えてきます。
JLPT_N2_LK_Gr_023,言語知識,文法,文の文法2,3,彼は ______ ______ __★__ ______ 諦めようとはしなかった。,困難に,直面した,どんな,にもかかわらず,直面した,正しい順番（じゅんばん）は、「どんな 困難に 直面した にもかかわらず」です。<br>選択肢の順番は「3:どんな 1:困難に 2:直面した 4:にもかかわらず」となるため、3番目の★は「直面した」です。<br>「〜にもかかわらず」は、「〜なのに」という意味（いみ）を表（あらわ）します。<br>実際の試験でよく問われる標準レベルの問題です。
JLPT_N2_LK_Gr_024,言語知識,文法,文章の文法,3,アプリは無料でダウンロードできる。（ ______ ）、一部の機能は有料になっている。,ただし,したがって,すなわち,たとえば,ただし,「ただし」は、前（まえ）の内容（ないよう）に条件（じょうけん）や例外（れいがい）を付（つ）け加（くわ）えるときに使（つか）う言葉です。<br>「したがって」は結果（けっか）を言うときに使うので、合いません。<br>「すなわち」は言（い）い換（か）えるときに使うので、合いません。<br>「たとえば」は例（れい）を挙（あ）げるときに使うので、合いません。<br>標準レベル。前後の文脈をていねいに読むのがコツです。
JLPT_N2_LK_Gr_025,言語知識,文法,文の文法1,3,彼は努力家である（ ______ ）、才能にも恵まれている。,ばかりか,にあたって,にともなって,に応じて,ばかりか,「〜ばかりか」は、「〜だけでなく、さらに…」という意味（いみ）で使います。<br>「にあたって」「にともなって」「に応（おう）じて」は文脈（ぶんみゃく）に合いません。<br>標準レベル。本番で合否を分けやすいタイプの問題です。
JLPT_N2_LK_Gr_026,言語知識,文法,文の文法2,3,彼は ______ ______ __★__ ______ 諦めずに走り切った。,足の,激しい,痛みに,耐えて,痛みに,正しい順番（じゅんばん）は、「足の 激しい 痛みに 耐えて」です。<br>選択肢の順番は「1:足の 2:激しい 3:痛みに 4:耐えて」となるため、3番目の★は「痛みに」です。<br>「〜に耐（た）えて」は、「つらいことに負（ま）けないで」という意味（いみ）を表（あらわ）します。<br>標準レベル。ここが安定して解けるとN2合格が見えてきます。
JLPT_N2_LK_Gr_027,言語知識,文法,文章の文法,3,スマートスピーカーは声だけで操作できて便利だ。（ ______ ）、聞き間違いが起きることもある。,しかし,したがって,つまり,たとえば,しかし,「しかし」は、前（まえ）の内容（ないよう）と反対（はんたい）の内容をつなぐときに使（つか）う言葉です。<br>「したがって」は、前の内容から導（みちび）かれる結果（けっか）を言うときに使うので、ここでは合いません。<br>「たとえば」は、具体例（ぐたいれい）を挙（あ）げるときに使うので、ここでは合いません。<br>「つまり」は、前の内容を短くまとめ直（なお）すときに使うので、ここでは合いません。<br>実際の試験でよく問われる標準レベルの問題です。
JLPT_N2_LK_Gr_028,言語知識,文法,文の文法1,3,彼は長年練習してきた（ ______ ）、本番でも落ち着いていた。,だけに,に反して,にあたって,に際して,だけに,「〜だけに」は、「〜という理由（りゆう）があるからこそ、それにふさわしく」という意味（いみ）です。<br>「に反（はん）して」は、予想（よそう）と反対（はんたい）のことを表すので、合いません。<br>「にあたって」は、何かを始める時に使う言葉なので、合いません。<br>「に際（さい）して」も、何かをする時に使う言葉なので、合いません。<br>標準レベル。前後の文脈をていねいに読むのがコツです。
JLPT_N2_LK_Gr_029,言語知識,文法,文の文法2,3,どんなに ______ ______ __★__ ______ 、彼は最後まで働き続けた。,つらい,あろうと,状況が,ことが,ことが,正（ただ）しい順番（じゅんばん）は「どんなに　状況（じょうきょう）が　つらい　ことが　あろうと」です。<br>★の位置に入る言葉は「ことが」です。<br>「〜ことがあろうと」は、「たとえ〜という場合（ばあい）があっても」という意味（いみ）を表（あらわ）す、少（すこ）し硬（かた）い言（い）い方（かた）です。<br>「あろう」は「ある」の意向形（いこうけい）で文（ぶん）の最後（さいご）にくるので、★の位置には入りません。<br>少し応用的（おうようてき）な文法（ぶんぽう）です。<br>標準レベル。本番で合否を分けやすいタイプの問題です。
JLPT_N2_LK_Gr_030,言語知識,文法,文章の文法,3,新しい勤怠管理システムを導入したことで、集計作業が楽になった。（ ______ ）、操作を覚えるまで時間がかかる社員もいる。,その一方で,したがって,要するに,たとえば,その一方で,「その一方（いっぽう）で」は、一（ひと）つの物事（ものごと）について、良（よ）い点（てん）と別（べつ）の面（めん）を並（なら）べて言（い）うときに使（つか）う言葉です。<br>「したがって」は、前（まえ）の内容（ないよう）から導（みちび）かれる結果（けっか）を言うときに使うので、ここでは合いません。<br>「たとえば」は、具体例（ぐたいれい）を挙（あ）げるときに使うので、ここでは合いません。<br>「要（よう）するに」は、前の内容を短くまとめ直（なお）すときに使うので、ここでは合いません。<br>標準レベル。ここが安定して解けるとN2合格が見えてきます。
JLPT_N2_LK_Gr_031,言語知識,文法,文の文法1,3,年上だ（ ______ ）、いつも正しいとは限らない。,からといって,ことになって,ついでに,にあたって,からといって,「〜からといって」は、「〜という理由（りゆう）があっても、それだけでは…とは言（い）えない」という意味（いみ）です。<br>「ことになって」は決定（けってい）を表（あらわ）す言葉なので、ここでは合いません。<br>「ついでに」は、何かのついでに別のことをする様子（ようす）を表す言葉なので、合いません。<br>「にあたって」は、何かを始める時（とき）に使う言葉なので、合いません。<br>実際の試験でよく問われる標準レベルの問題です。
JLPT_N2_LK_Gr_032,言語知識,文法,文の文法2,3,どんなに ______ ______ __★__ ______ 、彼は前へ進み続けた。,厳しい,状況が,立ちはだかろうと,目の前に,目の前に,正（ただ）しい順番（じゅんばん）は「どんなに　厳（きび）しい　状況（じょうきょう）が　目（め）の前（まえ）に　立（た）ちはだかろうと」です。<br>★の位置（いち）に入（はい）る言葉（ことば）は「目（め）の前（まえ）に」です。<br>「立（た）ちはだかる」は、道（みち）をふさぐように現（あらわ）れるという意味（いみ）で、いつも「目（め）の前（まえ）に」とセットで使（つか）います。<br>「〜ろうと」は動詞（どうし）の意向形（いこうけい）に「と」がついた形（かたち）で、文（ぶん）の最後（さいご）にくる言葉なので、★の位置には入りません。<br>標準レベル。前後の文脈をていねいに読むのがコツです。
JLPT_N2_LK_Gr_033,言語知識,文法,文章の文法,3,キャッシュレス決済は支払いが速くて便利だ。（ ______ ）、通信障害が起きると使えなくなるという弱点もある。,その一方で,したがって,つまり,たとえば,その一方で,「その一方（いっぽう）で」は、一（ひと）つの物事（ものごと）について、良（よ）い点（てん）と別（べつ）の面（めん）を並（なら）べて言（い）うときに使（つか）う言葉です。<br>「したがって」は、前（まえ）の内容（ないよう）から導（みちび）かれる結果（けっか）を言うときに使うので、ここでは合いません。<br>「たとえば」は、具体例（ぐたいれい）を挙（あ）げるときに使うので、ここでは合いません。<br>「つまり」は、前の内容を短くまとめ直（なお）すときに使うので、ここでは合いません。<br>標準レベル。本番で合否を分けやすいタイプの問題です。
JLPT_N2_LK_Gr_034,言語知識,文法,文の文法1,3,この店のパンは焼きたてで美味しい（ ______ ）、値段も手頃だ。,ばかりか,かぎり,にあたって,にともなって,ばかりか,「〜ばかりか」は、「〜だけでなく、それ以上（いじょう）に」という意味（いみ）を表（あらわ）す言葉（ことば）です。<br>「かぎり」は「〜の間（あいだ）はずっと」という条件（じょうけん）を表す言葉なので、ここでは合いません。<br>「にあたって」は、これから何（なに）かをする時（とき）に使う言葉なので、ここでは合いません。<br>「にともなって」は、一緒（いっしょ）に変化（へんか）することを表す言葉なので、ここでは合いません。<br>標準レベル。ここが安定して解けるとN2合格が見えてきます。
JLPT_N2_LK_Gr_035,言語知識,文法,文の文法2,3,______ ______ __★__ ______ 、彼女は挑戦をやめなかった。,困難が,立ちはだかろうと,目の前に,いくら,目の前に,正（ただ）しい順番（じゅんばん）は「いくら　困難（こんなん）が　目（め）の前（まえ）に　立（た）ちはだかろうと」です。<br>★の位置に入る言葉は「目（め）の前（まえ）に」です。<br>「立（た）ちはだかる」は、「目（め）の前（まえ）に」と一緒（いっしょ）に使（つか）うことが多（おお）い言葉です。<br>「いくら〜ても／〜ろうと」は、「どれだけ〜しても」という意味（いみ）を表（あらわ）します。<br>実際の試験でよく問われる標準レベルの問題です。
JLPT_N2_LK_Gr_036,言語知識,文法,文章の文法,3,自動翻訳アプリは海外旅行で役に立つ。（ ______ ）、微妙なニュアンスまでは伝えきれないこともある。,その一方で,したがって,つまり,たとえば,その一方で,「その一方（いっぽう）で」は、一（ひと）つの物事（ものごと）について、良（よ）い点（てん）と別（べつ）の面（めん）を並（なら）べて言（い）うときに使（つか）う言葉です。<br>「したがって」は、前（まえ）の内容（ないよう）から導（みちび）かれる結果（けっか）を言うときに使うので、ここでは合いません。<br>「たとえば」は、具体例（ぐたいれい）を挙（あ）げるときに使うので、ここでは合いません。<br>「つまり」は、前の内容を短くまとめ直（なお）すときに使うので、ここでは合いません。<br>標準レベル。前後の文脈をていねいに読むのがコツです。
JLPT_N2_LK_Gr_037,言語知識,文法,文の文法1,3,新しいアプリは使いやすい（ ______ ）、デザインも美しい。,ばかりか,かぎり,にあたって,にともなって,ばかりか,「〜ばかりか」は、「〜だけでなく、それ以上（いじょう）に」という意味（いみ）を表（あらわ）す言葉（ことば）です。<br>「かぎり」は「〜の間（あいだ）はずっと」という条件（じょうけん）を表す言葉なので、ここでは合いません。<br>「にあたって」は、これから何（なに）かをする時（とき）に使う言葉なので、ここでは合いません。<br>「にともなって」は、一緒（いっしょ）に変化（へんか）することを表す言葉なので、ここでは合いません。<br>標準レベル。本番で合否を分けやすいタイプの問題です。
JLPT_N2_LK_Gr_038,言語知識,文法,文の文法2,3,どんなに ______ ______ __★__ ______ 、私たちは最後まで戦うつもりだ。,厳しい,状況が,立ちはだかろうと,目の前に,目の前に,正（ただ）しい順番（じゅんばん）は「どんなに　厳（きび）しい　状況（じょうきょう）が　目（め）の前（まえ）に　立（た）ちはだかろうと」です。<br>★の位置（いち）に入（はい）る言葉（ことば）は「目（め）の前（まえ）に」です。<br>「立（た）ちはだかる」は、道（みち）をふさぐように現（あらわ）れるという意味（いみ）で、いつも「目（め）の前（まえ）に」とセットで使（つか）います。<br>「〜ろうと」は動詞（どうし）の意向形（いこうけい）に「と」がついた形（かたち）で、文（ぶん）の最後（さいご）にくる言葉なので、★の位置には入りません。<br>標準レベル。ここが安定して解けるとN2合格が見えてきます。
JLPT_N2_LK_Gr_039,言語知識,文法,文章の文法,3,サブスクリプションサービスは月々の費用を抑えられる。（ ______ ）、使わない月も料金がかかってしまう。,その一方で,したがって,つまり,たとえば,その一方で,「その一方（いっぽう）で」は、一（ひと）つの物事（ものごと）について、良（よ）い点（てん）と別（べつ）の面（めん）を並（なら）べて言（い）うときに使（つか）う言葉です。<br>「したがって」は、前（まえ）の内容（ないよう）から導（みちび）かれる結果（けっか）を言うときに使うので、ここでは合いません。<br>「たとえば」は、具体例（ぐたいれい）を挙（あ）げるときに使うので、ここでは合いません。<br>「つまり」は、前の内容を短くまとめ直（なお）すときに使うので、ここでは合いません。<br>実際の試験でよく問われる標準レベルの問題です。
JLPT_N2_LK_Gr_040,言語知識,文法,文の文法1,3,経験が浅い（ ______ ）、彼は難しい仕事を任された。,にもかかわらず,にしたがって,にともなって,に応じて,にもかかわらず,「〜にもかかわらず」は、「〜なのに」という、予想（よそう）と違（ちが）う結果（けっか）を表（あらわ）す言葉です。<br>「にしたがって」は、変化（へんか）に合わせて起（お）こることを表すので、合いません。<br>「にともなって」は、一緒（いっしょ）に起こる変化を表すので、合いません。<br>「に応（おう）じて」は、状況（じょうきょう）に合わせることを表すので、合いません。<br>標準レベル。前後の文脈をていねいに読むのがコツです。
JLPT_N2_LK_Gr_041,言語知識,文法,文の文法2,3,彼は ______ ______ __★__ ______ 合格を手にした。,数々の,困難を,乗り越えて,見事に,乗り越えて,正しい順番（じゅんばん）は、「数々の 困難を 乗り越えて 見事に」です。<br>選択肢の順番は「1:数々の 2:困難を 3:乗り越えて 4:見事に」となるため、3番目の★は「乗り越えて」です。<br>「〜を乗り越（こ）えて」は、「大変（たいへん）なことを克服（こくふく）して」という意味（いみ）を表（あらわ）します。<br>標準レベル。本番で合否を分けやすいタイプの問題です。
JLPT_N2_LK_Gr_042,言語知識,文法,文章の文法,3,リモート診療は病院に行かずに相談できる。（ ______ ）、直接の検査ができないという限界もある。,しかし,したがって,つまり,たとえば,しかし,「しかし」は、前（まえ）の内容（ないよう）と反対（はんたい）の内容をつなぐときに使（つか）う言葉です。<br>「したがって」は、前の内容から導（みちび）かれる結果（けっか）を言うときに使うので、ここでは合いません。<br>「たとえば」は、具体例（ぐたいれい）を挙（あ）げるときに使うので、ここでは合いません。<br>「つまり」は、前の内容を短くまとめ直（なお）すときに使うので、ここでは合いません。<br>標準レベル。ここが安定して解けるとN2合格が見えてきます。
JLPT_N2_LK_Gr_043,言語知識,文法,文の文法1,3,彼女は絵が上手な（ ______ ）、歌も得意だ。,ばかりか,かぎり,にあたって,にともなって,ばかりか,「〜ばかりか」は、「〜だけでなく、それ以上（いじょう）に」という意味（いみ）を表（あらわ）す言葉（ことば）です。<br>「かぎり」は「〜の間（あいだ）はずっと」という条件（じょうけん）を表す言葉なので、ここでは合いません。<br>「にあたって」は、これから何（なに）かをする時（とき）に使う言葉なので、ここでは合いません。<br>「にともなって」は、一緒（いっしょ）に変化（へんか）することを表す言葉なので、ここでは合いません。<br>実際の試験でよく問われる標準レベルの問題です。
JLPT_N2_LK_Gr_044,言語知識,文法,文の文法2,3,どんなに ______ ______ __★__ ______ 、彼女は決して逃げなかった。,厳しい,状況が,立ちはだかろうと,目の前に,目の前に,正（ただ）しい順番（じゅんばん）は「どんなに　厳（きび）しい　状況（じょうきょう）が　目（め）の前（まえ）に　立（た）ちはだかろうと」です。<br>★の位置（いち）に入（はい）る言葉（ことば）は「目（め）の前（まえ）に」です。<br>「立（た）ちはだかる」は、道（みち）をふさぐように現（あらわ）れるという意味（いみ）で、いつも「目（め）の前（まえ）に」とセットで使（つか）います。<br>「〜ろうと」は動詞（どうし）の意向形（いこうけい）に「と」がついた形（かたち）で、文（ぶん）の最後（さいご）にくる言葉なので、★の位置には入りません。<br>標準レベル。前後の文脈をていねいに読むのがコツです。
JLPT_N2_LK_Gr_045,言語知識,文法,文章の文法,3,電気自動車は走行中に排気ガスを出さない。（ ______ ）、充電できる場所がまだ少ないという課題もある。,その一方で,したがって,つまり,たとえば,その一方で,「その一方（いっぽう）で」は、一（ひと）つの物事（ものごと）について、良（よ）い点（てん）と別（べつ）の面（めん）を並（なら）べて言（い）うときに使（つか）う言葉です。<br>「したがって」は、前（まえ）の内容（ないよう）から導（みちび）かれる結果（けっか）を言うときに使うので、ここでは合いません。<br>「たとえば」は、具体例（ぐたいれい）を挙（あ）げるときに使うので、ここでは合いません。<br>「つまり」は、前の内容を短くまとめ直（なお）すときに使うので、ここでは合いません。<br>標準レベル。本番で合否を分けやすいタイプの問題です。
JLPT_N2_LK_Gr_046,言語知識,文法,文の文法1,3,このホテルは価格が高い（ ______ ）、サービスの質も高い。,だけに,に反して,にあたって,に際して,だけに,「〜だけに」は、「〜という理由（りゆう）があるからこそ、それにふさわしく」という意味（いみ）です。<br>「に反（はん）して」は、予想（よそう）と反対（はんたい）のことを表すので、合いません。<br>「にあたって」は、何かを始める時に使う言葉なので、合いません。<br>「に際（さい）して」も、何かをする時に使う言葉なので、合いません。<br>標準レベル。ここが安定して解けるとN2合格が見えてきます。
JLPT_N2_LK_Gr_047,言語知識,文法,文の文法2,3,どんなに ______ ______ __★__ ______ 、彼女は看護師の仕事を続けた。,つらい,あろうと,状況が,ことが,ことが,正（ただ）しい順番（じゅんばん）は「どんなに　状況（じょうきょう）が　つらい　ことが　あろうと」です。<br>★の位置に入る言葉は「ことが」です。<br>「〜ことがあろうと」は、「たとえ〜という場合（ばあい）があっても」という意味（いみ）を表（あらわ）す、少（すこ）し硬（かた）い言（い）い方（かた）です。<br>「あろう」は「ある」の意向形（いこうけい）で文（ぶん）の最後（さいご）にくるので、★の位置には入りません。<br>少し応用的（おうようてき）な文法（ぶんぽう）です。<br>実際の試験でよく問われる標準レベルの問題です。
JLPT_N2_LK_Gr_048,言語知識,文法,文章の文法,3,自動発注システムを導入したことで、在庫切れが減った。（ ______ ）、想定より多く注文してしまうこともある。,その一方で,したがって,要するに,たとえば,その一方で,「その一方（いっぽう）で」は、一（ひと）つの物事（ものごと）について、良（よ）い点（てん）と別（べつ）の面（めん）を並（なら）べて言（い）うときに使（つか）う言葉です。<br>「したがって」は、前（まえ）の内容（ないよう）から導（みちび）かれる結果（けっか）を言うときに使うので、ここでは合いません。<br>「たとえば」は、具体例（ぐたいれい）を挙（あ）げるときに使うので、ここでは合いません。<br>「要（よう）するに」は、前の内容を短くまとめ直（なお）すときに使うので、ここでは合いません。<br>標準レベル。前後の文脈をていねいに読むのがコツです。
JLPT_N2_LK_Gr_049,言語知識,文法,文の文法1,3,あの選手は足が速い（ ______ ）、視野も広い。,ばかりか,かぎり,にあたって,にともなって,ばかりか,「〜ばかりか」は、「〜だけでなく、それ以上（いじょう）に」という意味（いみ）を表（あらわ）す言葉（ことば）です。<br>「かぎり」は「〜の間（あいだ）はずっと」という条件（じょうけん）を表す言葉なので、ここでは合いません。<br>「にあたって」は、これから何（なに）かをする時（とき）に使う言葉なので、ここでは合いません。<br>「にともなって」は、一緒（いっしょ）に変化（へんか）することを表す言葉なので、ここでは合いません。<br>標準レベル。本番で合否を分けやすいタイプの問題です。
JLPT_N2_LK_Gr_050,言語知識,文法,文の文法2,3,どんなに ______ ______ __★__ ______ 、私たちは目標に向かって進んだ。,つらい,あろうと,状況が,ことが,ことが,正（ただ）しい順番（じゅんばん）は「どんなに　状況（じょうきょう）が　つらい　ことが　あろうと」です。<br>★の位置に入る言葉は「ことが」です。<br>「〜ことがあろうと」は、「たとえ〜という場合（ばあい）があっても」という意味（いみ）を表（あらわ）す、少（すこ）し硬（かた）い言（い）い方（かた）です。<br>「あろう」は「ある」の意向形（いこうけい）で文（ぶん）の最後（さいご）にくるので、★の位置には入りません。<br>少し応用的（おうようてき）な文法（ぶんぽう）です。<br>標準レベル。ここが安定して解けるとN2合格が見えてきます。
JLPT_N2_LK_Gr_051,言語知識,文法,文章の文法,3,通信販売は自宅で手軽に買えるため便利だ。（ ______ ）、商品が届くまで実物を確認できない点には注意が必要だ。,ただし,したがって,つまり,たとえば,ただし,「ただし」は、前の内容（ないよう）に対して条件（じょうけん）や注意（ちゅうい）を付け加（くわ）えるときに使います。<br>「したがって」「つまり」「たとえば」は文脈（ぶんみゃく）に合いません。<br>実際の試験でよく問われる標準レベルの問題です。
JLPT_N2_LK_Gr_052,言語知識,文法,文の文法1,3,この掃除機は静かな（ ______ ）、吸引力も強い。,ばかりか,かぎり,にあたって,にともなって,ばかりか,「〜ばかりか」は、「〜だけでなく、それ以上（いじょう）に」という意味（いみ）を表（あらわ）す言葉（ことば）です。<br>「かぎり」は「〜の間（あいだ）はずっと」という条件（じょうけん）を表す言葉なので、ここでは合いません。<br>「にあたって」は、これから何（なに）かをする時（とき）に使う言葉なので、ここでは合いません。<br>「にともなって」は、一緒（いっしょ）に変化（へんか）することを表す言葉なので、ここでは合いません。<br>標準レベル。前後の文脈をていねいに読むのがコツです。
JLPT_N2_LK_Gr_053,言語知識,文法,文の文法2,3,どんなに ______ ______ __★__ ______ 、チームは目標を諦めなかった。,厳しい,状況が,立ちはだかろうと,目の前に,目の前に,正（ただ）しい順番（じゅんばん）は「どんなに　厳（きび）しい　状況（じょうきょう）が　目（め）の前（まえ）に　立（た）ちはだかろうと」です。<br>★の位置（いち）に入（はい）る言葉（ことば）は「目（め）の前（まえ）に」です。<br>「立（た）ちはだかる」は、道（みち）をふさぐように現（あらわ）れるという意味（いみ）で、いつも「目（め）の前（まえ）に」とセットで使（つか）います。<br>「〜ろうと」は動詞（どうし）の意向形（いこうけい）に「と」がついた形（かたち）で、文（ぶん）の最後（さいご）にくる言葉なので、★の位置には入りません。<br>標準レベル。本番で合否を分けやすいタイプの問題です。
JLPT_N2_LK_Gr_054,言語知識,文法,文章の文法,3,フリーランスという働き方は時間を自由に使える。（ ______ ）、収入が安定しないという不安もある。,その一方で,したがって,つまり,たとえば,その一方で,「その一方（いっぽう）で」は、一（ひと）つの物事（ものごと）について、良（よ）い点（てん）と別（べつ）の面（めん）を並（なら）べて言（い）うときに使（つか）う言葉です。<br>「したがって」は、前（まえ）の内容（ないよう）から導（みちび）かれる結果（けっか）を言うときに使うので、ここでは合いません。<br>「たとえば」は、具体例（ぐたいれい）を挙（あ）げるときに使うので、ここでは合いません。<br>「つまり」は、前の内容を短くまとめ直（なお）すときに使うので、ここでは合いません。<br>標準レベル。ここが安定して解けるとN2合格が見えてきます。
JLPT_N2_LK_Gr_055,言語知識,文法,文の文法1,3,彼は料理が上手な（ ______ ）、盛り付けも丁寧だ。,ばかりか,かぎり,にあたって,にともなって,ばかりか,「〜ばかりか」は、「〜だけでなく、それ以上（いじょう）に」という意味（いみ）を表（あらわ）す言葉（ことば）です。<br>「かぎり」は「〜の間（あいだ）はずっと」という条件（じょうけん）を表す言葉なので、ここでは合いません。<br>「にあたって」は、これから何（なに）かをする時（とき）に使う言葉なので、ここでは合いません。<br>「にともなって」は、一緒（いっしょ）に変化（へんか）することを表す言葉なので、ここでは合いません。<br>実際の試験でよく問われる標準レベルの問題です。
JLPT_N2_LK_Gr_056,言語知識,文法,文の文法2,3,どんなに ______ ______ __★__ ______ 、研究者たちは実験を続けた。,厳しい,状況が,立ちはだかろうと,目の前に,目の前に,正（ただ）しい順番（じゅんばん）は「どんなに　厳（きび）しい　状況（じょうきょう）が　目（め）の前（まえ）に　立（た）ちはだかろうと」です。<br>★の位置（いち）に入（はい）る言葉（ことば）は「目（め）の前（まえ）に」です。<br>「立（た）ちはだかる」は、道（みち）をふさぐように現（あらわ）れるという意味（いみ）で、いつも「目（め）の前（まえ）に」とセットで使（つか）います。<br>「〜ろうと」は動詞（どうし）の意向形（いこうけい）に「と」がついた形（かたち）で、文（ぶん）の最後（さいご）にくる言葉なので、★の位置には入りません。<br>標準レベル。前後の文脈をていねいに読むのがコツです。
JLPT_N2_LK_Gr_057,言語知識,文法,文章の文法,3,SNSは離れた友人ともすぐに連絡が取れる。（ ______ ）、誤解が生まれやすいという面もある。,その一方で,したがって,つまり,たとえば,その一方で,「その一方（いっぽう）で」は、一（ひと）つの物事（ものごと）について、良（よ）い点（てん）と別（べつ）の面（めん）を並（なら）べて言（い）うときに使（つか）う言葉です。<br>「したがって」は、前（まえ）の内容（ないよう）から導（みちび）かれる結果（けっか）を言うときに使うので、ここでは合いません。<br>「たとえば」は、具体例（ぐたいれい）を挙（あ）げるときに使うので、ここでは合いません。<br>「つまり」は、前の内容を短くまとめ直（なお）すときに使うので、ここでは合いません。<br>標準レベル。本番で合否を分けやすいタイプの問題です。
JLPT_N2_LK_Gr_058,言語知識,文法,文の文法1,3,この地域は自然が豊かな（ ______ ）、交通も便利だ。,ばかりか,かぎり,にあたって,にともなって,ばかりか,「〜ばかりか」は、「〜だけでなく、それ以上（いじょう）に」という意味（いみ）を表（あらわ）す言葉（ことば）です。<br>「かぎり」は「〜の間（あいだ）はずっと」という条件（じょうけん）を表す言葉なので、ここでは合いません。<br>「にあたって」は、これから何（なに）かをする時（とき）に使う言葉なので、ここでは合いません。<br>「にともなって」は、一緒（いっしょ）に変化（へんか）することを表す言葉なので、ここでは合いません。<br>標準レベル。ここが安定して解けるとN2合格が見えてきます。
JLPT_N2_LK_Gr_059,言語知識,文法,文の文法2,3,______ ______ __★__ ______ 諦めるわけにはいかない。,困難が,立ちふさがろうと,目の前に,いくら,目の前に,正（ただ）しい順番（じゅんばん）は「いくら　困難（こんなん）が　目（め）の前（まえ）に　立（た）ちふさがろうと」です。<br>★の位置に入る言葉は「目（め）の前（まえ）に」です。<br>「立（た）ちふさがる」は、道（みち）をふさぐように現（あらわ）れるという意味（いみ）で、いつも「目（め）の前（まえ）に」とセットで使（つか）います。<br>実際の試験でよく問われる標準レベルの問題です。
JLPT_N2_LK_Gr_060,言語知識,文法,文章の文法,3,動画配信サービスは好きな時間に好きな作品を見られる。（ ______ ）、通信量がかさんでしまうこともある。,その一方で,したがって,つまり,たとえば,その一方で,「その一方（いっぽう）で」は、一（ひと）つの物事（ものごと）について、良（よ）い点（てん）と別（べつ）の面（めん）を並（なら）べて言（い）うときに使（つか）う言葉です。<br>「したがって」は、前（まえ）の内容（ないよう）から導（みちび）かれる結果（けっか）を言うときに使うので、ここでは合いません。<br>「たとえば」は、具体例（ぐたいれい）を挙（あ）げるときに使うので、ここでは合いません。<br>「つまり」は、前の内容を短くまとめ直（なお）すときに使うので、ここでは合いません。<br>標準レベル。前後の文脈をていねいに読むのがコツです。
JLPT_N2_LK_Gr_061,言語知識,文法,文の文法1,3,新しい社員は仕事が早い（ ______ ）、周りへの気配りもできる。,ばかりか,かぎり,にあたって,にともなって,ばかりか,「〜ばかりか」は、「〜だけでなく、それ以上（いじょう）に」という意味（いみ）を表（あらわ）す言葉（ことば）です。<br>「かぎり」は「〜の間（あいだ）はずっと」という条件（じょうけん）を表す言葉なので、ここでは合いません。<br>「にあたって」は、これから何（なに）かをする時（とき）に使う言葉なので、ここでは合いません。<br>「にともなって」は、一緒（いっしょ）に変化（へんか）することを表す言葉なので、ここでは合いません。<br>標準レベル。本番で合否を分けやすいタイプの問題です。
JLPT_N2_LK_Gr_062,言語知識,文法,文の文法2,3,いくら ______ ______ __★__ ______ 、住民たちは復興を目指した。,厳しい,状況が,立ちはだかろうと,目の前に,目の前に,正（ただ）しい順番（じゅんばん）は「いくら　厳（きび）しい　状況（じょうきょう）が　目（め）の前（まえ）に　立（た）ちはだかろうと」です。<br>★の位置（いち）に入（はい）る言葉（ことば）は「目（め）の前（まえ）に」です。<br>「立（た）ちはだかる」は、道（みち）をふさぐように現（あらわ）れるという意味（いみ）で、いつも「目（め）の前（まえ）に」とセットで使（つか）います。<br>「〜ろうと」は動詞（どうし）の意向形（いこうけい）に「と」がついた形（かたち）で、文（ぶん）の最後（さいご）にくる言葉なので、★の位置には入りません。<br>標準レベル。ここが安定して解けるとN2合格が見えてきます。
JLPT_N2_LK_Gr_063,言語知識,文法,文章の文法,3,セルフレジは会計を自分のペースで済ませられる。（ ______ ）、操作に戸惑う高齢者も少なくない。,その一方で,したがって,つまり,たとえば,その一方で,「その一方（いっぽう）で」は、一（ひと）つの物事（ものごと）について、良（よ）い点（てん）と別（べつ）の面（めん）を並（なら）べて言（い）うときに使（つか）う言葉です。<br>「したがって」は、前（まえ）の内容（ないよう）から導（みちび）かれる結果（けっか）を言うときに使うので、ここでは合いません。<br>「たとえば」は、具体例（ぐたいれい）を挙（あ）げるときに使うので、ここでは合いません。<br>「つまり」は、前の内容を短くまとめ直（なお）すときに使うので、ここでは合いません。<br>実際の試験でよく問われる標準レベルの問題です。
JLPT_N2_LK_Gr_064,言語知識,文法,文の文法1,3,その本は内容が面白い（ ______ ）、写真も美しい。,ばかりか,かぎり,にあたって,にともなって,ばかりか,「〜ばかりか」は、「〜だけでなく、それ以上（いじょう）に」という意味（いみ）を表（あらわ）す言葉（ことば）です。<br>「かぎり」は「〜の間（あいだ）はずっと」という条件（じょうけん）を表す言葉なので、ここでは合いません。<br>「にあたって」は、これから何（なに）かをする時（とき）に使う言葉なので、ここでは合いません。<br>「にともなって」は、一緒（いっしょ）に変化（へんか）することを表す言葉なので、ここでは合いません。<br>標準レベル。前後の文脈をていねいに読むのがコツです。
JLPT_N2_LK_Gr_065,言語知識,文法,文の文法2,3,どれほど ______ ______ __★__ ______ 、少年は夢を追い続けた。,厳しい,状況が,立ちはだかろうと,目の前に,目の前に,正（ただ）しい順番（じゅんばん）は「どれほど　厳（きび）しい　状況（じょうきょう）が　目（め）の前（まえ）に　立（た）ちはだかろうと」です。<br>★の位置（いち）に入（はい）る言葉（ことば）は「目（め）の前（まえ）に」です。<br>「立（た）ちはだかる」は、道（みち）をふさぐように現（あらわ）れるという意味（いみ）で、いつも「目（め）の前（まえ）に」とセットで使（つか）います。<br>「〜ろうと」は動詞（どうし）の意向形（いこうけい）に「と」がついた形（かたち）で、文（ぶん）の最後（さいご）にくる言葉なので、★の位置には入りません。<br>標準レベル。本番で合否を分けやすいタイプの問題です。
JLPT_N2_LK_Gr_066,言語知識,文法,文章の文法,3,在宅勤務は通勤の負担がない。（ ______ ）、同僚との雑談が減ってしまうという声もある。,その一方で,したがって,つまり,たとえば,その一方で,「その一方（いっぽう）で」は、一（ひと）つの物事（ものごと）について、良（よ）い点（てん）と別（べつ）の面（めん）を並（なら）べて言（い）うときに使（つか）う言葉です。<br>「したがって」は、前（まえ）の内容（ないよう）から導（みちび）かれる結果（けっか）を言うときに使うので、ここでは合いません。<br>「たとえば」は、具体例（ぐたいれい）を挙（あ）げるときに使うので、ここでは合いません。<br>「つまり」は、前の内容を短くまとめ直（なお）すときに使うので、ここでは合いません。<br>標準レベル。ここが安定して解けるとN2合格が見えてきます。
JLPT_N2_LK_Gr_067,言語知識,文法,文の文法1,3,この宿は景色がいい（ ______ ）、料理もおいしい。,ばかりか,かぎり,にあたって,にともなって,ばかりか,「〜ばかりか」は、「〜だけでなく、それ以上（いじょう）に」という意味（いみ）を表（あらわ）す言葉（ことば）です。<br>「かぎり」は「〜の間（あいだ）はずっと」という条件（じょうけん）を表す言葉なので、ここでは合いません。<br>「にあたって」は、これから何（なに）かをする時（とき）に使う言葉なので、ここでは合いません。<br>「にともなって」は、一緒（いっしょ）に変化（へんか）することを表す言葉なので、ここでは合いません。<br>実際の試験でよく問われる標準レベルの問題です。
JLPT_N2_LK_Gr_068,言語知識,文法,文の文法2,3,どんなに ______ ______ __★__ ______ 最後までやり遂げるつもりだ。,高い,壁が,立ちふさがろうと,目の前に,目の前に,正（ただ）しい順番（じゅんばん）は「どんなに　高（たか）い　壁（かべ）が　目（め）の前（まえ）に　立（た）ちふさがろうと」です。<br>★の位置に入る言葉は「目（め）の前（まえ）に」です。<br>「立（た）ちふさがる」は「目（め）の前（まえ）に」とセットで使（つか）う言葉なので、この二（ふた）つは必（かなら）ず隣（とな）り合（あ）います。<br>標準レベル。前後の文脈をていねいに読むのがコツです。
JLPT_N2_LK_Gr_069,言語知識,文法,文章の文法,3,AIによる自動採点はテストの結果をすぐに知ることができる。（ ______ ）、記述式の細かい評価はまだ苦手だ。,その一方で,したがって,つまり,たとえば,その一方で,「その一方（いっぽう）で」は、一（ひと）つの物事（ものごと）について、良（よ）い点（てん）と別（べつ）の面（めん）を並（なら）べて言（い）うときに使（つか）う言葉です。<br>「したがって」は、前（まえ）の内容（ないよう）から導（みちび）かれる結果（けっか）を言うときに使うので、ここでは合いません。<br>「たとえば」は、具体例（ぐたいれい）を挙（あ）げるときに使うので、ここでは合いません。<br>「つまり」は、前の内容を短くまとめ直（なお）すときに使うので、ここでは合いません。<br>標準レベル。本番で合否を分けやすいタイプの問題です。
JLPT_N2_LK_Gr_070,言語知識,文法,文の文法1,1,明日雨が（ ______ ）、試合は中止になります。,降りしたら,降ったら,降るとしたら,降りれば,降ったら,条件を表す基本的な表現として「〜たら」が適しています。<br>「降ったら（ふったら）」は「降った場合（ばあい）」という意味を表します。<br>まずここから。絶対に覚えたい基本の形です。
JLPT_N2_LK_Gr_071,言語知識,文法,文の文法1,2,出かける前に部屋を掃除（ ______ ）おいた。,して,あって,みて,くれて,して,事前の準備（じゅんび）を表す表現は「〜しておく」です。<br>「掃除しておく」の形にするため、「して」が適切です。<br>基本レベル。確実に得点したい一問です。
JLPT_N2_LK_Gr_072,言語知識,文法,文の文法1,4,彼ほど優秀な人材（ ______ ）、この難局を乗り越えるのは難しいだろう。,をもってしても,にあたっても,に際しても,をかわきりに,をもってしても,「〜をもってしても」は、「〜という優れた能力・能力を持つ人であっても（困難だ）」という意味を表します。<br>強い評価や評価対象に伴う限定・強調の表現です。<br>応用レベル。意外と難しい問題なので、間違えても気にしすぎないこと。
JLPT_N2_LK_Gr_073,言語知識,文法,文の文法1,5,事態がここまで悪化した（ ______ ）、もはや力ずくで解決するほかない。,となると,としたら,とすれば,とあっては,となると,「〜となると」は、「〜という事実・状況が確定した上は / そうなった段階では」という意味で、後ろに決定的な判断や対処を導きます。<br>発展レベル。N1にもつながる難問です。今は「こんな表現もある」と知っておけば十分。
JLPT_N2_LK_Gr_074,言語知識,文法,文の文法2,1,明日 ______ ______ __★__ ______ 早く寝ましょう。,ために,起きる,朝,早くに,起きる,正（ただ）しい順番（じゅんばん）は「明日（あした）　朝（あさ）　早（はや）くに　起（お）きる　ために」です。<br>★の位置に入る言葉は「起（お）きる」です。<br>「〜ために」の前（まえ）には動詞（どうし）の辞書形（じしょけい）が来（き）ます。<br>N2の基礎的（きそてき）な並べ替え問題です。<br>落とせない基礎レベル。確実に正解しておきましょう。
JLPT_N2_LK_Gr_075,言語知識,文法,文の文法2,2,この ______ ______ __★__ ______ 誰でも使えます。,操作が,取扱説明書は,簡単なので,理解しやすく,操作が,正（ただ）しい順番（じゅんばん）は「この　取扱説明書（とりあつかいせつめいしょ）は　理解（りかい）しやすく　操作（そうさ）が　簡単（かんたん）なので」です。<br>★の位置に入る言葉は「操作（そうさ）が」です。<br>「理解しやすく」は取扱説明書の様子（ようす）を表（あらわ）し、「操作が簡単なので」はその理由（りゆう）を表します。<br>基本の表現ですが、似た形と混同しやすいので要注意。
JLPT_N2_LK_Gr_076,言語知識,文法,文の文法2,4,プロの ______ ______ __★__ ______ 到底及ばない。,どんなに,努力したところで,足元にも,選手に,努力したところで,正（ただ）しい順番（じゅんばん）は「プロの　選手（せんしゅ）に　どんなに　努力（どりょく）したところで　足元（あしもと）にも」です。<br>★の位置に入る言葉は「努力（どりょく）したところで」です。<br>「〜たところで」は「いくら〜しても（無駄（むだ）だ）」という意味（いみ）です。<br>「足元（あしもと）にも及（およ）ばない」は「そのレベルに全（まった）く届（とど）かない」という意味の言葉です。<br>少し難しい応用的（おうようてき）な並べ替え問題です。<br>応用レベル。文脈を最後まで読まないと選びきれないタイプです。
JLPT_N2_LK_Gr_077,言語知識,文法,文の文法2,5,彼の ______ ______ __★__ ______ 認めざるを得ない。,卓越した,誰もが,手腕には,いかに感情的になろうとも,いかに感情的になろうとも,正（ただ）しい順番（じゅんばん）は「彼（かれ）の　卓越（たくえつ）した　手腕（しゅわん）には　いかに感情的（かんじょうてき）になろうとも　誰（だれ）もが」です。<br>★の位置に入る言葉は「いかに感情的（かんじょうてき）になろうとも」です。<br>「卓越（たくえつ）した手腕（しゅわん）には」で対象（たいしょう）を示（しめ）し、その後（あと）に条件（じょうけん）を表（あらわ）す部分（ぶぶん）が続（つづ）きます。<br>高得点（こうとくてん）を目指（めざ）す人（ひと）向けの発展的（はってんてき）な並べ替え問題です。<br>発展レベル。かなり難しいので、間違えても落ち込む必要はありません。
JLPT_N2_LK_Gr_078,言語知識,文法,文章の文法,2,毎日の運動は健康維持に非常に効果的だ。（ ______ ）、急激な運動は心臓に負担をかけることもある。,ただし,そのため,つまり,たとえば,ただし,前文の内容を補足しつつ、注意点や例外条件を述べる接続詞として「ただし」が適しています。<br>よく出る基本レベル。パターンで覚えてしまいましょう。
JLPT_N2_LK_Gr_079,言語知識,文法,文章の文法,4,近年、地球温暖化の影響で異常気象が多発している。（ ______ ）、世界各国で環境保護活動への関心が高まっている。,これに伴い,それどころか,にもかかわらず,とはいうものの,これに伴い,「これに伴（ともな）い」は、ある事態の変化に応じて別の変化や状況が生じることを表す接続表現です。<br>やや難しい応用レベル。ここまで解ければ上位層です。
JLPT_N2_LK_Gr_080,言語知識,文法,文の文法1,1,明日は日曜日（ ______ ）、学校は休みです。,だから,なぜなら,ただし,つまり,だから,「〜だから」は理由（りゆう）を表（あらわ）す基本（きほん）的な表現（ひょうげん）です。<br>「日曜日だから休み」となります。<br>「なぜなら」「ただし」「つまり」は文脈（ぶんみゃく）に合いません。<br>N2の基礎（きそ）的な文法問題（ぶんぽうもんだい）です。<br>N2の土台になる文法です。迷わず選べるようにしておきたいところ。
JLPT_N2_LK_Gr_081,言語知識,文法,文の文法1,2,この仕事は、途中で諦めては（ ______ ）。,いけない,いいです,かまいません,なさそうです,いけない,「〜てはいけない」は禁止（きんし）を表（あらわ）す文法（ぶんぽう）です。<br>「諦（あきら）めてはいけない」の形（かたち）になります。<br>「いいです」「かまいません」「なさそうです」は意味（いみ）が合いません。<br>N2の標準（ひょうじゅん）的な表現（ひょうげん）です。<br>基本レベル。意味の違いを一度整理しておくと安心です。
JLPT_N2_LK_Gr_082,言語知識,文法,文の文法1,4,どんなに困難な状況に（ ______ ）、あきらめずに挑戦し続けたい。,直面しようとも,直面するなり,直面する反面,直面するかたわら,直面しようとも,「〜ようとも」は「たとえ〜という条件（じょうけん）であっても」という意味（いみ）を表（あらわ）します。<br>「直面（ちょくめん）しようとも」が正解です。<br>「〜するなり」「〜反面（はんめん）」「〜かたわら」は文脈に合いません。<br>応用レベル。一度で正解できたら自信を持ってよい問題です。
JLPT_N2_LK_Gr_083,言語知識,文法,文の文法1,5,警察の必死の捜査（ ______ ）、犯人の足取りはいまだにつかめていない。,もむなしく,にあたって,をかわきりに,にいたっては,もむなしく,「〜もむなしく」は、「努力（どりょく）や苦労（くろう）をしたのに、期待（きたい）通（どおり）の結果（けっか）にならない」という意味（いみ）を表（あらわ）します。<br>「捜査（そうさ）もむなしく」が正解です。<br>発展レベル。硬い書き言葉で使われる表現です。読んで意味が分かれば合格ライン。
JLPT_N2_LK_Gr_084,言語知識,文法,文の文法2,1,忙しい ______ ______ __★__ ______ 運動するようにしています。,健康のために,合間を,縫って,日々の,縫って,正しい順番（じゅんばん）は「日々の 合間を 縫って 健康のために」です。<br>（選択肢: 1:健康のために 2:合間を 3:縫って 4:日々の）<br>並べ替えると「4 2 3 1」となり、3番目の★に入るのは「3:縫って」です。<br>「時間をあみだして行動する」意味の基本（きほん）的な並べ替え（ならべかえ）問題です。<br>基礎レベル。ここを固めておくと後がぐっと楽になります。
JLPT_N2_LK_Gr_085,言語知識,文法,文の文法2,2,この料理は ______ ______ __★__ ______ 誰でも簡単に作れる。,特別な,必要がなく,技術の,材料や,技術の,正しい順番（じゅんばん）は「特別な 材料や 技術の 必要がなく」です。<br>（選択肢: 1:特別な 2:必要がなく 3:技術の 4:材料や）<br>並べ替えると「1 4 3 2」となり、3番目の★に入るのは「3:技術の」です。<br>標準（ひょうじゅん）的な文（ぶん）の組み立て問題（もんだい）です。<br>基本レベル。確実に得点したい一問です。
JLPT_N2_LK_Gr_086,言語知識,文法,文の文法2,4,彼は ______ ______ __★__ ______ 頑張り続けている。,弱音を,どんなに,吐かずに,つらくても,弱音を,正（ただ）しい順番（じゅんばん）は「どんなに　つらくても　弱音（よわね）を　吐（は）かずに」です。<br>★の位置に入る言葉は「弱音（よわね）を」です。<br>「弱音（よわね）を吐（は）かずに」は「弱（よわ）い言葉（ことば）を言（い）わないで」という意味（いみ）のセットの表現（ひょうげん）です。<br>少し難しい応用的な並べ替え問題です。<br>応用レベル。意外と難しい問題なので、間違えても気にしすぎないこと。
JLPT_N2_LK_Gr_087,言語知識,文法,文の文法2,5,信頼を得るには ______ ______ __★__ ______ 誠実に対応することだ。,たとえ,時間が,かかろうとも,一つ一つの仕事に,かかろうとも,正しい順番（じゅんばん）は「たとえ 時間が かかろうとも 一つ一つの仕事に」です。<br>（選択肢: 1:たとえ 2:時間が 3:かかろうとも 4:一つ一つの仕事に）<br>並べ替えると「1 2 3 4」となり、3番目の★に入るのは「3:かかろうとも」です。<br>発展レベル。ここは差がつく一問。余裕があれば覚えておきましょう。
JLPT_N2_LK_Gr_088,言語知識,文法,文章の文法,2,最近はオンラインで買い物ができて便利になった。（ ______ ）、実物を見ずに購入することによるトラブルも増えている。,しかし,だから,なぜなら,たとえば,しかし,前文（ぜんぶん）と反対（はんたい）の内容（ないよう）をつなぐ接続詞（せつぞくし）は「しかし」です。<br>「だから」は理由（りゆう）、「なぜなら」は説明（せつめい）、「たとえば」は例（れい）を表（あらわ）すので合いません。<br>文章（ぶんしょう）の流れを理解する標準（ひょうじゅん）的な問題（もんだい）です。<br>基本の表現ですが、似た形と混同しやすいので要注意。
JLPT_N2_LK_Gr_089,言語知識,文法,文章の文法,4,新しい事業を始めるときは、リスクを十分に評価することが重要である。（ ______ ）、市場調査を徹底的に行う必要がある。,したがって,これに対して,にもかかわらず,とはいうものの,したがって,前文（ぜんぶん）の内容（ないよう）を受けて、当然（とうぜん）導かれる（みちびかれる）結論（けつろん）を述べる（のべる）接続詞（せつぞくし）は「したがって」です。<br>「これに対して」「にもかかわらず」「とはいうものの」は意味が合いません。<br>論理（ろんり）的な展開（てんかい）を読み解く応用（おうよう）問題（もんだい）です。<br>応用レベル。文脈を最後まで読まないと選びきれないタイプです。
JLPT_N2_LK_Gr_090,言語知識,文法,文の文法1,1,雨が ______ うちに、早く家に帰りましょう。,降らない,降らないで,降らなかった,降りそう,降らない,「〜ないうちに」は「〜の前に」という意味（いみ）を表します。<br>動詞（どうし）の「ない形（がた）」に接続（せつぞく）します。<br>「降らないで」「降らなかった」は接続（せつぞく）が間違いです。<br>N2の基礎（きそ）的な文法（ぶんぽう）表現です。<br>まずここから。絶対に覚えたい基本の形です。
JLPT_N2_LK_Gr_091,言語知識,文法,文の文法1,2,彼は忙しい ______、私の手伝いをしてくれた。,にもかかわらず,に沿って,に応じて,に比べて,にもかかわらず,「〜にもかかわらず」は「〜なのに」と予想（よそう）と違う（ちがう）結果（けっか）になることを表します。<br>「忙しい（いそがしい）」という状態（じょうたい）なのに助けてくれた、という意味（いみ）になります。<br>「に沿って（にそって）」は基準（きじゅん）に合わせる、「に応じて（におうじて）」は変化（へんか）に合わせる、「に比べて（にくらべて）」は比較（ひかく）を表すので不適切（ふてきてき）です。<br>よく出る基本レベル。パターンで覚えてしまいましょう。
JLPT_N2_LK_Gr_092,言語知識,文法,文の文法1,4,プロの選手ともなれば、どのような状況でも冷静な判断を下さずには ______。,いられない,おかない,すまない,つかない,いられない,「〜ずにはいられない」は「我慢（がまん）できずに、どうしても〜してしまう」という意味（いみ）を表します。<br>「〜ずにはおかない」は自然と〜させる、「〜ずにはすまない」は義務（ぎむ）や社会的（しゃかいてき）なルールで〜しなければならない、という意味（いみ）なので文脈（ぶんみゃく）に合いません。<br>やや難しい応用レベル。ここまで解ければ上位層です。
JLPT_N2_LK_Gr_093,言語知識,文法,文の文法1,5,どんなに困難な目標であっても、一度決めたからには途中で諦める ______。,まじきことだ,わけにはいかない,っこない,かねない,わけにはいかない,「〜わけにはいかない」は「立場（たちば）や社会（しゃかい）通念（つうねん）から考えて、〜することはできない」という意味（いみ）を表します。<br>「〜まじき」は名詞（めいし）につく形（かたち）で接続（せつぞく）が合いません。<br>「〜っこない」は絶対（ぜったい）に不可能（ふかのう）、「〜かねない」は〜する危険（きけん）があるという意味（いみ）です。<br>発展レベル。N1にもつながる難問です。今は「こんな表現もある」と知っておけば十分。
JLPT_N2_LK_Gr_094,言語知識,文法,文の文法2,1,先生の ______ ______ __★__ ______ ことができました。,おかげで,合格する,アドバイスの,試験に,試験に,正しい順番（じゅんばん）は「アドバイスの → おかげで → 試験に → 合格する」となります。<br>「〜のおかげで」は感謝（かんしゃ）の理由（りゆう）を表します。<br>3番目の★に入る言葉は「試験に（しけんに）」です。<br>文脈（ぶんみゃく）を考える基礎（きそ）的な文法（ぶんぽう）並べ替え問題です。<br>落とせない基礎レベル。確実に正解しておきましょう。
JLPT_N2_LK_Gr_095,言語知識,文法,文の文法2,2,この本は ______ ______ __★__ ______ 価値がある。,難しくても,時間をかけて,多少,読むだけの,時間をかけて,正しい順番（じゅんばん）は「多少 → 難しくても → 時間をかけて → 読むだけの」です。<br>「〜だけの価値（かち）がある」で「〜する甲斐（かい）がある」という意味（いみ）を作ります。<br>3番目の★に入る言葉は「時間をかけて」になります。<br>標準（ひょうじゅん）的な文の構成（こうせい）力を試す問題です。<br>基本レベル。意味の違いを一度整理しておくと安心です。
JLPT_N2_LK_Gr_096,言語知識,文法,文の文法2,4,この事故は ______ ______ __★__ ______ 防げたはずだ。,注意を,払って,少しでも,いさえすれば,払って,正しい順番（じゅんばん）は「少しでも → 注意を → 払って → いさえすれば」となります。<br>「〜ば〜たのに」という仮定（かてい）と「〜さえ〜ば」の文法（ぶんぽう）が組み合わさっています。<br>3番目の★に入る言葉は「払って（はらって）」です。<br>応用レベル。一度で正解できたら自信を持ってよい問題です。
JLPT_N2_LK_Gr_097,言語知識,文法,文章の文法,2,近年、電子書籍を利用する人が増えている。紙の本には手触りやめくる楽しさがある。（ ______ ）、持ち運びの便利さや場所をとらない点では電子書籍が勝っている。,しかし,だから,例えば,つまり,しかし,前の文では「紙の本の良さ」を述べ、後ろの文では対比（たいひ）して「電子書籍（でんししょせき）の良さ」を述べています。<br>反対の内容（ないよう）をつなぐ接続詞（せつぞくし）である「しかし」が適切です。<br>「だから」は結果（けっか）、「例えば」は具体例（ぐたいれい）、「つまり」は言い換え（いいかえ）なので不適切（ふてきてき）です。<br>文章の文脈（ぶんみゃく）を読み解く標準（ひょうじゅん）的な問題です。<br>基本レベル。確実に得点したい一問です。
JLPT_N2_LK_Gr_098,言語知識,文法,文の文法1,5,企業のトップたる者、目先の利益だけに ______、常に10年先の将来を見据えるべきだ。,とらわれることなく,とらわれることなしに,とらわれまいとして,とらわれがちで,とらわれることなく,「〜ことなく」は「〜しないで」という意味（いみ）を表します。<br>「〜ことなしに」は「〜がなければ（〜できない）」という条件（じょうけん）で使うことが多く、文末（ぶんまつ）の「〜すべきだ」と自然（しぜん）につながるのは「〜ことなく」です。<br>「〜まいとして」は意図（いと）、「〜がちで」は傾向（けいこう）を表します。<br>発展レベル。かなり難しいので、間違えても落ち込む必要はありません。
JLPT_N2_LK_Gr_099,言語知識,文法,文章の文法,4,AI技術の進化により、私たちの生活は非常に便利になった。業務の自動化が進み、作業時間も大幅に短縮されている。（ ______ ）、AIに依存しすぎることによる人間の思考力の低下を懸念する声も上がっている。,その一方で,その結果,というのも,それどころか,その一方で,前半でメリットを挙げ、後半でデメリット（思考力低下の懸念）を挙げています。<br>二つの側面（そくめん）を対比（たいひ）させる「その一方で（そのいっぽうで）」が最も適しています。<br>「その結果（けっか）」は因果（いんが）関係（かんけい）、「というのも」は理由（りゆう）の説明、「それどころか」は程度の強調なので文脈に合いません。<br>応用レベル。意外と難しい問題なので、間違えても気にしすぎないこと。
JLPT_N2_LK_Gr_100,言語知識,文法,文の文法1,3,新しい事業を ______ 、専門家の意見を聞くことにした。,始めるに際して,始める反面,始めるどころか,始めたものの,始めるに際して,「〜に際（さい）して」は、「〜をする時に」「〜の機会（きかい）に」という意味（いみ）を表（あらわ）す言葉（ことば）です。<br>「始める反面（はんめん）」は反対（はんたい）のことを言う時に使います。<br>「始めるどころか」は強い否定（ひてい）の時に使います。<br>「始めたものの」は「〜したが」という意味です。<br>標準レベル。ここが安定して解けるとN2合格が見えてきます。
JLPT_N2_LK_Gr_101,言語知識,文法,文の文法1,3,日本の歴史 ______ 、彼の右に出る者はいない。,にかける,に沿って,に応じて,に比べて,にかける,「〜にかけては」は、「その分野（ぶんや）や技術（ぎじゅつ）について言えば（一番上手（いちばんじょうず）だ）」という意味（いみ）を表（あらわ）す言葉（ことば）です。<br>「〜に沿（そ）って」はルールや順番（じゅんばん）に合わせる時に使います。<br>「〜に応（おう）じて」は変化（へんか）に合わせて変える時に使います。<br>「〜に比べ（くら）て」は2つのものを比較（ひかく）する時に使います。<br>実際の試験でよく問われる標準レベルの問題です。
JLPT_N2_LK_Gr_102,言語知識,文法,文の文法1,3,どんなに忙しくても、約束を破る ______ 。,わけにはいかない,わけがない,ほかはない,に決まっている,わけにはいかない,「〜わけにはいかない」は、社会通念（しゃかいつうねん）や立場（たちば）から考えて「〜することができない」という意味（いみ）を表（あらわ）します。<br>「〜わけがない」は「絶対に〜ない」という強い否定（ひてい）の推測（すいそく）です。<br>「〜ほかはない」は「それしか方法（ほうほう）がない」という意味です。<br>「〜に決（き）まっている」は絶対（ぜったい）にそうだと確信（かくしん）する時に使います。<br>標準レベル。前後の文脈をていねいに読むのがコツです。
JLPT_N2_LK_Gr_103,言語知識,文法,文の文法1,3,彼は1年間の留学 ______ 、多様な文化や考え方を学んだ。,を通して,をこめて,をきっかけに,をめぐって,を通して,「〜を通（とお）して」は、期間（きかん）全体（ぜんたい）や手段（しゅだん）を表（あらわ）し、「〜の間に」「〜を媒介（ばいかい）にして」という意味（いみ）になります。<br>「〜をこめて」は気持ちを入れる時に使います。<br>「〜をきっかけに」は始まりの理由（りゆう）を表します。<br>「〜をめぐって」は話題（わだい）や争い（あらそい）のテーマを表します。<br>標準レベル。本番で合否を分けやすいタイプの問題です。
JLPT_N2_LK_Gr_104,言語知識,文法,文の文法1,3,チームの代表に選ばれた ______ 、全力で大会に挑みたい。,からには,からといって,と言っても,としたら,からには,「〜からには」は、「〜という事実（じじつ）があるのだから、当然（とうぜん）〜する」という強い決意（けつい）や義務（ぎむ）を表（あらわ）します。<br>「〜からといって」は理由（りゆう）を否定（ひてい）する時に使います。<br>「〜と言（い）っても」は事実と違う印象（いんしょう）を補足（ほそく）する時に使います。<br>「〜としたら」は仮定（かてい）の話をする時に使います。<br>標準レベル。ここが安定して解けるとN2合格が見えてきます。
JLPT_N2_LK_Gr_105,言語知識,文法,文の文法2,3,新しい開発計画 ______  ______  __★__  ______ 行われている。,をめぐって,住民と,自治体の間で,激しい議論が,自治体の間で,正しい文章（ぶんしょう）は「新しい開発計画をめぐって住民と自治体の間で激しい議論が行われている。」となります。<br>3番目（★）に入る言葉（ことば）は「自治体の間で」です。<br>「〜をめぐって」は、あるテーマについて意見（いけん）や議論（ぎろん）が対立（たいりつ）する時に使います。<br>実際の試験でよく問われる標準レベルの問題です。
JLPT_N2_LK_Gr_106,言語知識,文法,文の文法2,3,厳しい練習に耐えて彼が優勝できたのは、 ______  ______  __★__  ______ ほかならない。,日々の,たゆまぬ,努力の,結果に,努力の,正しい文章（ぶんしょう）は「厳しい練習に耐えて彼が優勝できたのは、日々のたゆまぬ努力の結果にほかならない。」となります。<br>3番目（★）に入る言葉（ことば）は「努力の」です。<br>「〜にほかならない」は「まさに〜だ」「〜以外（いがい）の何（なに）ものでもない」という強い確信（かくしん）を表（あらわ）す言葉です。<br>標準レベル。前後の文脈をていねいに読むのがコツです。
JLPT_N2_LK_Gr_107,言語知識,文法,文の文法2,3,今回の事故の本当の原因については、 ______  ______  __★__  ______ 確かめようがない。,詳しい,調査を,してみないことには,何も,してみないことには,正しい文章（ぶんしょう）は「今回の事故の本当の原因については、詳しい調査をしてみないことには何も確かめようがない。」となります。<br>3番目（★）に入る言葉（ことば）は「してみないことには」です。<br>「〜ないことには」は「まず〜しなければ、後のことができない」という意味（いみ）を表（あらわ）します。<br>標準レベル。本番で合否を分けやすいタイプの問題です。
JLPT_N2_LK_Gr_108,言語知識,文法,文章の文法,3,最近はインターネットで買い物をすることが当たり前になってきた。 ______ 、実際に店に行って商品を手にとって選ぶ楽しさも捨てがたい。,しかし,そのため,したがって,ただし,しかし,前の文では「ネットショッピングが普通（ふつう）になった」と言い、後の文では「店で選ぶ楽しさもある」と反対（はんたい）や対比（たいひ）の内容（ないよう）を述（の）べています。そのため、逆接（ぎゃくせつ）を表（あらわ）す「しかし」が最も適切（てきせつ）です。<br>「そのため」や「したがって」は理由（りゆう）と結果（けっか）をつなぐ時に使います。<br>「ただし」は条件（じょうけん）や補足（ほそく）をつける時に使います。<br>標準レベル。ここが安定して解けるとN2合格が見えてきます。
JLPT_N2_LK_Gr_109,言語知識,文法,文章の文法,3,現代社会では、AIの技術が急速に進化している。これからの時代を生きる私たちには、新しい技術を上手に活用する能力が ______ 。,求められている,求めさせられている,求めかねない,求めるにちがいない,求められている,「能力（のうりょく）」が「社会や時代から必要（ひつよう）とされている」という意味（いみ）になるため、受身（うけみ）の「求められている」が正しいです。<br>「求めさせられている」は使役受身（しえきうけみ）で不自然です。<br>「〜かねない」は悪い結果の可能性（かのうせい）を表します。<br>「求めるにちがいない」は主語（しゅご）が人でなければ成立（せいりつ）しません。<br>実際の試験でよく問われる標準レベルの問題です。
JLPT_N2_LK_Gr_110,言語知識,文法,文の文法1,2,専門家の意見 ______ 、慎重に検討を重ねた上で最終決定を下した。,を踏まえて,を皮切りに,に限って,を問わず,を踏まえて,「〜を踏（ふ）まえて」は、「〜を背景・意見・事実として踏まえ、考慮に入れて」という意味を表す文法表現です。<br>専門家の意見を参考にして検討したという文脈に適しています。<br><br>・「を踏まえて」：考慮に入れることを表すため正解です。<br>・「を皮切りに」：「〜を出発点として次々に」という意味なので合いません。<br>・「に限って」：「〜のときに限って」という意味なので合いません。<br>・「を問わず」：「条件に関係なく」という意味なので合いません。<br>基本の表現ですが、似た形と混同しやすいので要注意。
JLPT_N2_LK_Gr_111,言語知識,文法,文の文法1,4,激しい雨と風のため、屋外でのイベントは中止せざるを得 ______ 。,なかった,なくなった,まい,ないだろう,なかった,「〜ざるを得（え）ない」は、「理由や状況から判断して、不本意だがどうしても〜しなければならない」という意味を表す表現です。<br>過去の確定した状況を表すため「〜ざるを得なかった」となります。<br><br>・「なかった」：「〜ざるを得なかった（中止せざるを得なかった）」となるため正解です。<br>・「なくなった」：「〜しなくてもよくなった」という意味になり文脈に合いません。<br>・「まい」「ないだろう」：推量になり過去の確定事実を表せません。<br>応用レベル。文脈を最後まで読まないと選びきれないタイプです。
JLPT_N2_LK_Gr_112,言語知識,文法,文の文法1,1,明日は朝早く出発する ______ 、今夜は早く寝ることにします。,ので,のに,といえば,たびに,ので,「〜ので」は、判断や行動の原因・理由を表す基本的な文法です。<br><br>・「ので」：早く寝る理由を表すので正解です。<br>・「のに」：逆接を表すため合いません。<br>・「といえば」：話題の提示なので合いません。<br>・「たびに」：機会の繰り返しを表すので合いません。<br>N2の土台になる文法です。迷わず選べるようにしておきたいところ。
JLPT_N2_LK_Gr_113,言語知識,文法,文の文法1,5,今さら謝罪した ______ 、失った信用を取り戻すことは到底できない。,ところで,ものの,からには,にあたって,ところで,「〜ところで」は、「たとえ〜という動作や行いをしたとしても、期待する結果は得られない」という逆接仮定の強い表現です。難易度の高い問題です。<br><br>・「ところで」：「たとえ今さら謝罪したところで（＝取り戻せない）」という不可能な結果を導くため正解です。<br>・「ものの」：確定逆接（「〜だけれども」）なので「今さら〜したところで」の文脈に合いません。<br>・「からには」：「〜だから当然」という意味なので合いません。<br>・「にあたって」：機会を表すので合いません。<br>発展レベル。硬い書き言葉で使われる表現です。読んで意味が分かれば合格ライン。
JLPT_N2_LK_Gr_114,言語知識,文法,文の文法1,3,長年にわたる技術開発の試行錯誤 ______ 、ついに新製品が完成した。,の末に,のあまり,のついでに,のかわりに,の末に,「〜の末（すえ）に」は、「長い時間や苦労の後に、最終的に〜という結果になった」という意味を表すN2の重要文法です。<br><br>・「の末に」：苦労や試行錯誤の末の結果を表すため正解です。<br>・「のあまり」：感情の高ぶりによる結果を表すので合いません。<br>・「のついでに」：主目的のついでに行うことなので合いません。<br>・「のかわりに」：代替えを表すので合いません。<br>標準レベル。前後の文脈をていねいに読むのがコツです。
JLPT_N2_LK_Gr_115,言語知識,文法,文の文法2,3,彼の発言は ______ ______ __★__ ______ 大きな反響を呼んだ。,周囲の,予想を,はるかに超えるものであり,多くの人々に,はるかに超えるものであり,修飾構造と接続の並べ替え問題です。<br>文を正しく組み立てると、「彼の発言は周囲の予想をはるかに超えるものであり多くの人々に大きな反響を呼んだ。」となります。<br><br>【正しい順番】<br>1. 周囲の<br>2. 予想を<br>3. ★ はるかに超えるものであり<br>4. 多くの人々に<br><br>したがって、★の位置に入る語句は「はるかに超えるものであり」となります。<br>標準レベル。本番で合否を分けやすいタイプの問題です。
JLPT_N2_LK_Gr_116,言語知識,文法,文の文法2,1,彼女は ______ ______ __★__ ______ 挨拶をした。,いつも通り,笑顔で,明るく,みんなに,明るく,基礎的な修飾関係の並べ替え問題です。<br>文を正しく組み立てると、「彼女はいつも通り笑顔で明るくみんなに挨拶をした。」となります。<br><br>【正しい順番】<br>1. いつも通り<br>2. 笑顔で<br>3. ★ 明るく<br>4. みんなに<br><br>したがって、★の位置に入る語句は「明るく」となります。<br>基礎レベル。ここを固めておくと後がぐっと楽になります。
JLPT_N2_LK_Gr_117,言語知識,文法,文の文法2,5,今回のプロジェクトの成功は ______ ______ __★__ ______ 達成し得なかったものだ。,チーム全員の,献身的な,協力なくしては,到底,協力なくしては,「〜なくしては（〜できない）」という高度な条件・不可能の文法を含む並べ替え問題です。<br>文を正しく組み立てると、「今回のプロジェクトの成功はチーム全員の献身的な協力なくしては到底達成し得なかったものだ。」となります。難度の高い問題です。<br><br>【正しい順番】<br>1. チーム全員の<br>2. 献身的な<br>3. ★ 協力なくしては<br>4. 到底<br><br>したがって、★の位置に入る語句は「協力なくしては」となります。<br>発展レベル。ここは差がつく一問。余裕があれば覚えておきましょう。
JLPT_N2_LK_Gr_118,言語知識,文法,文章の文法,4,近年、人工知能（AI）技術の進化により、自動翻訳や文章作成の精度が飛躍的に向上している。言語の壁を越えたコミュニケーションが容易になり、国際的な業務や学習のハードルが大きく下がったとされる。 [ 1 ] 、AIによる自動生成テキストの増加に伴い、情報の真偽を見極めるファクトチェックや著作権保護といった倫理的・法律的な課題が顕著になっている。技術の利便性を享受する一方で、過度な依存が人間自身の思考力や批判的精神を低下させるリスクについても慎重に議論していく必要があるだろう。<br><br>問： [ 1 ] に入る最も適切なものはどれか。,その一方で,その結果,したがって,なぜなら,その一方で,「その一方で」は、AIの精度向上と利便性（メリット）に対して、対比的に倫理的・法律的な課題（リスクやデメリット）を提示する接続表現です。<br><br>・「その一方で」：プラス面に対するマイナス・課題面を対比させているため正解です。<br>・「その結果」：利便性向上の直接的結果として課題が発生したわけではないため不自然です。<br>・「したがって」：結論を導く言葉なので合いません。<br>・「なぜなら」：理由説明ではないため合いません。<br>やや難しい応用レベル。ここまで解ければ上位層です。
JLPT_N2_LK_Gr_119,言語知識,文法,文章の文法,2,近年、人工知能（AI）技術の進化により、自動翻訳や文章作成の精度が飛躍的に向上している。言語の壁を越えたコミュニケーションが容易になり、国際的な業務や学習のハードルが大きく下がったとされる。その一方で、AIによる自動生成テキストの増加に伴い、情報の真偽を見極めるファクトチェックや著作権保護といった倫理的・法律的な課題が顕著になっている。技術の利便性を享受する一方で、過度な依存が人間自身の思考力や批判的精神を低下させるリスクについても慎重に議論していく必要がある [ 2 ] 。<br><br>問： [ 2 ] に入る最も適切なものはどれか。,のではないだろうか,わけがない,にすぎない,はずがない,のではないだろうか,「〜のではないだろうか」は、筆者の意見や問題提起をやわらかく読者に提示する定番の文末表現です。<br><br>・「のではないだろうか」：筆者の考え・提起を自然に提示しているため正解です。<br>・「わけがない」：強い否定になり文脈に合いません。<br>・「にすぎない」：評価を限定する表現なので合いません。<br>・「はずがない」：強い否定になり合いません。<br>よく出る基本レベル。パターンで覚えてしまいましょう。
JLPT_N2_LK_Gr_120,言語知識,文法,文の文法1,2,過去の反省点 ______ 、新たな運用ルールが作成された。,を踏まえて,を巡って,に伴って,を限りに,を踏まえて,「〜を踏（ふ）まえて」は、「〜を前提・判断の根拠として考えて」という意味を表すN2の重要文法です。<br>過去の反省点を考慮・根拠にしてルールを作ったという文脈に適しています。<br><br>・「を踏まえて」：判断の根拠とすることを表すので正解です。<br>・「を巡って」：「〜を議論のテーマにして」という意味なので合いません。<br>・「に伴って」：「〜と一緒に変化する」という意味なので合いません。<br>・「を限りに」：「〜を最後に」という意味なので合いません。<br>基本レベル。意味の違いを一度整理しておくと安心です。
JLPT_N2_LK_Gr_121,言語知識,文法,文の文法1,4,十分な検証を行わないままシステムの導入を強行すれば、重大な障害を引き起こし ______ 。,かねない,かねる,得ない,得る,かねない,「〜かねない」は、「〜という悪い結果を引き起こす可能性がある」という意味を表すN2の重要文法です。<br><br>・「かねない」：悪い結果（障害発生）の可能性を表すため正解です。<br>・「かねる」：「立場上〜できない」という意味なので合いません。<br>・「得ない」：「可能性がない」という意味なので逆になります。<br>・「得る」：「〜できる／可能性がある」という意味ですが文脈・接続として不自然です。<br>応用レベル。一度で正解できたら自信を持ってよい問題です。
JLPT_N2_LK_Gr_122,言語知識,文法,文の文法1,1,友人が手伝ってくれた ______ 、予定より早く引っ越しが終わった。,おかげで,せいで,ついでに,かわりに,おかげで,「〜おかげで」は、良い結果をもたらした原因・理由を表す基本的な文法です。<br><br>・「おかげで」：手伝ってくれたことが良い結果に繋がったことを表すので正解です。<br>・「せいで」：悪い結果に対して使うため不適切です。<br>・「ついでに」：主目的に付随して別のことをする意味なので合いません。<br>・「かわりに」：代替え・見返りを表すので合いません。<br>まずここから。絶対に覚えたい基本の形です。
JLPT_N2_LK_Gr_123,言語知識,文法,文の文法1,5,彼女は自身の夢を実現させ ______ 、昼夜を問わず研究に没頭した。,んがため,まじく,てからというもの,のみならず,んがため,「〜んがため（に）」は、「〜という強い目的を持って」という意味を表す硬い表現の文法です（動詞の未然形＋んがため）。難易度の高い問題です。<br><br>・「んがため」：強い目的意識（実現させるため）を表すため正解です。<br>・「まじく」：否定の義務・当然（〜すべきでない）なので合いません。<br>・「てからというもの」：「〜して以来ずっと」という意味なので合いません。<br>・「のみならず」：「〜だけでなく」という意味なので合いません。<br>発展レベル。N1にもつながる難問です。今は「こんな表現もある」と知っておけば十分。
JLPT_N2_LK_Gr_124,言語知識,文法,文の文法1,3,新商品のネーミング ______ 、社内で活発な議論が交わされた。,を巡って,を通して,をはじめ,に応じた,を巡って,「〜を巡（めぐ）って」は、「〜を議論・対立などの中心的なテーマとして」という意味を表すN2文法です。<br><br>・「を巡って」：議論のテーマを表すので正解です。<br>・「を通して」：「〜を媒介として」という意味なので合いません。<br>・「をはじめ」：「代表例を挙げる」意味なので合いません。<br>・「に応じた」：「変化・状況に合わせる」意味なので合いません。<br>標準レベル。ここが安定して解けるとN2合格が見えてきます。
JLPT_N2_LK_Gr_125,言語知識,文法,文の文法2,1,彼は ______ ______ __★__ ______ 部屋を出て行った。,何も,言わずに,静かに,ドアを閉めて,静かに,基礎的な文構造の並べ替え問題です。<br>文を正しく組み立てると、「彼は何も言わずに静かにドアを閉めて部屋を出て行った。」となります。<br><br>【正しい順番】<br>1. 何も<br>2. 言わずに<br>3. ★ 静かに<br>4. ドアを閉めて<br><br>したがって、★の位置に入る語句は「静かに」となります。<br>落とせない基礎レベル。確実に正解しておきましょう。
JLPT_N2_LK_Gr_126,言語知識,文法,文の文法2,4,地域の安全を守るためには ______ ______ __★__ ______ 協力が不可欠である。,行政の,支援のみならず,住民一人ひとりの,自主的な,住民一人ひとりの,「〜のみならず（＝〜だけでなく）」を含む文法と修飾関係の並べ替え問題です。<br>文を正しく組み立てると、「地域の安全を守るためには行政の支援のみならず住民一人ひとりの自主的な協力が不可欠である。」となります。<br><br>【正しい順番】<br>1. 行政の<br>2. 支援のみならず<br>3. ★ 住民一人ひとりの<br>4. 自主的な<br><br>したがって、★の位置に入る語句は「住民一人ひとりの」となります。<br>応用レベル。意外と難しい問題なので、間違えても気にしすぎないこと。
JLPT_N2_LK_Gr_127,言語知識,文法,文の文法2,5,今回の不祥事は ______ ______ __★__ ______ 重大視されている。,単なる管理不足に,とどまらず,組織の体質そのものに,起因するものとして,組織の体質そのものに,「〜にとどまらず（＝〜だけにとどまらず）」や「〜に起因する」などの高度な語彙・文法を含む並べ替え問題です。<br>文を正しく組み立てると、「今回の不祥事は単なる管理不足にとどまらず組織の体質そのものに起因するものとして重大視されている。」となります。難度の高い問題です。<br><br>【正しい順番】<br>1. 単なる管理不足に<br>2. とどまらず<br>3. ★ 組織の体質そのものに<br>4. 起因するものとして<br><br>したがって、★の位置に入る語句は「組織の体質そのものに」となります。<br>発展レベル。かなり難しいので、間違えても落ち込む必要はありません。
JLPT_N2_LK_Gr_128,言語知識,文法,文章の文法,3,近年、電子書籍の普及に伴い、紙の書籍の販売部数が減少傾向にある。スマートフォンやタブレットで手軽に本が読める環境が整ったことが大きな要因とされる。 [ 1 ] 、紙の書籍には「手触りやめくる感覚」「本棚に並べる所有感」といった独自の魅力があり、根強いファンも存在する。単に利便性を追求するだけでなく、紙とデジタルのそれぞれの強みを活かした読書体験の提供が求められている。<br><br>問： [ 1 ] に入る最も適切なものはどれか。,その一方で,その結果,なぜなら,つまり,その一方で,「その一方で」は、電子書籍の普及や紙の減少という現状・変化に対して、対比的に「紙ならではの魅力や根強い人気の存在」という別の側面を提示する接続表現です。<br><br>・「その一方で」：相反する魅力や対比的な状況を提示しているため正解です。<br>・「その結果」：直接的な結果ではないため不自然です。<br>・「なぜなら」：理由説明ではないため合いません。<br>・「つまり」：要約ではないため合いません。<br>実際の試験でよく問われる標準レベルの問題です。
JLPT_N2_LK_Gr_129,言語知識,文法,文章の文法,2,近年、電子書籍の普及に伴い、紙の書籍の販売部数が減少傾向にある。スマートフォンやタブレットで手軽に本が読める環境が整ったことが大きな要因とされる。その一方で、紙の書籍には「手触りやめくる感覚」「本棚に並べる所有感」といった独自の魅力があり、根強いファンも存在する。単に利便性を追求するだけでなく、紙とデジタルのそれぞれの強みを活かした読書体験の提供が今後さらに求められる [ 2 ] 。<br><br>問： [ 2 ] に入る最も適切なものはどれか。,のではないだろうか,わけがない,にすぎない,はずがない,のではないだろうか,「〜のではないだろうか」は、筆者の主張や問題提起をやわらかく読者に提示する定番の文末表現です。<br><br>・「のではないだろうか」：筆者の考え・提言を自然に提示しているため正解です。<br>・「わけがない」：強い否定になり文脈に合いません。<br>・「にすぎない」：評価を低く限定する表現なので合いません。<br>・「はずがない」：強い否定になり合いません。<br>基本レベル。確実に得点したい一問です。
JLPT_N2_LK_Gr_130,言語知識,文法,文の文法1,2,天候の悪化 ______ 、登山隊は山頂を目指すのを断念した。,により,について,に沿って,に応じて,により,「〜により」は原因・理由を表す基本的な文法表現です。<br>天候悪化という原因によって断念したという文脈に適しています。<br><br>・「により」：原因を表すため正解です。<br>・「について」：対象・テーマを表すので合いません。<br>・「に沿って」：方針・基準に合わせることを表すので合いません。<br>・「に応じて」：状況の変化に対応することを表すので合いません。<br>基本の表現ですが、似た形と混同しやすいので要注意。
JLPT_N2_LK_Gr_131,言語知識,文法,文の文法1,5,たとえどれほどの犠牲を払う ______ 、我々はこの計画を最後まで完遂しなければならない。,ことになろうとも,ことになるとはいえ,ことになるとすれば,ことになりそうにない,ことになろうとも,「〜ことになろうとも」は、「たとえ〜という事態・条件になっても」という強い譲歩と強い決意を表す表現です。難易度の高い問題です。<br><br>・「ことになろうとも」：強い譲歩と意思を表すため正解です。<br>・「ことになるとはいえ」：確定事実を受ける傾向が強く、仮定条件の文脈に合いません。<br>・「ことになるとすれば」：単純な仮定条件になり強い決意の文脈に合いません。<br>・「ことになりそうにない」：否定推量になり文脈が成り立ちません。<br>発展レベル。硬い書き言葉で使われる表現です。読んで意味が分かれば合格ライン。
JLPT_N2_LK_Gr_132,言語知識,文法,文の文法1,1,健康のために、毎日野菜を食べる ______ している。,ように,通りに,ために,ようにして,ように,「〜ようにしている」で、「習慣として心掛けている」ことを表す基本的な文法です。<br><br>・「ように」：文末の「〜している」と合わさって習慣・意図を表すため正解です。<br>・「通りに」：指示や状態に合わせることを表すので不適です。<br>・「ために」：目的を表しますが「〜ためにしている」とは接続しません。<br>・「ようにして」：二重の接続になり不自然です。<br>N2の土台になる文法です。迷わず選べるようにしておきたいところ。
JLPT_N2_LK_Gr_133,言語知識,文法,文の文法1,4,長年の努力が実を結び、ついに夢が叶った時の彼の喜びは、言葉では表現し ______ ものがあった。,きれない,かねる,えない,がたい,きれない,「〜きれない」は、「最後まで〜しつくすことができない / 限度を超えている」という意味を表すN2の重要文法です。<br><br>・「きれない」：「言葉で全表現を言い尽くせない」という意味になるため正解です。<br>・「かねる」：自分の立場や感情から「〜できない」という意味なので合いません。<br>・「えない」：可能性の有無を表すので不自然です。<br>・「がたい」：心理的な抵抗や難しさ（信じがたい等）を表すので不自然です。<br>応用レベル。文脈を最後まで読まないと選びきれないタイプです。
JLPT_N2_LK_Gr_134,言語知識,文法,文の文法1,3,予算の都合 ______ 、今回のイベントは規模を縮小して開催されることになった。,上,下,中,内,上,「名詞＋上（じょう）」は、「〜の観点から・〜の理由で」という意味を表す文法表現です。<br><br>・「上」：「予算上の都合で」という意味を作るため正解です。<br>・「下」「中」「内」：都合という名詞との組み合わせとして不自然です。<br>標準レベル。前後の文脈をていねいに読むのがコツです。
JLPT_N2_LK_Gr_135,言語知識,文法,文の文法2,3,今回の実験結果は ______ ______ __★__ ______ 証明するものである。,従来の,説を,覆すものであり,新たな理論の正しさを,覆すものであり,並べ替え問題です。<br>文を正しく組み立てると、「今回の実験結果は従来の説を覆すものであり新たな理論の正しさを証明するものである。」となります。<br><br>【正しい順番】<br>1. 従来の<br>2. 説を<br>3. ★ 覆すものであり<br>4. 新たな理論の正しさを<br><br>したがって、★の位置に入る語句は「覆すものであり」となります。<br>標準レベル。本番で合否を分けやすいタイプの問題です。
JLPT_N2_LK_Gr_136,言語知識,文法,文の文法2,1,彼女は ______ ______ __★__ ______ 笑顔を見せた。,嬉しそうに,手紙を,読んで,優しく,読んで,基本的な修飾構造の並べ替え問題です。<br>文を正しく組み立てると、「彼女は嬉しそうに手紙を読んで優しく笑顔を見せた。」となります。<br><br>【正しい順番】<br>1. 嬉しそうに<br>2. 手紙を<br>3. ★ 読んで<br>4. 優しく<br><br>したがって、★の位置に入る語句は「読んで」となります。<br>基礎レベル。ここを固めておくと後がぐっと楽になります。
JLPT_N2_LK_Gr_137,言語知識,文法,文の文法2,5,経営方針の変更にあたっては ______ ______ __★__ ______ 慎重に決定すべきだ。,現場の,意見に,耳を傾けた上で,判断を下し,耳を傾けた上で,「〜上で」は「〜してから、それを踏まえて」という順序を表す表現です。<br>文を正しく組み立てると、「経営方針の変更にあたっては現場の意見に耳を傾けた上で判断を下し慎重に決定すべきだ。」となります。<br><br>【正しい順番】<br>1. 現場の<br>2. 意見に<br>3. ★ 耳を傾けた上で<br>4. 判断を下し<br><br>したがって、★の位置に入る語句は「耳を傾けた上で」となります。<br>発展レベル。ここは差がつく一問。余裕があれば覚えておきましょう。
JLPT_N2_LK_Gr_138,言語知識,文法,文章の文法,4,近年の少子高齢化の進展に伴い、労働力不足が深刻な社会問題となっている。多くの企業では、シニア世代の再雇用や外国人材の受け入れ拡大など、多様な人材の活用に向けた取り組みを進めている。 [ 1 ] 、単に人員を確保するだけでなく、個々の適性や経験に応じた適切な業務配置や職場環境の整備が不可欠である。持続可能な組織づくりに向けて、多様性を活かすマネジメントが求められている。<br><br>問： [ 1 ] に入る最も適切なものはどれか。,しかしながら,その結果,したがって,なぜなら,しかしながら,「しかしながら」は、直前に述べた前向きな取り組みに対して、「ただし単に確保するだけでは足りず課題がある」と転換・補足条件を提示する接続語です。<br><br>・「しかしながら」：条件・課題提示へ転換させているため正解です。<br>・「その結果」：直接的な帰結ではないため不自然です。<br>・「したがって」：論理的結論を導く言葉なので合いません。<br>・「なぜなら」：理由説明ではないため合いません。<br>やや難しい応用レベル。ここまで解ければ上位層です。
JLPT_N2_LK_Gr_139,言語知識,文法,文章の文法,2,近年の少子高齢化の進展に伴い、労働力不足が深刻な社会問題となっている。多くの企業では、シニア世代の再雇用や外国人材の受け入れ拡大など、多様な人材の活用に向けた取り組みを進めている。しかしながら、単に人員を確保するだけでなく、個々の適性や経験に応じた適切な業務配置や職場環境の整備が不可欠である。持続可能な組織づくりに向けて、多様性を活かすマネジメントが今後さらに重要に [ 2 ] 。<br><br>問： [ 2 ] に入る最も適切なものはどれか。,なるのではないだろうか,なるわけがない,なるにすぎない,なるはずがない,なるのではないだろうか,「〜のではないだろうか」は、筆者の意見や問題提起をやわらかく丁寧に提示する文末表現です。<br><br>・「なるのではないだろうか」：筆者の主張・展望を自然に提示しているため正解です。<br>・「なるわけがない」：強い否定になり文脈に合いません。<br>・「なるにすぎない」：限定の表現なので合いません。<br>・「なるはずがない」：強い否定になり合いません。<br>よく出る基本レベル。パターンで覚えてしまいましょう。
JLPT_N2_LK_Gr_140,言語知識,文法,文の文法1,3,彼が今回のプロジェクトで大成功を収めたのは、絶え間ない努力の成果 ______ 。,にほかならない,にすぎない,に相違ない,に限らない,にほかならない,「〜にほかならない」は、「まさに〜だ」「〜以外のものではない」と断定する強い表現です。<br>成功の理由が努力の成果そのものであるという文脈に適しています。<br><br>・「にほかならない」：「まさに〜だ」と判断を強調するので正解です。<br>・「にすぎない」：「ただ〜だけで大したことはない」という意味なので合いません。<br>・「に相違ない」：確信を表しますが、「〜の成果にほかならない」の形が自然です。<br>・「に限らない」：「〜だけとは限らない」という意味なので合いません。<br>標準レベル。ここが安定して解けるとN2合格が見えてきます。
JLPT_N2_LK_Gr_141,言語知識,文法,文の文法1,1,感謝の気持ちを ______ 、手作りのプレゼントを贈った。,込めて,通して,沿って,目指して,込めて,「〜を込（こ）めて」は、「感情や願いなどの気持ちを込めて〜する」という意味を表す基本的な文法表現です。<br><br>・「込めて」：感謝の気持ちを込めるという意味を表すので正解です。<br>・「を通して」：「〜を媒介として」という意味なので合いません。<br>・「沿って」：「基準に合わせる」意味なので合いません。<br>・「目指して」：「目標にする」意味なので合いません。<br>まずここから。絶対に覚えたい基本の形です。
JLPT_N2_LK_Gr_142,言語知識,文法,文の文法1,5,激化する国際競争の中で企業が生き残っていくためには、従来の慣習にとらわれる ______ 新しいビジネスモデルを構築していく必要がある。,ことなく,ことなしに,こととて,ことなしには,ことなく,「〜ことなく」は、「〜しないで」という意味を表す文法表現です。<br>「慣習にとらわれないで構築していく」という積極的な後続動作に繋がる表現として適しています。難易度の高い問題です。<br><br>・「ことなく」：「〜しないで」という意味で後続の動作にそのまま繋がるため正解です。<br>・「ことなしに」：後続に否定・不可能な結果が来やすいため不自然です。<br>・「こととて」：「〜なので（理由）」という意味になり合いません。<br>・「ことなしには」：「〜しなければ〜できない」という意味になり合いません。<br>発展レベル。N1にもつながる難問です。今は「こんな表現もある」と知っておけば十分。
JLPT_N2_LK_Gr_143,言語知識,文法,文の文法1,2,彼の説明は分かりやすかった ______ 、もう少し具体例が欲しかった。,ものの,からには,ついでに,あげく,ものの,「〜ものの」は、「〜という事実・状態はあるが…」という確定逆接を表すN2の基本文法です。<br><br>・「ものの」：分かりやすかったが不満点もあるという逆接を表すので正解です。<br>・「からには」：「〜だから当然」という意味なので合いません。<br>・「ついでに」：「〜の機会に」という意味なので合いません。<br>・「あげく」：「悪い結果になった」という意味なので合いません。<br>基本レベル。意味の違いを一度整理しておくと安心です。
JLPT_N2_LK_Gr_144,言語知識,文法,文の文法1,4,たった一度の失敗 ______ 、これまでの努力のすべてが否定されるべきではない。,をもって,をもってしても,を契機に,をもってすれば,をもって,「〜をもって」は、「〜を理由・基準として（〜によって・〜で）」を示す文法です。<br>「一度の失敗を理由にして否定されるべきではない」という文脈を作ります。<br><br>・「をもって」：「〜の理由・基準で」という意味を表すため正解です。<br>・「をもってしても」：「〜であっても（不可能なこと）」を表すため不自然です。<br>・「を契機に」：「きっかけとして」の意味ですが文脈に合いません。<br>・「をもってすれば」：「〜を使えば（仮定）」の意味になり合いません。<br>応用レベル。一度で正解できたら自信を持ってよい問題です。
JLPT_N2_LK_Gr_145,言語知識,文法,文の文法2,3,新しい事業を成功させるためには ______ ______ __★__ ______ 柔軟に対応することが求められる。,変化に,市場の,応じて,絶えず,応じて,「〜に応じて」は「〜に合わせて」という意味を表す文法です。<br>文を正しく組み立てると、「新しい事業を成功させるためには市場の変化に応じて絶えず柔軟に対応することが求められる。」となります。<br><br>【正しい順番】<br>1. 市場の<br>2. 変化に<br>3. ★ 応じて<br>4. 絶えず<br><br>したがって、★の位置に入る語句は「応じて」となります。<br>実際の試験でよく問われる標準レベルの問題です。
JLPT_N2_LK_Gr_146,言語知識,文法,文の文法2,1,彼は ______ ______ __★__ ______ 笑顔を見せた。,嬉しそうに,ニュースを聞いて,合格の,大きな,嬉しそうに,基礎的な修飾関係と並べ替え問題です。<br>文を正しく組み立てると、「彼は合格のニュースを聞いて嬉しそうに大きな笑顔を見せた。」となります。<br><br>【正しい順番】<br>1. 合格の<br>2. ニュースを聞いて<br>3. ★ 嬉しそうに<br>4. 大きな<br><br>したがって、★の位置に入る語句は「嬉しそうに」となります。<br>落とせない基礎レベル。確実に正解しておきましょう。
JLPT_N2_LK_Gr_147,言語知識,文法,文の文法2,5,組織改革を推進するにあたっては ______ ______ __★__ ______ 慎重に進める必要がある。,個々の社員の,配慮しつつも,意見に,全体の方針を見失うことなく,配慮しつつも,「〜つつも（＝〜しながらも）」を含む高度な文法と複数の節を繋ぐ並べ替え問題です。<br>文を正しく組み立てると、「組織改革を推進するにあたっては個々の社員の意見に配慮しつつも全体の方針を見失うことなく慎重に進める必要がある。」となります。難易度の高い問題です。<br><br>【正しい順番】<br>1. 個々の社員の<br>2. 意見に<br>3. ★ 配慮しつつも<br>4. 全体の方針を見失うことなく<br><br>したがって、★の位置に入る語句は「配慮しつつも」となります。<br>発展レベル。かなり難しいので、間違えても落ち込む必要はありません。
JLPT_N2_LK_Gr_148,言語知識,文法,文章の文法,4,近年、ICT技術の発達に伴い、在宅勤務やテレワークといった多様な働き方が広まりつつある。通勤時間の削減や業務効率の向上など、働く側・雇う側の双方にとって多くのメリットがもたらされている。 [ 1 ] 、対面でのコミュニケーションが減少したことで、社員同士の偶発的な意見交換や信頼関係の構築が難しくなったという課題も指摘されている。単に制度やツールを導入するだけでなく、組織の一体感をどのように維持していくかが、今後の企業の成長を左右するだろう。<br><br>問： [ 1 ] に入る最も適切なものはどれか。,その一方で,その結果,なぜなら,したがって,その一方で,「その一方で」は、提示されたメリット（通勤削減・効率向上など）に対して、対比的にデメリットや課題（対面コミュニケーションの減少）を提示する接続表現です。<br><br>・「その一方で」：プラス面に対するマイナス・課題面を対比させているため正解です。<br>・「その結果」：直接的な結果として課題が生じたわけではないため不自然です。<br>・「なぜなら」：理由説明ではないため合いません。<br>・「したがって」：論理的結論を導く言葉なので合いません。<br>応用レベル。意外と難しい問題なので、間違えても気にしすぎないこと。
JLPT_N2_LK_Gr_149,言語知識,文法,文章の文法,2,近年、ICT技術の発達に伴い、在宅勤務やテレワークといった多様な働き方が広まりつつある。通勤時間の削減や業務効率の向上など、働く側・雇う側の双方にとって多くのメリットがもたらされている。その一方で、対面でのコミュニケーションが減少したことで、社員同士の偶発的な意見交換や信頼関係の構築が難しくなったという課題も指摘されている。単に制度やツールを導入するだけでなく、組織の一体感をどのように維持していくかが、今後の企業の成長を左右する [ 2 ] 。<br><br>問： [ 2 ] に入る最も適切なものはどれか。,のではないだろうか,わけがない,にすぎない,はずがない,のではないだろうか,「〜のではないだろうか」は、筆者の意見や問題提起をやわらかく読者に提示する定番の文末表現です。<br><br>・「のではないだろうか」：筆者の主張・課題意識を自然に提示しているため正解です。<br>・「わけがない」：強い否定になり文脈に合いません。<br>・「にすぎない」：限定の表現なので合いません。<br>・「はずがない」：強い否定になり合いません。<br>基本レベル。確実に得点したい一問です。
JLPT_N2_LK_Gr_150,言語知識,文法,文の文法1,3,彼のこれまでの実績や経験 ______ 、今回の重大なプロジェクトのリーダーに抜擢された。,を考慮して,を通して,をはじめ,にかけて,を考慮して,「〜を考慮（こうりょ）して」は、「〜という要素や事情を考えに入れて」という意味を表す文法表現です。<br>実績や経験という判断材料を考慮して決定したという文脈に適しています。<br><br>・「を考慮して」：判断の要因として考えに入れることを表すので正解です。<br>・「を通して」：「〜を媒介・手段として」という意味なので合いません。<br>・「をはじめ」：「代表例を挙げる」意味なので合いません。<br>・「にかけて」：「〜から〜までの範囲」を表すので合いません。<br>標準レベル。前後の文脈をていねいに読むのがコツです。
JLPT_N2_LK_Gr_151,言語知識,文法,文の文法1,1,体調が悪い ______ 、今日は早めに帰宅することにした。,ので,のに,からには,ために,ので,「〜ので」は、判断や行動の理由・原因を表す基本的な文法です。<br><br>・「ので」：体調不良という理由を表すので正解です。<br>・「のに」：逆接を表すため文脈に合いません。<br>・「からには」：強い決意や義務を表すため不自然です。<br>・「ために」：名詞接続には「〜のために」となるため形が合いません。<br>N2の土台になる文法です。迷わず選べるようにしておきたいところ。
JLPT_N2_LK_Gr_152,言語知識,文法,文の文法1,5,どんなに困難な状況にあろうとも、最後まで希望を捨てず努力し続けた彼の姿勢は、賞賛 ______ 。,に値する,に耐えない,にすぎない,に至らない,に値する,「〜に値（あたい）する」は、「〜するだけの価値や評価が十分にある」という意味を表す発展的な文法表現です。難易度の高い問題です。<br><br>・「に値する」：賞賛を受ける価値があることを表すため正解です。<br>・「に耐えない」：「感情を抑えきれない」や「見る・聞くに堪えない」の意味なので合いません。<br>・「にすぎない」：「ただ〜だけだ（限定・軽視）」の意味なので合いません。<br>・「に至らない」：「その段階・レベルに達していない」の意味なので合いません。<br>発展レベル。硬い書き言葉で使われる表現です。読んで意味が分かれば合格ライン。
JLPT_N2_LK_Gr_153,言語知識,文法,文の文法1,2,今日の野外イベントは、天候の急変 ______ 中止せざるを得なくなった。,によって,について,に沿って,に応じて,によって,「〜によって」は、原因や理由を表すN2の基本文法です。<br>天候の急変が中止の原因となったことを示します。<br><br>・「によって」：中止の原因・理由を表すので正解です。<br>・「について」：対象・テーマを表すので合いません。<br>・「に沿って」：基準や方針に合わせることを表すので合いません。<br>・「に応じて」：変化や要望に合わせることを表すので合いません。<br>基本の表現ですが、似た形と混同しやすいので要注意。
JLPT_N2_LK_Gr_154,言語知識,文法,文の文法1,4,事故の連絡を受けるやいなや、彼は居ても立っても ______ 現場へと向かった。,いられなくなって,いられなくて,いられず,いられまい,いられなくなって,「居ても立ってもいられない」は、「じっとしていられないほど心配や興奮で落ち着かない」という気持ちを表す慣用的な文法表現です。<br><br>・「いられなくなって」：連絡を受けて急に落ち着いていられない状態になったことを適切に表すため正解です。<br>・「いられなくて」「いられず」：文脈の後続への接続として「いられなくなって」が最も自然です。<br>・「いられまい」：推量・否定の形であり意味が通りません。<br>応用レベル。文脈を最後まで読まないと選びきれないタイプです。
JLPT_N2_LK_Gr_155,言語知識,文法,文の文法2,3,この製品は ______ ______ __★__ ______ 評価されている。,デザイン性のみならず,機能性の高さにおいても,多くのユーザーから,高く,多くのユーザーから,「〜のみならず（＝〜だけでなく）」などの文法表現を含む並べ替え問題です。<br>文を正しく組み立てると、「この製品はデザイン性のみならず機能性の高さにおいても多くのユーザーから高く評価されている。」となります。<br><br>【正しい順番】<br>1. デザイン性のみならず<br>2. 機能性の高さにおいても<br>3. ★ 多くのユーザーから<br>4. 高く<br><br>したがって、★の位置に入る語句は「多くのユーザーから」となります。<br>標準レベル。本番で合否を分けやすいタイプの問題です。
JLPT_N2_LK_Gr_156,言語知識,文法,文の文法2,1,彼は ______ ______ __★__ ______ 帰っていった。,何も,言わずに,荷物を持って,家へ,荷物を持って,「〜せずに（＝しないで）」を含む基本的な並べ替え問題です。<br>文を正しく組み立てると、「彼は何も言わずに荷物を持って家へ帰っていった。」となります。<br><br>【正しい順番】<br>1. 何も<br>2. 言わずに<br>3. ★ 荷物を持って<br>4. 家へ<br><br>したがって、★の位置に入る語句は「荷物を持って」となります。<br>基礎レベル。ここを固めておくと後がぐっと楽になります。
JLPT_N2_LK_Gr_157,言語知識,文法,文の文法2,5,事前の十分な調査があったからこそ ______ ______ __★__ ______ 回避できたと言える。,このような,重大な,失敗を,未然に,失敗を,条件表現「〜からこそ」と強調副詞「未然に」を含む複雑な並べ替え問題です。<br>文を正しく組み立てると、「事前の十分な調査があったからこそこのような重大な失敗を未然に回避できたと言える。」となります。難度の高い問題です。<br><br>【正しい順番】<br>1. このような<br>2. 重大な<br>3. ★ 失敗を<br>4. 未然に<br><br>したがって、★の位置に入る語句は「失敗を」となります。<br>発展レベル。ここは差がつく一問。余裕があれば覚えておきましょう。
JLPT_N2_LK_Gr_158,言語知識,文法,文章の文法,4,近年、プラスチックゴミによる海洋汚染が地球規模の課題として深刻化している。使い捨てプラスチック製品の削減に向け、多くの企業が代替素材の開発や製品設計の見直しを進めている。 [ 1 ] 、大手飲料メーカーではペットボトルの100%リサイクル化やバイオマス素材の導入を推進している。単なるコスト削減ではなく、持続可能な社会の実現に向けた企業の姿勢が、消費者から選ばれる重要な基準になりつつあると言えるだろう。<br><br>問： [ 1 ] に入る最も適切なものはどれか。,たとえば,その結果,したがって,なぜなら,たとえば,「たとえば」は、直前に述べた全体的な傾向・取り組み（企業の代替素材開発や見直し）に対する「具体的な事例」を導く接続詞です。<br><br>・「たとえば」：具体例（大手飲料メーカーの取り組み）を導いているため正解です。<br>・「その結果」：直接的な帰結ではなく事例の提示であるため不自然です。<br>・「したがって」：論理的結論を導く言葉なので合いません。<br>・「なぜなら」：理由説明ではないため合いません。<br>やや難しい応用レベル。ここまで解ければ上位層です。
JLPT_N2_LK_Gr_159,言語知識,文法,文章の文法,2,近年、プラスチックゴミによる海洋汚染が地球規模の課題として深刻化している。使い捨てプラスチック製品の削減に向け、多くの企業が代替素材の開発や製品設計の見直しを進めている。たとえば、大手飲料メーカーではペットボトルの100%リサイクル化やバイオマス素材の導入を推進している。単なるコスト削減ではなく、持続可能な社会の実現に向けた企業の姿勢が、消費者から選ばれる重要な基準になりつつあると [ 2 ] 。<br><br>問： [ 2 ] に入る最も適切なものはどれか。,言えるのではないだろうか,言えるわけがない,言えるにすぎない,言えるはずがない,言えるのではないだろうか,「〜のではないだろうか」は、筆者の意見や主張をやわらかく読者に提示する文末表現です。<br><br>・「言えるのではないだろうか」：筆者の主張・展望を自然に提示しているため正解です。<br>・「言えるわけがない」：強い否定になり文脈に合いません。<br>・「言えるにすぎない」：評価を低く限定する表現なので合いません。<br>・「言えるはずがない」：強い否定になり合いません。<br>よく出る基本レベル。パターンで覚えてしまいましょう。
JLPT_N2_LK_Gr_160,言語知識,文法,文の文法1,2,長年勤めた会社を退職する ______ 、お世話になった上司や同僚に感謝の手紙を書いた。,にあたって,を契機に,を問わず,に反して,にあたって,「〜にあたって」は、「〜という特別な場面・重要な行動をする機会に」という意味を表す文法表現です。<br>退職という人生の節目の機会を表す文脈に適しています。<br><br>・「にあたって」：退職という特別な機会・行動に際して行うことを表すので正解です。<br>・「を契機に」：きっかけを表すので合いません。<br>・「を問わず」：「条件に関係なく」という意味なので合いません。<br>・「に反して」：「予想と反対に」という意味なので合いません。<br>基本レベル。意味の違いを一度整理しておくと安心です。
JLPT_N2_LK_Gr_161,言語知識,文法,文の文法1,5,事前に十分な打診があったからこそ成立した提携であり、彼の働きかけがなかったとしたら、このプロジェクトの成功は ______ 。,望み得なかったろう,望むはずであった,望まざるを得ない,望むべくもないことだ,望み得なかったろう,「〜得（え）ない」は「〜することができない（可能性がない）」を表す表現です。「〜がなかったとしたら…望み得なかったろう（〜できなかっただろう）」という高度な仮定表現の文脈を作ります。難易度の高い問題です。<br><br>・「望み得なかったろう」：過去の反対事実を仮定し、「成功を望むことは不可能だっただろう」という意味になるため正解です。<br>・「望むはずであった」：文脈の仮定に結びつきません。<br>・「望まざるを得ない」：「望まなければならない」という意味になり逆の意味になります。<br>・「望むべくもないことだ」：文末の推量（〜だろう）の形と一致しません。<br>発展レベル。N1にもつながる難問です。今は「こんな表現もある」と知っておけば十分。
JLPT_N2_LK_Gr_162,言語知識,文法,文の文法1,1,今朝は寝坊してしまった ______ 、電車に乗り遅れて遅刻した。,ために,ついでに,おかげで,かわりに,ために,「〜ために」は、原因や理由を表す基本的な文法です。<br>寝坊したことが遅刻の原因であることを示します。<br><br>・「ために」：原因・理由を表すので正解です。<br>・「ついでに」：ついでに行う動作を表すので合いません。<br>・「おかげで」：良い結果に対して使う表現なので不自然です。<br>・「かわりに」：代替えを表すので合いません。<br>まずここから。絶対に覚えたい基本の形です。
JLPT_N2_LK_Gr_163,言語知識,文法,文の文法1,4,一人暮らしを始めて以来、親のありがたさを深く感ぜずには ______ 。,いられない,おかない,すまない,いさせる,いられない,「〜ずにはいられない」は、「感情や欲求を抑えることができず、自然と〜してしまう」という感情の発露を表すN2の重要文法です。<br><br>・「いられない」：自然と親のありがたさを感じてしまうという意味を表すので正解です。<br>・「おかない」：「必ず〜させる（強制・影響）」という意味なので合いません。<br>・「すまない」：「〜しなければ解決しない（義務・申し訳なさ）」という意味なので合いません。<br>・「いさせる」：使役の形であり誤りです。<br>応用レベル。一度で正解できたら自信を持ってよい問題です。
JLPT_N2_LK_Gr_164,言語知識,文法,文の文法1,3,長時間のパソコン作業の ______ 、肩こりや目の疲労に悩む人が増えている。,結果,せいで,おかげで,とたんに,結果,「〜の結末・結果」として何かが起きていることを示す表現です。文節の接続として「〜の結果」が最も自然に当てはまります。<br><br>・「結果」：「作業を続けた結果として〜」という因果関係を示すため正解です。<br>・「せいで」：直前が名詞「作業」のため、「作業のせいで」も意味は通じますが、論文・文脈上の固い表現として「結果」が最も適しています。<br>・「おかげで」：良い結果に用いるため不適合です。<br>・「とたんに」：直後の一瞬の動作を表すため不適合です。<br>標準レベル。ここが安定して解けるとN2合格が見えてきます。
JLPT_N2_LK_Gr_165,言語知識,文法,文の文法2,3,今回の法改正は ______ ______ __★__ ______ 大きな一歩と言える。,長年議論されてきた,課題に対して,現実的な解決策を,示すものであり,現実的な解決策を,修飾のかかり方を正確に捉える並べ替え問題です。<br>文を正しく組み立てると、「今回の法改正は長年議論されてきた課題に対して現実的な解決策を示すものであり大きな一歩と言える。」となります。<br><br>【正しい順番】<br>1. 長年議論されてきた<br>2. 課題に対して<br>3. ★ 現実的な解決策を<br>4. 示すものであり<br><br>したがって、★の位置に入る語句は「現実的な解決策を」となります。<br>実際の試験でよく問われる標準レベルの問題です。
JLPT_N2_LK_Gr_166,言語知識,文法,文の文法2,1,彼は ______ ______ __★__ ______ 出かけて行った。,傘も,持たずに,強い雨の中を,走って,強い雨の中を,基礎的な並べ替え問題です。<br>文を正しく組み立てると、「彼は傘も持たずに強い雨の中を走って出かけて行った。」となります。<br><br>【正しい順番】<br>1. 傘も<br>2. 持たずに<br>3. ★ 強い雨の中を<br>4. 走って<br><br>したがって、★の位置に入る語句は「強い雨の中を」となります。<br>落とせない基礎レベル。確実に正解しておきましょう。
JLPT_N2_LK_Gr_167,言語知識,文法,文の文法2,5,周囲の制約が ______ ______ __★__ ______ 成果を挙げた点は評価に値する。,厳しいものであった,にせよ,自らの信念を貫き,一定の,自らの信念を貫き,「〜にせよ（＝〜だとしても）」という譲歩の文法を含む問題です。<br>文を正しく組み立てると、「周囲の制約が厳しいものであったにせよ自らの信念を貫き一定の成果を挙げた点は評価に値する。」となります。<br><br>【正しい順番】<br>1. 厳しいものであった<br>2. にせよ<br>3. ★ 自らの信念を貫き<br>4. 一定の<br><br>したがって、★の位置に入る語句は「自らの信念を貫き」となります。<br>発展レベル。かなり難しいので、間違えても落ち込む必要はありません。
JLPT_N2_LK_Gr_168,言語知識,文法,文章の文法,4,教育現場におけるICTツールの活用が世界中で急速に進んでいる。デジタル教科書や学習アプリの導入により、児童・生徒一人ひとりの理解度に合わせた個別最適な学習が可能になりつつある。 [ 1 ] 、端末への依存による集中力の低下や視力悪化など、健康面や成長への悪影響を懸念する声も少なくない。教育の質の向上と健康面への配慮をどのように両立させるかが、今後の重要な課題となるだろう。<br><br>問： [ 1 ] に入る最も適切なものはどれか。,その一方で,その結果,したがって,すなわち,その一方で,「その一方で」は、ある事態やメリット（個別最適な学習の実現）を述べた後で、それと対比・対照的な側面や懸念点（健康面への悪影響）を提示する接続表現です。<br><br>・「その一方で」：プラス面に対するマイナス・懸念の側面を対比させているため正解です。<br>・「その結果」：因果関係として結ぶわけではないため不自然です。<br>・「したがって」：順接の結論を導く言葉なので合いません。<br>・「すなわち」：言い換えを表すので合いません。<br>応用レベル。意外と難しい問題なので、間違えても気にしすぎないこと。
JLPT_N2_LK_Gr_169,言語知識,文法,文章の文法,2,教育現場におけるICTツールの活用が世界中で急速に進んでいる。デジタル教科書や学習アプリの導入により、児童・生徒一人ひとりの理解度に合わせた個別最適な学習が可能になりつつある。その一方で、端末への依存による集中力の低下や視力悪化など、健康面や成長への悪影響を懸念する声も少なくない。教育の質の向上と健康面への配慮をどのように両立させるかが、今後の重要な課題となる [ 2 ] 。<br><br>問： [ 2 ] に入る最も適切なものはどれか。,のではないだろうか,わけがない,にすぎない,はずがない,のではないだろうか,「〜のではないだろうか」は、筆者の主張・提起をやわらかく読者に示し、文章を締めくくるのに最も適した表現です。<br><br>・「のではないだろうか」：筆者の主張・提案を自然に提示しているため正解です。<br>・「わけがない」：強い否定となり文脈を壊します。<br>・「にすぎない」：限定・軽視の表現なので合いません。<br>・「はずがない」：強い否定になり合いません。<br>基本レベル。確実に得点したい一問です。
JLPT_N2_LK_Gr_170,言語知識,文法,文の文法1,3,長年にわたる彼の研究成果 ______ 、新しい医療技術が開発された。,に基づいて,を巡って,に反して,を限りに,に基づいて,「〜に基（もと）づいて」は、「〜を基礎・根拠として」という意味を表すN2の重要文法です。<br>研究成果を基礎として開発が行われたという文脈に適しています。<br><br>・「に基づいて」：根拠・基礎を表すので正解です。<br>・「を巡って」：「〜を議論のテーマにして」という意味なので合いません。<br>・「に反して」：「予想と反対に」という意味なので合いません。<br>・「を限りに」：「〜を最後に」という意味なので合いません。<br>標準レベル。前後の文脈をていねいに読むのがコツです。
JLPT_N2_LK_Gr_171,言語知識,文法,文の文法1,1,風邪をひいてしまった ______ 、今日の飲み会は辞退することにした。,ので,ついでに,反面,代わりに,ので,「〜ので」は、客観的な原因や理由を表す基本的な文法です。<br><br>・「ので」：風邪をひいたという理由を表すので正解です。<br>・「ついでに」：主目的のついでに別のことをする意味なので合いません。<br>・「反面」：二面性を表すので合いません。<br>・「代わりに」：代理・代替えを表すので合いません。<br>N2の土台になる文法です。迷わず選べるようにしておきたいところ。
JLPT_N2_LK_Gr_172,言語知識,文法,文の文法1,5,たとえどんなに親しい間柄 ______ 、礼儀を欠いて良い理由にはならない。,であろうとも,であるからには,であるにかかわらず,であるかのように,であろうとも,<br>・「であろうとも」：「たとえ親しい間柄であっても」という譲歩を表すため正解です。<br>・「であるからには」：「〜だから当然」という決意・義務を表すので合いません。<br>・「であるにかかわらず」：「〜に関係なく」ですが、「たとえどんなに」と呼応するには「〜であろうとも」が最適です。<br>・「であるかのように」：比喩表現なので合いません。<br>発展レベル。硬い書き言葉で使われる表現です。読んで意味が分かれば合格ライン。
JLPT_N2_LK_Gr_173,言語知識,文法,文の文法1,2,パスポートの申請 ______ 、住民票などの必要書類を事前に揃えておく必要がある。,に際して,を契機に,を問わず,に反して,に際して,「〜に際（さい）して」は、「〜という特別な行動・手続きを行うにあたって／するときに」という意味を表す文法表現です。<br><br>・「に際して」：申請という手続きを行う機会を表すので正解です。<br>・「を契機に」：きっかけを表すので合いません。<br>・「を問わず」：「関係なく」という意味なので合いません。<br>・「に反して」：「予想と反対に」という意味なので合いません。<br>基本の表現ですが、似た形と混同しやすいので要注意。
JLPT_N2_LK_Gr_174,言語知識,文法,文の文法1,4,周囲の強い反対を押し切ってまで、その計画を強行する ______ 。,道理はない,にすぎない,にほかならない,かねない,道理はない,「〜道理（どうり）はない」は、「〜する筋道・論理的な理由が存在しない」という意味を表す応用表現です。<br><br>・「道理はない」：反対を押し切って強行する理由・妥当性がないという文脈に適合するため正解です。<br>・「にすぎない」：「〜に過ぎない」では文脈が繋がりません。<br>・「にほかならない」：断定表現なので合いません。<br>・「かねない」：「〜するかもしれない」という意味なので不自然です。<br>応用レベル。文脈を最後まで読まないと選びきれないタイプです。
JLPT_N2_LK_Gr_175,言語知識,文法,文の文法2,3,今回のイベントは ______ ______ __★__ ______ 盛況のうちに終わった。,天候にも,恵まれ,予想以上の,人出となり,予想以上の,「〜にも恵まれ」と理由・要因が重なる文章構造です。<br>文を正しく組み立てると、「今回のイベントは天候にも恵まれ予想以上の人出となり盛況のうちに終わった。」となります。<br><br>【正しい順番】<br>1. 天候にも<br>2. 恵まれ<br>3. ★ 予想以上の<br>4. 人出となり<br><br>したがって、★の位置に入る語句は「予想以上の」となります。<br>標準レベル。本番で合否を分けやすいタイプの問題です。
JLPT_N2_LK_Gr_176,言語知識,文法,文の文法2,1,彼は ______ ______ __★__ ______ 挨拶をした。,笑顔で,元気に,みんなに,頭を下げて,みんなに,基本的な修飾関係と文の並べ替え問題です。<br>文を正しく組み立てると、「彼は笑顔で元気にみんなに頭を下げて挨拶をした。」となります。<br><br>【正しい順番】<br>1. 笑顔で<br>2. 元気に<br>3. ★ みんなに<br>4. 頭を下げて<br><br>したがって、★の位置に入る語句は「みんなに」となります。<br>基礎レベル。ここを固めておくと後がぐっと楽になります。
JLPT_N2_LK_Gr_177,言語知識,文法,文の文法2,5,彼の今回の発言は ______ ______ __★__ ______ 無責任と言わざるを得ない。,立場にある,人間として,責任ある,公の場でのものとしては,立場にある,「〜としては」「〜として」という立場・資格を表す表現の組み合わせです。<br>文を正しく組み立てると、「彼の今回の発言は公の場でのものとしては責任ある立場にある人間として無責任と言わざるを得ない。」となります。<br><br>【正しい順番】<br>1. 公の場でのものとしては<br>2. 責任ある<br>3. ★ 立場にある<br>4. 人間として<br><br>したがって、★の位置に入る語句は「立場にある」となります。<br>発展レベル。ここは差がつく一問。余裕があれば覚えておきましょう。
JLPT_N2_LK_Gr_178,言語知識,文法,文章の文法,4,高度経済成長期を経て、豊かな物質的生活を手に入れた日本社会だが、近年は人々の価値観に大きな変化が見られる。単に所有することや消費することに満足を見出すのではなく、精神的なゆとりや体験の質を重視する傾向が強まっているのだ。 [ 1 ] 、モノを所有せずに共有する「シェアリングエコノミー」のサービスが若者を中心に急速に支持を広げている。時代とともに幸福の定義そのものが変わりつつあると言えるだろう。<br><br>問： [ 1 ] に入る最も適切なものはどれか。,その一環として,その結果,なぜなら,たとえば,その一環として,「その一環（いっかん）として」は、全体的な傾向・取り組み（価値観の変化や精神的重視）の中の一つの具体的事例や展開（シェアリングエコノミーの普及）を結びつける接続表現です。<br><br>・「その一環として」：大きな価値観の変化という動きの中の具体的現象として繋ぐため正解です。<br>・「その結果」：直接的な結果というより動きの一部・具体例のため「その一環として」が最適です。<br>・「なぜなら」：理由説明ではないため合いません。<br>・「たとえば」：例示ですが、文脈全体の構造上「その一環として」がより客観的で高精度に適合します。<br>やや難しい応用レベル。ここまで解ければ上位層です。
JLPT_N2_LK_Gr_179,言語知識,文法,文章の文法,2,高度経済成長期を経て、豊かな物質的生活を手に入れた日本社会だが、近年は人々の価値観に大きな変化が見られる。単に所有することや消費することに満足を見出すのではなく、精神的なゆとりや体験の質を重視する傾向が強まっているのだ。その一環として、モノを所有せずに共有する「シェアリングエコノミー」のサービスが若者を中心に急速に支持を広げている。時代とともに幸福の定義そのものが変わりつつあると [ 2 ] 。<br><br>問： [ 2 ] に入る最も適切なものはどれか。,言えるのではないだろうか,言えるわけがない,言えるにすぎない,言えるはずがない,言えるのではないだろうか,「〜のではないだろうか」は、筆者の主張や見解をやわらかく・丁寧に読者に提示する定番の文末表現です。<br><br>・「言えるのではないだろうか」：筆者のまとめの意見として自然なため正解です。<br>・「言えるわけがない」：強い否定になるため文脈に合いません。<br>・「言えるにすぎない」：評価を下げる表現なので合いません。<br>・「言えるはずがない」：強い否定になるため合いません。<br>よく出る基本レベル。パターンで覚えてしまいましょう。
JLPT_N2_LK_Gr_180,言語知識,文法,文の文法1,4,今回の裁判の判決は、今後の同種の訴訟にも大きな影響を与えずには ______ 。,おかない,いられない,すまない,おかないだろう,おかない,「〜ずにはおかない」は、「絶対に〜という結果にしてしまう／必ず〜させる」という強い必然性や影響力を表す表現です。<br>裁判の判決が社会や今後の訴訟に確実な影響を及ぼすという文脈に適しています。<br><br>・「おかない」：「〜ずにはおかない」で強い影響を与えることを表すため正解です。<br>・「いられない」：「感情を抑えられない」という意味なので不自然です。<br>・「すまない」：「〜しなければ解決しない」という意味なので合いません。<br>・「おかないだろう」：二重推量となり文法的に重なるため不適切です。<br>応用レベル。一度で正解できたら自信を持ってよい問題です。
JLPT_N2_LK_Gr_181,言語知識,文法,文の文法1,1,明日からの出張に ______ 、必要な書類をカバンに入れた。,備えて,向かって,沿って,応じて,備えて,「〜に備（そな）えて」は、「将来起きることや予定に対して準備をする」という意味を表す基本的な文法です。<br><br>・「備えて」：出張という予定に準備することを表すので正解です。<br>・「向かって」：「目標・方向」を表すので合いません。<br>・「沿って」：「方針・流れに合わせて」という意味なので合いません。<br>・「応じて」：「変化・要望に合わせて」という意味なので合いません。<br>まずここから。絶対に覚えたい基本の形です。
JLPT_N2_LK_Gr_182,言語知識,文法,文の文法1,5,たとえ全力を尽くした ______ 、結果が伴わなければプロの世界では認められない。,ところで,ものの,とはいえ,にあたって,ところで,「〜ところで」は、「たとえ〜という条件や行為を行っても、期待する良い結果にはならない」という逆接仮定条件を表します。<br><br>・「ところで」：「たとえ全力を尽くしたところで（＝尽くしても意味がない）」という文脈に合致するため正解です。<br>・「ものの」：確定逆接（「〜だけれども」）なので「たとえ」と呼応しません。<br>・「とはいえ」：確定事実を受けて述べる表現なので不自然です。<br>・「にあたって」：機会を表すので合いません。<br>発展レベル。N1にもつながる難問です。今は「こんな表現もある」と知っておけば十分。
JLPT_N2_LK_Gr_183,言語知識,文法,文の文法1,2,天候の回復 ______ 、中断されていた捜索活動が再開された。,に伴い,を巡って,に反して,を問わず,に伴い,「〜に伴（ともな）い」は、「〜という事態の変化と一緒に別の事態が起こる」という状況変化・因果関係を表すN2の基本文法です。<br><br>・「に伴い」：天候回復という変化に伴って再開されたことを表すので正解です。<br>・「を巡って」：「議論のテーマ」を表すので合いません。<br>・「に反して」：「予想と反対に」という意味なので合いません。<br>・「を問わず」：「条件に関係なく」という意味なので合いません。<br>基本レベル。意味の違いを一度整理しておくと安心です。
JLPT_N2_LK_Gr_184,言語知識,文法,文の文法2,3,この地域は ______ ______ __★__ ______ 多くの観光客を集めている。,豊かな,自然環境に,恵まれていることから,年間を通して,恵まれていることから,「〜ことから」は理由・判断の根拠を表すN2文法です。<br>文を正しく組み立てると、「この地域は豊かな自然環境に恵まれていることから年間を通して多くの観光客を集めている。」となります。<br><br>【正しい順番】<br>1. 豊かな<br>2. 自然環境に<br>3. ★ 恵まれていることから<br>4. 年間を通して<br><br>したがって、★の位置に入る語句は「恵まれていることから」となります。<br>標準レベル。ここが安定して解けるとN2合格が見えてきます。
JLPT_N2_LK_Gr_185,言語知識,文法,文の文法2,1,彼は ______ ______ __★__ ______ 席を立った。,挨拶も,せずに,急に,部屋を出て,急に,「〜せずに」は「しないで」を表す基礎的な文法です。<br>文を正しく組み立てると、「彼は挨拶もせずに急に部屋を出て席を立った。」（あるいは「急に席を立った」）の構造を作ります。<br><br>【正しい順番】<br>1. 挨拶も<br>2. せずに<br>3. ★ 急に<br>4. 部屋の<br><br>したがって、★の位置に入る語句は「急に」となります。<br>落とせない基礎レベル。確実に正解しておきましょう。
JLPT_N2_LK_Gr_186,言語知識,文法,文の文法2,5,彼の今回の主張は ______ ______ __★__ ______ 説得力に欠ける。,独自の,理論に基づいている,とはいうものの,客観的なデータを欠いており,とはいうものの,「〜とはいうものの」は逆接・譲歩を表す発展的な表現です。<br>文を正しく組み立てると、「彼の今回の主張は独自の理論に基づいているとはいうものの客観的なデータを欠いており説得力に欠ける。」となります。難易度の高い問題です。<br><br>【正しい順番】<br>1. 独自の<br>2. 理論に基づいている<br>3. ★ とはいうものの<br>4. 客観的なデータを欠いており<br><br>したがって、★の位置に入る語句は「とはいうものの」となります。<br>発展レベル。かなり難しいので、間違えても落ち込む必要はありません。
JLPT_N2_LK_Gr_187,言語知識,文法,文の文法2,4,彼の決断は ______ ______ __★__ ______ 高く評価されるべきだ。,リスクを,伴うものであったにせよ,勇気ある挑戦として,果敢に挑んだ姿勢は,果敢に挑んだ姿勢は,「〜にせよ」は「〜だとしても」という譲歩を表します。<br>文を正しく組み立てると、「彼の決断はリスクを伴うものであったにせよ果敢に挑んだ姿勢は勇気ある挑戦として高く評価されるべきだ。」となります。<br><br>【正しい順番】<br>1. リスクを<br>2. 伴うものであったにせよ<br>3. ★ 果敢に挑んだ姿勢は<br>4. 勇気ある挑戦として<br><br>したがって、★の位置に入る語句は「果敢に挑んだ姿勢は」となります。<br>応用レベル。意外と難しい問題なので、間違えても気にしすぎないこと。
JLPT_N2_LK_Gr_188,言語知識,文法,文章の文法,3,都市部への人口集中が続く一方で、地方では過疎化や高齢化が深刻な課題となっている。地域の商店街の衰退や公共交通機関の維持困難など、住民の日常生活に直接影響を及ぼす問題が各地で発生している。 [ 1 ] 、このような状況を打破しようと、移住支援やリモートワークの環境整備を積極的に進める自治体も出てきた。地域資源を生かした新しい産業の創出など、魅力ある街づくりへの取り組みが今後さらに重要になるだろう。<br><br>問： [ 1 ] に入る最も適切なものはどれか。,そうした中,その結果,なぜなら,たとえば,そうした中,「そうした中（なか）」は、直前で述べた背景・状況（過疎化などの課題発生）を受けて、「そのような状況下で別の新たな動きが生じている」と文脈を展開する接続詞です。<br><br>・「そうした中」：課題が生じている状況背景を受けているため正解です。<br>・「その結果」：課題発生の直接的結果として自治体が支援を始めたわけではないため不自然です。<br>・「なぜなら」：理由説明ではないため合いません。<br>・「たとえば」：具体例ではないため合いません。<br>実際の試験でよく問われる標準レベルの問題です。
JLPT_N2_LK_Gr_189,言語知識,文法,文章の文法,2,都市部への人口集中が続く一方で、地方では過疎化や高齢化が深刻な課題となっている。地域の商店街の衰退や公共交通機関の維持困難など、住民の日常生活に直接影響を及ぼす問題が各地で発生している。そうした中、このような状況を打破しようと、移住支援やリモートワークの環境整備を積極的に進める自治体も出てきた。地域資源を生かした新しい産業の創出など、魅力ある街づくりへの取り組みが今後さらに重要に [ 2 ] 。<br><br>問： [ 2 ] に入る最も適切なものはどれか。,なるのではないだろうか,なるわけがない,なるにすぎない,なるはずがない,なるのではないだろうか,「〜のではないだろうか」は、筆者の意見や提言をやわらかく丁寧に読者に提示する文末表現です。<br><br>・「なるのではないだろうか」：筆者の主張・展望を適切に表しているので正解です。<br>・「なるわけがない」：強い否定になるため不自然です。<br>・「なるにすぎない」：評価を下げる表現なので合いません。<br>・「なるはずがない」：強い否定になるため合いません。<br>基本レベル。確実に得点したい一問です。
JLPT_N2_LK_Gr_190,言語知識,文法,文の文法1,1,彼は忙しい ______ 、毎週末にボランティア活動に参加している。,にもかかわらず,に伴って,に際して,に基づいて,にもかかわらず,「〜にもかかわらず」は、「〜なのに・〜という状況に影響されずに」という逆接を表す基本的なN2文法です。<br>忙しいという状況がありながら活動に参加している文脈に適しています。<br><br>・「にもかかわらず」：逆接を表すため正解です。<br>・「に伴って」：「〜と一緒に変化する」という意味なので合いません。<br>・「に際して」：「〜するときに」という意味なので合いません。<br>・「に基づいて」：「〜を基礎として」という意味なので合いません。<br>N2の土台になる文法です。迷わず選べるようにしておきたいところ。
JLPT_N2_LK_Gr_191,言語知識,文法,文の文法1,4,今回の不祥事は、組織全体の管理体制の甘さが招いた結果 ______ 。,にほかならない,にすぎない,に当たらない,にかかわらない,にほかならない,「〜にほかならない」は、「まさに〜だ / 〜以外のものではない」と断定・強調するN2の重要文法です。<br><br>・「にほかならない」：「まさに管理体制の甘さが原因だ」と断定・強調しているため正解です。<br>・「にすぎない」：「ただ〜だけだ」と限定・過小評価する意味になるため不適切です。<br>・「に当たらない」：「〜するほどではない」という意味なので合いません。<br>・「にかかわらない」：「関係なく」という意味なので合いません。<br>応用レベル。文脈を最後まで読まないと選びきれないタイプです。
JLPT_N2_LK_Gr_192,言語知識,文法,文の文法1,2,パスポートの更新手続き ______ 、必要な書類をあらかじめ確認しておいてください。,にあたって,を皮切りに,を問わず,に即して,にあたって,「〜にあたって」は、「〜をする特別な機会・段階で」という意味を表します。<br>手続きという特別な行動を始める前段階の注意事項を述べる文脈に適しています。<br><br>・「にあたって」：手続きの段階・機会を表すので正解です。<br>・「を皮切りに」：「〜を出発点として次々に」という意味なので合いません。<br>・「を問わず」：「条件に関係なく」という意味なので合いません。<br>・「に即して」：「〜に合わせて」という意味なので合いません。<br>基本の表現ですが、似た形と混同しやすいので要注意。
JLPT_N2_LK_Gr_193,言語知識,文法,文の文法1,5,たとえどれほど周囲から反対 ______ 、私は自分の決めた道を突き進むつもりだ。,されようとも,されるとしても,されるにあたって,されることなしに,されようとも,「〜ようとも / うとも」は、「たとえどんな条件であっても結果や意思は変わらない」という強い意志や逆接条件を表す表現です。<br><br>・「されようとも」：強い譲歩・決意を表すため正解です。<br>・「されるとしても」：一般的な条件表現であり、「どれほど〜されようとも」の強調表現と比べるとニュアンスが弱くなります。<br>・「されるにあたって」：機会を表すので合いません。<br>・「されることなしに」：「〜しないで」という意味なので合いません。<br>発展レベル。硬い書き言葉で使われる表現です。読んで意味が分かれば合格ライン。
JLPT_N2_LK_Gr_194,言語知識,文法,文の文法2,3,今回の研修は ______ ______ __★__ ______ 実践的な内容であった。,理論を,学ぶだけでなく,現場で役立つ,技術も身につく,現場で役立つ,「〜だけでなく…も」は「〜に加えて…も」と情報を付け加える表現です。<br>文を正しく組み立てると、「今回の研修は理論を学ぶだけでなく現場で役立つ技術も身につく実践的な内容であった。」となります。<br><br>【正しい順番】<br>1. 理論を<br>2. 学ぶだけでなく<br>3. ★ 現場で役立つ<br>4. 技術も身につく<br><br>したがって、★の位置に入る語句は「現場で役立つ」となります。<br>標準レベル。前後の文脈をていねいに読むのがコツです。
JLPT_N2_LK_Gr_195,言語知識,文法,文の文法2,1,事故の ______ ______ __★__ ______ 交通規制が行われている。,影響で,道路が,混雑しているため,一部で,一部で,原因・理由（〜影響で ／ 〜ため）を表す基本的な文構造の問題です。<br>文を正しく組み立てると、「事故の影響で道路が一部で混雑しているため交通規制が行われている。」となります。<br><br>【正しい順番】<br>1. 影響で<br>2. 道路が<br>3. ★ 一部で<br>4. 混雑しているため<br><br>したがって、★の位置に入る語句は「一部で」となります。<br>基礎レベル。ここを固めておくと後がぐっと楽になります。
JLPT_N2_LK_Gr_196,言語知識,文法,文の文法2,5,長年の実績に ______ ______ __★__ ______ 高い信頼を得ている。,裏打ちされた,彼の判断は,組織内でも,極めて,組織内でも,「〜に裏打ちされた」は「実績や証拠にしっかり支えられた」という意味を表す硬い表現です。<br>文を正しく組み立てると、「長年の実績に裏打ちされた彼の判断は組織内でも極めて高い信頼を得ている。」となります。<br><br>【正しい順番】<br>1. 裏打ちされた<br>2. 彼の判断は<br>3. ★ 組織内でも<br>4. 極めて<br><br>したがって、★の位置に入る語句は「組織内でも」となります。<br>発展レベル。ここは差がつく一問。余裕があれば覚えておきましょう。
JLPT_N2_LK_Gr_197,言語知識,文法,文の文法2,4,彼の決断は ______ ______ __★__ ______ 批判を免れないだろう。,結果として,失敗に,終わった以上,周囲からの,終わった以上,「〜以上（は）」は「〜という事実・決定があるのだから当然」という強い理由を表す表現です。<br>文を正しく組み立てると、「彼の決断は結果として失敗に終わった以上周囲からの批判を免れないだろう。」となります。<br><br>【正しい順番】<br>1. 結果として<br>2. 失敗に<br>3. ★ 終わった以上<br>4. 周囲からの<br><br>したがって、★の位置に入る語句は「終わった以上」となります。<br>やや難しい応用レベル。ここまで解ければ上位層です。
JLPT_N2_LK_Gr_198,言語知識,文法,文章の文法,3,ワークライフバランサや働き方改革の推進に伴い、リモートワークや短時間勤務など柔軟な働き方を導入する企業が増加している。これにより、通勤時間の削減や子育て・介護との両立が容易になるなど、労働者にとって多くのメリットが生じている。 [ 1 ] 、対面でのコミュニケーション機会の減少や、業務とプライベートの境界が曖昧になることによるメンタルヘルスの悪化といった新たな課題も浮き彫りになってきた。利便性を享受しつつも、こうした副作用にどう対処していくかが今後の焦点となるだろう。<br><br>問： [ 1 ] に入る最も適切なものはどれか。,その一方で,その結果,なぜなら,つまり,その一方で,「その一方で」は、働き方の柔軟化によるメリット（前半）に対し、対面コミュニケーション減少などの課題や副作用（後半）という対比的な側面を提示する接続詞です。<br><br>・「その一方で」：相反する課題・側面を提示しているため正解です。<br>・「その結果」：メリットの直接的結果として課題が生じたわけではないため不自然です。<br>・「なぜなら」：理由説明ではないため合いません。<br>・「つまり」：要約ではないため合いません。<br>標準レベル。本番で合否を分けやすいタイプの問題です。
JLPT_N2_LK_Gr_199,言語知識,文法,文章の文法,2,ワークライフバランサや働き方改革の推進に伴い、リモートワークや短時間勤務など柔軟な働き方を導入する企業が増加している。これにより、通勤時間の削減や子育て・介護との両立が容易になるなど、労働者にとって多くのメリットが生じている。その一方で、対面でのコミュニケーション機会の減少や、業務とプライベートの境界が曖昧になることによるメンタルヘルスの悪化といった新たな課題も浮き彫りになってきた。利便性を享受しつつも、こうした副作用にどう対処していくかが今後の焦点に [ 2 ] 。<br><br>問： [ 2 ] に入る最も適切なものはどれか。,なるのではないだろうか,なるわけがない,なるにすぎない,なるはずがない,なるのではないだろうか,「〜のではないだろうか」は、文章のまとめとして筆者の提示する課題・展望をやわらかく丁寧に述べる定番の文末表現です。<br><br>・「なるのではないだろうか」：筆者の主張を自然に表しているので正解です。<br>・「なるわけがない」：強い否定になるため不自然です。<br>・「なるにすぎない」：評価を下げる表現なので合いません。<br>・「なるはずがない」：強い否定になるため合いません。<br>よく出る基本レベル。パターンで覚えてしまいましょう。
JLPT_N2_LK_Gr_200,言語知識,文法,文の文法1,4,新商品の開発 ______ 、顧客のニーズを徹底的に調査・分析した。,にあたって,を皮切りに,を考慮して,に沿って,にあたって,「〜にあたって」は、「〜を行う特別な機会・段階で、準備や心構えをする」という意味を表す文法表現です。<br>新商品開発という大きな取り組みの開始段階を表す文脈に適しています。<br><br>・「にあたって」：開発を開始・進める段階においてという意味になり、正解です。<br>・「を皮切りに」：「〜を出発点として次々に」という意味なので合いません。<br>・「を考慮して」：文法的に「開発を考慮して調査した」は意味が重複し不自然です。<br>・「に沿って」：「方針・計画に合わせて」という意味なので合いません。<br>応用レベル。一度で正解できたら自信を持ってよい問題です。
JLPT_N2_LK_Gr_201,言語知識,文法,文の文法1,1,明日から旅行に行くので、今日は早めに ______ つもりだ。,寝る,寝た,寝よう,寝て,寝る,「〜つもりだ」は、動詞の辞書形（またはた形・否定形）に接続して、話者の意図や計画を表す基本的な文法です。<br><br>・「寝る」：動詞の辞書形接続で「〜するつもりだ」となるため正解です。<br>・「寝た」「寝よう」「寝て」：この文脈での意図接続の基本形として不適切です。<br>まずここから。絶対に覚えたい基本の形です。
JLPT_N2_LK_Gr_202,言語知識,文法,文の文法1,5,たとえどんなに困難な状況に ______ 、彼は最後まであきらめないだろう。,直面しようとも,直面するとしても,直面するかのように,直面するがゆえに,直面しようとも,<br>・「直面しようとも」：「たとえ直面しても」という強い譲歩を表すため正解です。<br>・「直面するとしても」：一般的な条件表現で「たとえ〜ようとも」ほどの強い強調になりません。<br>・「直面するかのように」：比喩表現なので合いません。<br>・「直面するがゆえに」：理由表現なので合いません。<br>発展レベル。N1にもつながる難問です。今は「こんな表現もある」と知っておけば十分。
JLPT_N2_LK_Gr_203,言語知識,文法,文の文法1,2,天候の悪化 ______ 、本日の屋外イベントはすべて中止となった。,に伴い,を契機に,を問わず,に反して,に伴い,「〜に伴（ともな）い」は、「〜という変化・事態に伴って、別の事態が起きる」という原因・比例変化を表すN2の代表的な文法です。<br><br>・「に伴い」：天候悪化という事態に伴って中止になったことを表すので正解です。<br>・「を契機に」：きっかけを表すので事件・行動などに使われ、天候悪化には合いません。<br>・「を問わず」：「関係なく」という意味なので合いません。<br>・「に反して」：「予想と反対に」という意味なので合いません。<br>基本レベル。意味の違いを一度整理しておくと安心です。
JLPT_N2_LK_Gr_204,言語知識,文法,文の文法2,3,今回の法改正は ______ ______ __★__ ______ 影響を及ぼすだろう。,社会全体に,産業界のみならず,大きな,多様な分野で,多様な分野で,「〜のみならず」は「〜だけでなく、さらに他も」という意味を表すN2文法です。<br>文を正しく組み立てると、「今回の法改正は産業界のみならず社会全体に多様な分野で大きな影響を及ぼすだろう。」となります。<br><br>【正しい順番】<br>1. 産業界のみならず<br>2. 社会全体に<br>3. ★ 多様な分野で<br>4. 大きな<br><br>したがって、★の位置に入る語句は「多様な分野で」となります。<br>標準レベル。ここが安定して解けるとN2合格が見えてきます。
JLPT_N2_LK_Gr_205,言語知識,文法,文の文法2,5,長年の沈黙を ______ ______ __★__ ______ 明らかにした。,破って,語られた,真実は,人々に衝撃を,真実は,「〜を破って」は「状況を変えて」という意味を表します。<br>文を正しく組み立てると、「長年の沈黙を破って語られた真実は人々に衝撃を与え、詳細を明らかにした。」となります。<br><br>【正しい順番】<br>1. 破って<br>2. 語られた<br>3. ★ 真実は<br>4. 人々に衝撃を<br><br>したがって、★の位置に入る語句は「真実は」となります。<br>発展レベル。かなり難しいので、間違えても落ち込む必要はありません。
JLPT_N2_LK_Gr_206,言語知識,文法,文の文法2,1,彼は ______ ______ __★__ ______ 笑顔を見せた。,嬉しさの,あまり,思わず,大きな,思わず,文を正しく組み立てると、「彼は嬉しさのあまり思わず大きな笑顔を見せた。」となります。<br><br>【正しい順番】<br>1. 嬉しさの<br>2. あまり<br>3. ★ 思わず<br>4. 大きな<br><br>したがって、★の位置に入る語句は「思わず」となります。<br>落とせない基礎レベル。確実に正解しておきましょう。
JLPT_N2_LK_Gr_207,言語知識,文法,文の文法2,4,彼の決断は ______ ______ __★__ ______ 称賛に値する。,周囲の,反対を,押し切ってなされたものであり,勇気ある決断として,押し切ってなされたものであり,「〜を押し切って」「〜に値する」を含む構成です。<br>文を正しく組み立てると、「彼の決断は周囲の反対を押し切ってなされたものであり勇気ある決断として称賛に値する。」となります。<br><br>【正しい順番】<br>1. 周囲の<br>2. 反対を<br>3. ★ 押し切ってなされたものであり<br>4. 勇気ある決断として<br><br>したがって、★の位置に入る語句は「押し切ってなされたものであり」となります。<br>応用レベル。意外と難しい問題なので、間違えても気にしすぎないこと。
JLPT_N2_LK_Gr_208,言語知識,文法,文章の文法,3,読書習慣の定着が少子高齢化やデジタル化の波の中で課題とされている。スマートフォンや動画配信サービスの普及により、活字に触れる機会が減少傾向にあるのは事実である。 [ 1 ] 、電子書籍の利用率増加や音声ブックの広がりなど、新しい形で読書を楽しむ人々が増えていることも見逃せない。重要なのはメディアの形態ではなく、多様な情報や思想に触れて自ら深く考える機会をいかに確保するかである。<br><br>問： [ 1 ] に入る最も適切なものはどれか。,その一方で,その結果,なぜなら,つまり,その一方で,「その一方で」は、活字離れという一面（マイナス要因）に対し、新しい読書形態の普及（プラス要因）という対比される状況を提示する接続詞です。<br><br>・「その一方で」：対比される新しい傾向を提示しているので正解です。<br>・「その結果」：直接的な結果ではないため合いません。<br>・「なぜなら」：理由説明ではないため合いません。<br>・「つまり」：要約ではないため合いません。<br>実際の試験でよく問われる標準レベルの問題です。
JLPT_N2_LK_Gr_209,言語知識,文法,文章の文法,2,読書習慣の定着が少子高齢化やデジタル化の波の中で課題とされている。スマートフォンや動画配信サービスの普及により、活字に触れる機会が減少傾向にあるのは事実である。その一方で、電子書籍の利用率増加や音声ブックの広がりなど、新しい形で読書を楽しむ人々が増えていることも見逃せない。重要なのはメディアの形態ではなく、多様な情報や思想に触れて自ら深く考える機会をいかに確保するか [ 2 ] 。<br><br>問： [ 2 ] に入る最も適切なものはどれか。,ではないだろうか,わけがない,にすぎない,はずがない,ではないだろうか,「〜ではないだろうか」は、筆者の主張や論説の核心をやわらかく読者に提示する定番の文末表現です。<br><br>・「ではないだろうか」：筆者の提起する問い・主張として自然なため正解です。<br>・「わけがない」：強い否定になるため不自然です。<br>・「にすぎない」：文末の締めくくりとして不自然です。<br>・「はずがない」：強い否定になるため不自然です。<br>基本レベル。確実に得点したい一問です。
JLPT_N2_LK_Gr_210,言語知識,文法,文の文法1,3,長年にわたる研究の ______ 、ついに新しい治療法が開発された。,末に,最中に,にあたって,に先立って,末に,「〜の末（すえ）に」は、「長い時間や様々な苦労・考慮のプロセスの結果として」という意味を表すN2文法です。<br>長年の研究というプロセスの最終結果を表す文脈に適しています。<br><br>・「末に」：苦労やプロセスの末の結果を表すので正解です。<br>・「最中に」：「〜している真っ最中に」という意味なので合いません。<br>・「にあたって」：「〜を行う段階で」という意味なので合いません。<br>・「に先立って」：「〜を行う前に」という意味なので合いません。<br>標準レベル。前後の文脈をていねいに読むのがコツです。
JLPT_N2_LK_Gr_211,言語知識,文法,文の文法1,1,風で看板が ______ そうになっているから、気をつけてください。,倒れ,倒れる,倒れた,倒れよう,倒れ,「〜そう（だ）」は、動詞のます形に接続して「今にも〜しそうな状態・様子」を表す基本的な文法表現です。<br><br>・「倒れ」：ます形（「倒れます」の stem）なので正解です。<br>・「倒れる」「倒れた」「倒れよう」：接続の形として不適切です。<br>N2の土台になる文法です。迷わず選べるようにしておきたいところ。
JLPT_N2_LK_Gr_212,言語知識,文法,文の文法1,5,周囲の反対 ______ 、彼は自らの初志を貫き通した。,を押し切って,をよそに,を兼ねて,をもって,を押し切って,「〜を押し切って」は、「反対や困難などを退けて・強い意志で退けて押し通す」という意味を表す表現です。<br><br>・「を押し切って」：反対を退けて意志を通したことを表すので正解です。<br>・「をよそに」：「周囲の心配などを無視して」という意味ですが、強い意思で退けるニュアンスでは「押し切って」が最適です。<br>・「を兼ねて」：「〜の目的も合わせて」という意味なので合いません。<br>・「をもって」：「〜で（手段・期限）」という意味なので合いません。<br>発展レベル。硬い書き言葉で使われる表現です。読んで意味が分かれば合格ライン。
JLPT_N2_LK_Gr_213,言語知識,文法,文の文法1,4,この地域の伝統工芸は、技術の継承者不足により衰退の途 ______ 。,にある,をたどっている,にすぎない,にほかならない,にある,「〜の途（と）にある」は、「現在まさに〜というプロセス・途中の段階にある」という意味を表す硬い表現です。<br>「衰退の途にある」「発展の途にある」などの形で用いられます。<br><br>・「にある」：衰退という過程の途中にあることを表すため正解です。<br>・「をたどっている」「にすぎない」「にほかならない」：文脈および「〜の途」との自然な接続において不適切です。<br>応用レベル。文脈を最後まで読まないと選びきれないタイプです。
JLPT_N2_LK_Gr_214,言語知識,文法,文の文法2,2,この映画は ______ ______ __★__ ______ 多くの人々に支持されている。,幅広い,世代の,年齢を問わず,共感を呼び,世代の,「〜を問わず」は「〜に関係なく」という意味を表すN2文法です。<br>文を正しく組み立てると、「この映画は年齢を問わず幅広い世代の共感を呼び多くの人々に支持されている。」となります。<br><br>【正しい順番】<br>1. 年齢を問わず<br>2. 幅広い<br>3. ★ 世代の<br>4. 共感を呼び<br><br>したがって、★の位置に入る語句は「世代の」となります。<br>基本の表現ですが、似た形と混同しやすいので要注意。
JLPT_N2_LK_Gr_215,言語知識,文法,文の文法2,4,彼の発言は ______ ______ __★__ ______ と言わざるを得ない。,誤解を,与えかねない,文脈を無視した,ものであり,誤解を,「〜かねない」は「〜という悪い結果になる可能性がある」ことを表します。<br>文を正しく組み立てると、「彼の発言は文脈を無視したものであり誤解を与えかねないと言わざるを得ない。」となります。<br><br>【正しい順番】<br>1. 文脈を無視した<br>2. ものであり<br>3. ★ 誤解を<br>4. 与えかねない<br><br>したがって、★の位置に入る語句は「誤解を」となります。<br>やや難しい応用レベル。ここまで解ければ上位層です。
JLPT_N2_LK_Gr_216,言語知識,文法,文の文法2,1,彼は ______ ______ __★__ ______ 英語が話せる。,毎日,努力した,おかげで,ペラペラに,おかげで,「〜おかげで」は理由を表す基本構造です。<br>文を正しく組み立てると、「彼は毎日努力したおかげでペラペラに英語が話せる。」となります。<br><br>【正しい順番】<br>1. 毎日<br>2. 努力した<br>3. ★ おかげで<br>4. ペラペラに<br><br>したがって、★の位置に入る語句は「おかげで」となります。<br>基礎レベル。ここを固めておくと後がぐっと楽になります。
JLPT_N2_LK_Gr_217,言語知識,文法,文の文法2,5,長年の訓練に ______ ______ __★__ ______ 素晴らしい演技だった。,培われた,彼の技量は,存分に発揮され,観客を魅了する,存分に発揮され,「〜に培われた」は「〜によって長い時間をかけて育てられた」という意味を表します。<br>文を正しく組み立てると、「長年の訓練に培われた彼の技量は存分に発揮され観客を魅了する素晴らしい演技だった。」となります。<br><br>【正しい順番】<br>1. 培われた<br>2. 彼の技量は<br>3. ★ 存分に発揮され<br>4. 観客を魅了する<br><br>したがって、★の位置に入る語句は「存分に発揮され」となります。<br>発展レベル。ここは差がつく一問。余裕があれば覚えておきましょう。
JLPT_N2_LK_Gr_218,言語知識,文法,文章の文法,3,グローバル化が進む現代において、自国の文化や伝統を深く知ることの重要性が再認識されている。異文化と接触する機会が増えれば増やすほど、自らのルーツやアイデンティティに対する理解が問われるようになるからだ。 [ 1 ] 、単に自国の文化を誇るだけでなく、他国の文化との違いを客観的に比較し、相互の強みを生かしていく視点が求められる。互いの価値観を認め合い、歩み寄る努力こそが、多様性あふれる国際社会を築く基礎となるのではないだろうか。<br><br>問： [ 1 ] に入る最も適切なものはどれか。,その際,その結果,なぜなら,たとえば,その際,「その際（さい）」は、「そのような場面・プロセスにおいて」という意味で、前述した「異文化との接触や自国文化の問い直しが行われる場面」を受けて展開する接続詞です。<br><br>・「その際」：前述の場面における留意点を提示しているので正解です。<br>・「その結果」：帰結を表すため合いません。<br>・「なぜなら」：理由説明なので合いません。<br>・「たとえば」：例示なので合いません。<br>標準レベル。本番で合否を分けやすいタイプの問題です。
JLPT_N2_LK_Gr_219,言語知識,文法,文章の文法,2,グローバル化が進む現代において、自国の文化や伝統を深く知ることの重要性が再認識されている。異文化と接触する機会が増えれば増やすほど、自らのルーツやアイデンティティに対する理解が問われるようになるからだ。その際、単に自国の文化を誇るだけでなく、他国の文化との違いを客観的に比較し、相互の強みを生かしていく視点が求められる。互いの価値観を認め合い、歩み寄る努力こそが、多様性あふれる国際社会を築く基礎に [ 2 ] 。<br><br>問： [ 2 ] に入る最も適切なものはどれか。,なるのではないだろうか,なるわけがない,なるにすぎない,なるはずがない,なるのではないだろうか,「〜のではないだろうか」は、筆者の主張や見解をやわらかく・丁寧に読者に提案する文章のまとめの文末表現です。<br><br>・「なるのではないだろうか」：筆者の主張・結論を適切に表しているので正解です。<br>・「なるわけがない」：強い否定になるため不自然です。<br>・「なるにすぎない」：評価を下げる表現なので合いません。<br>・「なるはずがない」：強い否定になるため合いません。<br>よく出る基本レベル。パターンで覚えてしまいましょう。
JLPT_N2_LK_Gr_220,言語知識,文法,文の文法1,2,契約の締結 ______ 、双方の条件について入念な確認が行われた。,に際して,にともなって,に反して,に応じて,に際して,「〜に際（さい）して」は、「〜という特別な行動・行事をするにあたって／するときに」という意味を表す文法表現です。<br>契約締結という重要な場面での行為を表す文脈に適しています。<br><br>・「に際して」：特別な行事・手続きを行う場面を表すので正解です。<br>・「にともなって」：「〜と一緒に変化する」という意味なので合いません。<br>・「に反して」：「予想と反対に」という意味なので合いません。<br>・「に応じて」：「条件に合わせて」という意味なので合いません。<br>基本レベル。意味の違いを一度整理しておくと安心です。
JLPT_N2_LK_Gr_221,言語知識,文法,文の文法1,5,自身の不始末が招いた結果である以上、周囲からの批判は ______ 。,甘んじて受けるよりほかない,受けるわけにはいかない,受けるにすぎない,受けるはずがない,甘んじて受けるよりほかない,<br>・「甘んじて受けるよりほかない」：自分の失敗ゆえに批判を受け入れるしかないという諦め・決定の文脈に合うため正解です。<br>・「受けるわけにはいかない」：事情によりできないという意味なので不自然です。<br>・「受けるにすぎない」：限定の意味になり文脈に合いません。<br>・「受けるはずがない」：強い否定になるため矛盾します。<br>発展レベル。N1にもつながる難問です。今は「こんな表現もある」と知っておけば十分。
JLPT_N2_LK_Gr_222,言語知識,文法,文の文法1,1,彼は毎朝、ランニングをした ______ 仕事に向かう。,うえで,ついでに,反面,代わりに,うえで,「〜したうえで」は、「まず〜をしてから、次に…をする」という順序・準備を表す基本的な文法です。<br><br>・「うえで」：ランニングをしてから仕事に向かう順序を表すので正解です。<br>・「ついでに」：主目的のついでに別のことをする意味なので合いません。<br>・「反面」：二面性を表すので合いません。<br>・「代わりに」：代替えを表すので合いません。<br>まずここから。絶対に覚えたい基本の形です。
JLPT_N2_LK_Gr_223,言語知識,文法,文の文法1,4,彼ほどの知識と経験を持った人物 ______ 、この難局を乗り切ることはできないだろう。,でなければ,であっても,をはじめ,に即して,でなければ,<br>・「でなければ」：彼ほどの人物でなければ不可能だという強調表現になるため正解です。<br>・「であっても」：「〜であっても無理だ」とすると後の文章と噛み合いません。<br>・「をはじめ」：例示なので合いません。<br>・「に即して」：「〜に沿って」という意味なので合いません。<br>応用レベル。一度で正解できたら自信を持ってよい問題です。
JLPT_N2_LK_Gr_224,言語知識,文法,文の文法2,3,今回の発見は ______ ______ __★__ ______ 偉大な業績である。,科学史上に,残る,だけでなく,人類にとっても,だけでなく,「〜だけでなく〜も」は同等の要素を付け加える表現です。<br>文を正しく組み立てると、「今回の発見は科学史上に残るだけでなく人類にとっても偉大な業績である。」となります。<br><br>【正しい順番】<br>1. 科学史上に<br>2. 残る<br>3. ★ だけでなく<br>4. 人類にとっても<br><br>したがって、★の位置に入る語句は「だけでなく」となります。<br>標準レベル。ここが安定して解けるとN2合格が見えてきます。
JLPT_N2_LK_Gr_225,言語知識,文法,文の文法2,1,彼は ______ ______ __★__ ______ 勉強に励んでいる。,試験に,合格するために,毎日,遅くまで,毎日,基本構造と目的接続（〜ために）の問題です。<br>文を正しく組み立てると、「彼は試験に合格するために毎日遅くまで勉強に励んでいる。」となります。<br><br>【正しい順番】<br>1. 試験に<br>2. 合格するために<br>3. ★ 毎日<br>4. 遅くまで<br><br>したがって、★の位置に入る語句は「毎日」となります。<br>落とせない基礎レベル。確実に正解しておきましょう。
JLPT_N2_LK_Gr_226,言語知識,文法,文の文法2,4,彼の決断は ______ ______ __★__ ______ 尊重されるべきだ。,たとえ,周囲の,反対があったとしても,信念に基づくものであり,反対があったとしても,「たとえ〜としても」は譲歩を表す表現です。<br>文を正しく組み立てると、「彼の決断はたとえ周囲の反対があったとしても信念に基づくものであり尊重されるべきだ。」となります。<br><br>【正しい順番】<br>1. たとえ<br>2. 周囲の<br>3. ★ 反対があったとしても<br>4. 信念に基づくものであり<br><br>したがって、★の位置に入る語句は「反対があったとしても」となります。<br>応用レベル。意外と難しい問題なので、間違えても気にしすぎないこと。
JLPT_N2_LK_Gr_227,言語知識,文法,文の文法2,5,長年連添った ______ ______ __★__ ______ 言葉は不要だ。,夫婦に,言わせれば,説明の,理解し合うのに,理解し合うのに,「〜に言わせれば」は「〜の意見・視点によれば」という意味を表す表現です。<br>文を正しく組み立てると、「長年連添った夫婦に言わせれば理解し合うのに説明の言葉は不要だ。」となります。<br><br>【正しい順番】<br>1. 夫婦に<br>2. 言わせれば<br>3. ★ 理解し合うのに<br>4. 説明の<br><br>したがって、★の位置に入る語句は「理解し合うのに」となります。<br>発展レベル。かなり難しいので、間違えても落ち込む必要はありません。
JLPT_N2_LK_Gr_228,言語知識,文法,文章の文法,3,地域コミュニティの希薄化が指摘されて久しい。かつては近所同士での協力や交流が日常的に行われていたが、ライフスタイルの変化やプライバシー意識の高まりにより、隣人の顔すら知らないという状況も珍しくなくなった。 [ 1 ] 、災害時などの緊急事態においては、日頃からの地域での助け合いや情報共有が迅速な避難や支援に直結する。住民同士がゆるやかにつながりを持つ仕組みづくりが、今改めて求められているのではないだろうか。<br><br>問： [ 1 ] に入る最も適切なものはどれか。,しかしながら,その結果,なぜなら,たとえば,しかしながら,「しかしながら」は、前述の交流減少という現状に対して、災害時における地域連携の必要性という逆の視点・課題を対比させる逆接の接続詞です。<br><br>・「しかしながら」：逆接の文脈を自然につなぐため正解です。<br>・「その結果」：前の出来事から生じる結果を表すので合いません。<br>・「なぜなら」：理由説明に使うので合いません。<br>・「たとえば」：具体例の提示なので合いません。<br>実際の試験でよく問われる標準レベルの問題です。
JLPT_N2_LK_Gr_229,言語知識,文法,文章の文法,2,地域コミュニティの希薄化が指摘されて久しい。かつては近所同士での協力や交流が日常的に行われていたが、ライフスタイルの変化やプライバシー意識の高まりにより、隣人の顔すら知らないという状況も珍しくなくなった。しかしながら、災害時などの緊急事態においては、日頃からの地域での助け合いや情報共有が迅速な避難や支援に直結する。住民同士がゆるやかにつながりを持つ仕組みづくりが、今改めて [ 2 ] 。<br><br>問： [ 2 ] に入る最も適切なものはどれか。,求められているのではないだろうか,求められるわけがない,求められるにすぎない,求められるはずがない,求められているのではないだろうか,「〜のではないだろうか」は、筆者の意見や主張をやわらかく読者に提示する定番の文末表現です。<br><br>・「求められているのではないだろうか」：筆者の提案・主張を適切に表しているので正解です。<br>・「求められるわけがない」：強い否定になるため文脈に合いません。<br>・「求められるにすぎない」：限定の評価になるため合いません。<br>・「求められるはずがない」：強い否定になるため合いません。<br>基本レベル。確実に得点したい一問です。
JLPT_N2_LK_Gr_230,言語知識,文法,文の文法1,4,長年の夢だった自分の店を持つ ______ 、準備に追われる毎日だが充実している。,こととなり,に際して,にあたって,を皮切りに,こととなり,「〜こととなる」は、「〜することに決定する・事態が決まる」という意味を表す文法表現です。<br>「夢だった店を持つことになり、〜」という文脈に適合します。<br><br>・「こととなり」：事態の決定・経過を表すので正解です。<br>・「に際して」：「〜するときに」という意味なので不自然です。<br>・「にあたって」：「〜を行う段階で」という意味なので不自然です。<br>・「を皮切りに」：「〜を皮切りに次々と」という意味なので合いません。<br>応用レベル。文脈を最後まで読まないと選びきれないタイプです。
JLPT_N2_LK_Gr_231,言語知識,文法,文の文法1,1,風邪をひいた ______ 、今日の部活動は休むことにした。,ため,ついでに,に反して,にかかわらず,ため,「〜ため（に）」は、原因や理由を表す基本的な文法です。<br><br>・「ため」：風邪をひいたという理由を表すので正解です。<br>・「ついでに」：「利用して別のことをする」という意味なので合いません。<br>・「に反して」：「予想と反対に」という意味なので合いません。<br>・「にかかわらず」：「関係なく」という意味なので合いません。<br>N2の土台になる文法です。迷わず選べるようにしておきたいところ。
JLPT_N2_LK_Gr_232,言語知識,文法,文の文法1,5,この地域は自然が豊かな ______ 、夜間は街灯が少なく防犯上の課題が残る。,反面,のもとに,を限りに,をものともせず,反面,「〜反面（はんめん）」は、「ある一面では〜だが、別の面では対立する状況がある」という二面性を表す文法表現です。<br><br>・「反面」：自然が豊かである一方、防犯上の問題もあるという二面性を表すため正解です。<br>・「のもとに」：「〜の指導・条件の下で」という意味なので合いません。<br>・「を限りに」：「〜を最後に」という意味なので合いません。<br>・「をものともせず」：「障害に負けずに」という意味なので合いません。<br>発展レベル。硬い書き言葉で使われる表現です。読んで意味が分かれば合格ライン。
JLPT_N2_LK_Gr_233,言語知識,文法,文の文法1,3,プロの選手ともなると、技術力 ______ 、メンタル面の強さも不可欠である。,はもちろん,にかけては,に即して,を踏まえて,はもちろん,「〜はもちろん」は、「〜は言うまでもなく当然として、その他にも」という意味を表すN2の代表的な文法です。<br><br>・「はもちろん」：技術力は言うまでもなく重要だという文脈に合うため正解です。<br>・「にかけては」：「〜の分野では一番だ」という意味なので合いません。<br>・「に即して」：「〜に合わせて」という意味なので合いません。<br>・「を踏まえて」：「〜を考慮・前提として」という意味なので不自然です。<br>標準レベル。前後の文脈をていねいに読むのがコツです。
JLPT_N2_LK_Gr_234,言語知識,文法,文の文法2,2,この町は ______ ______ __★__ ______ 多くの観光客が訪れる。,四季を通じて,美しく,自然が,豊かなため,美しく,「〜を通じて」は「〜の期間ずっと」という意味を表します。<br>文を正しく組み立てると、「この町は四季を通じて自然が美しく豊かなため多くの観光客が訪れる。」となります。<br><br>【正しい順番】<br>1. 四季を通じて<br>2. 自然が<br>3. ★ 美しく<br>4. 豊かなため<br><br>したがって、★の位置に入る語句は「美しく」となります。<br>基本の表現ですが、似た形と混同しやすいので要注意。
JLPT_N2_LK_Gr_235,言語知識,文法,文の文法2,5,彼の長年にわたる ______ ______ __★__ ______ 高く評価されている。,地域社会への,貢献は,称賛に,値するものとして,称賛に,「〜に値（あたい）する」は「〜する価値が十分にある」という意味を表す硬い文法表現です。<br>文を正しく組み立てると、「彼の長年にわたる地域社会への貢献は称賛に値するものとして高く評価されている。」となります。<br><br>【正しい順番】<br>1. 地域社会への<br>2. 貢献は<br>3. ★ 称賛に<br>4. 値するものとして<br><br>したがって、★の位置に入る語句は「称賛に」となります。<br>発展レベル。ここは差がつく一問。余裕があれば覚えておきましょう。
JLPT_N2_LK_Gr_236,言語知識,文法,文の文法2,1,雨が ______ ______ __★__ ______ 家に帰った。,降ってきたので,傘を持って,おらず,急いで,おらず,基礎的な文構造と理由・条件接続の問題です。<br>文を正しく組み立てると、「雨が降ってきたので傘を持っておらず急いで家に帰った。」となります。<br><br>【正しい順番】<br>1. 降ってきたので<br>2. 傘を持って<br>3. ★ おらず<br>4. 急いで<br><br>したがって、★の位置に入る語句は「おらず」となります。<br>基礎レベル。ここを固めておくと後がぐっと楽になります。
JLPT_N2_LK_Gr_237,言語知識,文法,文の文法2,3,今回の実験は ______ ______ __★__ ______ 新しい知見が得られた。,予期せぬ,トラブルに,見舞われたものの,結果として,見舞われたものの,「〜ものの」は「〜という事実があるが、実際は…」という逆接を表すN2文法です。<br>文を正しく組み立てると、「今回の実験は予期せぬトラブルに見舞われたものの結果として新しい知見が得られた。」となります。<br><br>【正しい順番】<br>1. 予期せぬ<br>2. トラブルに<br>3. ★ 見舞われたものの<br>4. 結果として<br><br>したがって、★の位置に入る語句は「見舞われたものの」となります。<br>標準レベル。本番で合否を分けやすいタイプの問題です。
JLPT_N2_LK_Gr_238,言語知識,文法,文章の文法,4,環境問題に対する意識が高まる中、プラスチックごみの削減に向けた取り組みが世界中で広がっている。製品の過剰な包装を見直したり、マイバッグの持参を呼びかけたりする動きはその一例である。 [ 1 ] 、個人の努力だけに頼るのではなく、企業や行政が一体となって代替素材の開発やリサイクルシステムの構築を進めることが不可欠である。社会全体で持続可能な仕組みを作っていくことこそが、根本的な問題解決につながるのではないだろうか。<br><br>問： [ 1 ] に入る最も適切なものはどれか。,ただし,なぜなら,したがって,たとえば,ただし,「ただし」は、前に述べた前提や例示（個人の取り組み）に対し、「ただし〜という条件や注意点が必要だ」と付け加え・条件修正を行う接続詞です。<br><br>・「ただし」：個人の意識向上を踏まえた上で、それだけに頼るべきではないという補足・条件提示を行っているため正解です。<br>・「なぜなら」：理由説明なので合いません。<br>・「したがって」：順接結論なので合いません。<br>・「たとえば」：例示なので合いません。<br>やや難しい応用レベル。ここまで解ければ上位層です。
JLPT_N2_LK_Gr_239,言語知識,文法,文章の文法,2,環境問題に対する意識が高まる中、プラスチックごみの削減に向けた取り組みが世界中で広がっている。製品の過剰な包装を見直したり、マイバッグの持参を呼びかけたりする動きはその一例である。ただし、個人の努力だけに頼るのではなく、企業や行政が一体となって代替素材の開発やリサイクルシステムの構築を進めることが不可欠である。社会全体で持続可能な仕組みを作っていくことこそが、根本的な問題解決に [ 2 ] 。<br><br>問： [ 2 ] に入る最も適切なものはどれか。,つながるのではないだろうか,つながるわけがない,つながるにすぎない,つながるはずがない,つながるのではないだろうか,「〜のではないだろうか」は、筆者の主張や意見をやわらかく・丁寧に提示する文末表現です。<br><br>・「つながるのではないだろうか」：筆者の考えを自然にまとめているので正解です。<br>・「つながるわけがない」：強い否定になるため文脈に合いません。<br>・「つながるにすぎない」：評価を下げる表現なので合いません。<br>・「つながるはずがない」：強い否定になるため合いません。<br>よく出る基本レベル。パターンで覚えてしまいましょう。
JLPT_N2_LK_Gr_240,言語知識,文法,文の文法1,2,留学 ______ 、彼の視野は大きく広がり、将来の夢も明確になった。,をきっかけに,に際して,に反して,にともなって,をきっかけに,「〜をきっかけに」は、「〜を動機・契機として、新しい変化や行動が始まる」という意味を表します。<br>留学という体験を通して視野が広がるという変化を表す文脈に適切です。<br><br>・「をきっかけに」：留学を契機として変化が起きたことを表すので正解です。<br>・「に際して」：「〜するときに」という意味なので合いません。<br>・「に反して」：「予想と反対に」という意味なので合いません。<br>・「にともなって」：「〜と一緒に変化する」という意味なので不自然です。<br>基本レベル。意味の違いを一度整理しておくと安心です。
JLPT_N2_LK_Gr_241,言語知識,文法,文の文法1,4,あんなに練習したのだから、明日の試合で負ける ______ 。,わけがない,わけにはいかない,かねない,にすぎない,わけがない,「〜わけがない」は、「〜という可能性は絶対にない」と強く否定・推測するときに使う表現です。<br>あんなに練習したのだから負けるはずがないという強い確信を表します。<br><br>・「わけがない」：絶対に負けないという強い確信を表すため正解です。<br>・「わけにはいかない」：「事情があってできない」という意味なので合いません。<br>・「かねない」：「〜という悪い結果になる可能性がある」という意味なので合いません。<br>・「にすぎない」：「ただ〜なだけだ」という意味なので合いません。<br>応用レベル。一度で正解できたら自信を持ってよい問題です。
JLPT_N2_LK_Gr_242,言語知識,文法,文の文法1,1,この映画は、実際に起きた事件 ______ 作られている。,に基づいて,に比べて,に反して,に向かって,に基づいて,「〜に基（もと）づいて」は、「〜を基準・基礎・材料として」という意味を表す基本的なN2文法です。<br><br>・「に基づいて」：実際の事件を基礎・テーマとして映画が作られていることを表すので正解です。<br>・「に比べて」：「比較」を表すので合いません。<br>・「に反して」：「予想と反対」を表すので合いません。<br>・「に向かって」：「方向・目標」を表すので合いません。<br>まずここから。絶対に覚えたい基本の形です。
JLPT_N2_LK_Gr_243,言語知識,文法,文の文法1,5,彼の発言は、その場の雰囲気を ______ には十分すぎるものだった。,凍りつかせる,凍りつかせない,凍りつかせかねない,凍りつかせまい,凍りつかせる,「〜には十分だ」は、「〜という結果を生むのに十分なほど〜だ」という意味を表します。<br>「その場の雰囲気を凍りつかせるには十分すぎるものだった（＝雰囲気を一瞬で凍りつかせるほどだった）」となります。<br><br>・「凍りつかせる」：雰囲気を凍りつかせる結果を生む意味になり、正解です。<br>・「凍りつかせない」「凍りつかせかねない」「凍りつかせまい」：文法的・意味的に不自然になります。<br>発展レベル。N1にもつながる難問です。今は「こんな表現もある」と知っておけば十分。
JLPT_N2_LK_Gr_244,言語知識,文法,文の文法2,3,今回のプロジェクトを ______ ______ __★__ ______ チーム全員の協力のおかげだ。,無事に,成功させることが,できたのは,他でもなく,できたのは,「〜のは他でもなく…のおかげだ」は、「まさに…のおかげだ」と理由を強調する表現です。<br>文を正しく組み立てると、「今回のプロジェクトを無事に成功させることができたのは他でもなくチーム全員の協力のおかげだ。」となります。<br><br>【正しい順番】<br>1. 無事に<br>2. 成功させることが<br>3. ★ できたのは<br>4. 他でもなく<br><br>したがって、★の位置に入る語句は「できたのは」となります。<br>標準レベル。ここが安定して解けるとN2合格が見えてきます。
JLPT_N2_LK_Gr_245,言語知識,文法,文の文法2,1,体調が ______ ______ __★__ ______ 無理をしないでください。,悪い,と感じた,ときは,決して,ときは,基礎的な文の組み立て問題です。<br>文を正しく組み立てると、「体調が悪いと感じたときは決して無理をしないでください。」となります。<br><br>【正しい順番】<br>1. 悪い<br>2. と感じた<br>3. ★ ときは<br>4. 決して<br><br>したがって、★の位置に入る語句は「ときは」となります。<br>落とせない基礎レベル。確実に正解しておきましょう。
JLPT_N2_LK_Gr_246,言語知識,文法,文の文法2,4,時代の変化 ______ ______ __★__ ______ 柔軟に対応していく必要がある。,に伴い,多様化する,社会の,ニーズに,社会の,「〜に伴（ともな）い」は、「〜の変化と一緒に」という意味を表すN2表現です。<br>文を正しく組み立てると、「時代の変化に伴い多様化する社会のニーズに柔軟に対応していく必要がある。」となります。<br><br>【正しい順番】<br>1. に伴い<br>2. 多様化する<br>3. ★ 社会の<br>4. ニーズに<br><br>したがって、★の位置に入る語句は「社会の」となります。<br>応用レベル。意外と難しい問題なので、間違えても気にしすぎないこと。
JLPT_N2_LK_Gr_247,言語知識,文法,文の文法2,5,彼の提案は ______ ______ __★__ ______ 検討に値する。,一見の,価値が,あるばかりか,画期的であり,あるばかりか,「〜ばかりか」は「〜だけでなく、さらに〜も」という意味を表します。「〜に値する」は「〜するだけの価値がある」を表す発展的な文法表現です。<br>文を正しく組み立てると、「彼の提案は一見の価値があるばかりか画期的であり検討に値する。」となります。<br><br>【正しい順番】<br>1. 一見の<br>2. 価値が<br>3. ★ あるばかりか<br>4. 画期的であり<br><br>したがって、★の位置に入る語句は「あるばかりか」となります。<br>発展レベル。かなり難しいので、間違えても落ち込む必要はありません。
JLPT_N2_LK_Gr_248,言語知識,文法,文章の文法,3,AIや自動化技術の急速な進化により、社会のさまざまな分野で作業の効率化が進んでいる。これまで人間が行ってきた定型的な業務が自動化され、短時間で正確に処理できるようになりつつある。 [ 1 ] 、技術の発展に伴い、人間にしかできない高度な判断や創造的な思考の重要性がむしろ高まっている。単に技術を利用するだけでなく、人間ならではの強みをどう生かしていくかが、これからの時代を生きる鍵になるだろう。<br><br>問： [ 1 ] に入る最も適切なものはどれか。,その一方で,その結果,なぜなら,つまり,その一方で,「その一方で」は、一つの事象（自動化・効率化の進展）に対し、別の対比される側面（人間ならではの創造性の需要増加）を提示するときに使う接続詞です。<br><br>・「その一方で」：効率化が進む半面で人間独自の思考も重要になっているという対比を表すため正解です。<br>・「その結果」：前の出来事から直接生じる結果を表すので合いません。<br>・「なぜなら」：理由を述べる接続詞なので合いません。<br>・「つまり」：要約や言い換えに使うため合いません。<br>実際の試験でよく問われる標準レベルの問題です。
JLPT_N2_LK_Gr_249,言語知識,文法,文章の文法,2,AIや自動化技術の急速な進化により、社会のさまざまな分野で作業の効率化が進んでいる。これまで人間が行ってきた定型的な業務が自動化され、短時間で正確に処理できるようになりつつある。その一方で、技術の発展に伴い、人間にしかできない高度な判断や創造的な思考の重要性がむしろ高まっている。単に技術を利用するだけでなく、人間ならではの強みをどう生かしていくかが、これからの時代を生きる鍵に [ 2 ] 。<br><br>問： [ 2 ] に入る最も適切なものはどれか。,なるのではないだろうか,なるわけがない,なるにすぎない,なるはずがない,なるのではないだろうか,「〜のではないだろうか」は、筆者の意見や主張をやわらかく・丁寧に読者に伝える文末表現です。<br><br>・「なるのではないだろうか」：筆者の主張を自然に表しているので正解です。<br>・「なるわけがない」：強い否定になるため文脈に合いません。<br>・「なるにすぎない」：評価を下げる表現なので合いません。<br>・「なるはずがない」：強い否定になるため合いません。<br>基本レベル。確実に得点したい一問です。
JLPT_N2_LK_Gr_250,言語知識,文法,文の文法1,2,彼は忙しい仕事の ______ 、趣味の絵画を続けている。,合間に,最中に,のすえに,をもとに,合間に,「〜の合間（あいま）に」は、「忙しい時間のちょっとした切れ目・スキマ時間に」という意味を表します。<br>仕事のスキマ時間に趣味を続けている文脈にぴったりです。<br><br>・「合間に」：忙しい時間の合間に行っていることを表すので正解です。<br>・「最中に」：「ちょうどそのアクションを行っている真っ最中に」という意味なので不自然です。<br>・「のすえに」：「〜という苦労の結果」という意味なので合いません。<br>・「をもとに」：「〜を材料・ヒントにして」という意味なので合いません。<br>基本の表現ですが、似た形と混同しやすいので要注意。
JLPT_N2_LK_Gr_251,言語知識,文法,文の文法1,4,新しい制度の導入 ______ 、社内では活発な議論が交わされている。,をめぐって,にしたがって,に反して,をもとにして,をめぐって,「〜を巡（めぐ）って」は、「〜という問題やテーマに関して、周囲で議論や対立が起こる」という意味を表します。<br><br>・「をめぐって」：新制度の導入というテーマについて議論されていることを表すので正解です。<br>・「にしたがって」：「〜に合わせて」という意味なので合いません。<br>・「に反して」：「予想と反対に」という意味なので合いません。<br>・「をもとにして」：「〜を素材にして」という意味なので不自然です。<br>応用レベル。文脈を最後まで読まないと選びきれないタイプです。
JLPT_N2_LK_Gr_252,言語知識,文法,文の文法1,1,天気予報 ______ 、午後は雨が降るそうだ。,によると,について,にくらべて,に答えて,によると,「〜によると」は、伝聞（〜そうだ、〜ということだ）の出所・情報源を表す基本的な文法です。<br><br>・「によると」：天気予報という情報源を表すので正解です。<br>・「について」：「〜をテーマに」という意味なので合いません。<br>・「にくらべて」：「〜と比較して」という意味なので合いません。<br>・「に答えて」：「要望などに応じる」という意味なので合いません。<br>N2の土台になる文法です。迷わず選べるようにしておきたいところ。
JLPT_N2_LK_Gr_253,言語知識,文法,文の文法1,5,彼の長年の努力と功績 ______ 、この賞が贈られた。,をたたえて,をよそに,を控えて,をもって,をたたえて,「〜をたたえて」は、「〜（業績や努力など）を褒め称えて・敬意を表して」という意味を表す表現です。<br><br>・「をたたえて」：功績を称えて賞を贈る場面にぴったりなので正解です。<br>・「をよそに」：「〜を気にしないで」という意味なので合いません。<br>・「を控えて」：「〜を直前に手前として」という意味なので合いません。<br>・「をもって」：「〜で（手段・期限）」という意味なので不自然です。<br>発展レベル。硬い書き言葉で使われる表現です。読んで意味が分かれば合格ライン。
JLPT_N2_LK_Gr_254,言語知識,文法,文の文法2,3,この製品は ______ ______ __★__ ______ 評価されている。,デザイン性,機能性,のみならず,も高く,機能性,「〜のみならず〜も」は、「〜だけでなく〜も」という意味を表すN2の代表的な文法です。<br>文を正しく組み立てると、「この製品はデザイン性のみならず機能性も高く評価されている。」となります。<br><br>【正しい順番】<br>1. デザイン性<br>2. のみならず<br>3. ★ 機能性<br>4. も高く<br><br>「デザイン性＋のみならず」で1つ目の要素を提示し、その後に「機能性＋も高く」とつなげます。<br>したがって、★の位置に入る語句は「機能性」となります。<br>標準レベル。前後の文脈をていねいに読むのがコツです。
JLPT_N2_LK_Gr_255,言語知識,文法,文の文法2,1,薬を ______ ______ __★__ ______ 治った。,飲んだ,おかげで,すっかり,頭痛が,頭痛が,「〜おかげで」は、良い原因・理由を表す基本文法です。<br>文を正しく組み立てると、「薬を飲んだおかげで頭痛がすっかり治った。」となります。<br><br>【正しい順番】<br>1. 飲んだ<br>2. おかげで<br>3. ★ 頭痛が<br>4. すっかり<br><br>「飲んだ＋おかげで」という理由節のあとに、「頭痛が＋すっかり＋治った」とつなげます。<br>したがって、★の位置に入る語句は「頭痛が」となります。<br>基礎レベル。ここを固めておくと後がぐっと楽になります。
JLPT_N2_LK_Gr_256,言語知識,文法,文の文法2,4,彼の判断は ______ ______ __★__ ______ 批判を免れない。,観点から,見ても,どのような,厳しい,見ても,「どのような〜観点から見ても」は、「どんな視点から考えても〜だ」と判断を述べる応用表現です。<br>文を正しく組み立てると、「彼の判断はどのような観点から見ても厳しい批判を免れない。」となります。<br><br>【正しい順番】<br>1. どのような<br>2. 観点から<br>3. ★ 見ても<br>4. 厳しい<br><br>「どのような＋観点から＋見ても」の構造を作り、その後に「厳しい＋批判を免れない」とつなげます。<br>したがって、★の位置に入る語句は「見ても」となります。<br>やや難しい応用レベル。ここまで解ければ上位層です。
JLPT_N2_LK_Gr_257,言語知識,文法,文の文法2,5,彼の説得は ______ ______ __★__ ______ 心を動かした。,熱意に,満ちたものであり,人々の,多くの,多くの,「〜に満ちた」は「〜で満たされている」状態を表します。<br>文を正しく組み立てると、「彼の説得は熱意に満ちたものであり多くの人々の心を動かした。」となります。<br><br>【正しい順番】<br>1. 熱意に<br>2. 満ちたものであり<br>3. ★ 多くの<br>4. 人々の<br><br>「熱意に＋満ちたものであり」で前節を作り、その後に「多くの＋人々の＋心を動かした」とつなげます。<br>したがって、★の位置に入る語句は「多くの」となります。<br>発展レベル。ここは差がつく一問。余裕があれば覚えておきましょう。
JLPT_N2_LK_Gr_258,言語知識,文法,文章の文法,3,グローバリゼーションの進展に伴い、異文化間のコミュニケーションの機会が急速に増えている。共通語としての英語の重要性が増す一方で、単に言語を習得するだけでは十分とは言えない。 [ 1 ] 、文化的な背景や価値観の違いを理解し、お互いを尊重する姿勢がなければ、真の相互理解は得られないからだ。自分の価値観にとらわれず、多様性を受け入れる柔軟さを持つことこそが、これからの時代を生きる私たちに求められているのではないだろうか。<br><br>問： [ 1 ] に入る最も適切なものはどれか。,なぜなら,その結果,つまり,たとえば,なぜなら,「なぜなら」は、直前の主張（単に言語を習得するだけでは不十分）に対する理由（背景や価値観を理解しなければ相互理解が得られないから）を説明するときに使う接続詞です。<br><br>・「なぜなら」：直前で述べた主張の理由を提示しているので正解です。<br>・「その結果」：帰結を表すため合いません。<br>・「つまり」：要約に使うので合いません。<br>・「たとえば」：具体例を挙げるときに使うので合いません。<br>標準レベル。本番で合否を分けやすいタイプの問題です。
JLPT_N2_LK_Gr_259,言語知識,文法,文章の文法,2,グローバリゼーションの進展に伴い、異文化間のコミュニケーションの機会が急速に増えている。共通語としての英語の重要性が増す一方で、単に言語を習得するだけでは十分とは言えない。なぜなら、文化的な背景や価値観の違いを理解し、お互いを尊重する姿勢がなければ、真の相互理解は得られないからだ。自分の価値観にとらわれず、多様性を受け入れる柔軟さを持つことこそが、これからの時代を生きる私たちに [ 2 ] 。<br><br>問： [ 2 ] に入る最も適切なものはどれか。,求められているのではないだろうか,求められるわけがない,求められるにすぎない,求められるはずがない,求められているのではないだろうか,「〜のではないだろうか」は、筆者の意見や主張をやわらかく・丁寧に読者に伝える文末表現です。<br>文章のまとめとして筆者の考えを述べる基本的な文末文法問題です。<br><br>・「求められているのではないだろうか」：筆者の主張を自然に提示しているので正解です。<br>・「求められるわけがない」：強い否定になるため不自然です。<br>・「求められるにすぎない」：評価を下げる表現なので合いません。<br>・「求められるはずがない」：強い否定になるため合いません。<br>よく出る基本レベル。パターンで覚えてしまいましょう。
JLPT_N2_LK_Gr_260,言語知識,文法,文の文法1,2,天候の悪化 ______ 、登山計画は途中で中止となった。,により,に反して,にかぎらず,に沿って,により,「〜により」は理由・原因を表すN2の基本文法です。<br>天候の悪化という原因で計画が中止になったことを示します。<br><br>・「により」：理由を表すため正解です。<br>・「に反して」：「予想と反対に」という意味なので合いません。<br>・「にかぎらず」：「〜だけでなく」という意味なので合いません。<br>・「に沿って」：「方針などに合わせて」という意味なので合いません。<br>基本レベル。意味の違いを一度整理しておくと安心です。
JLPT_N2_LK_Gr_261,言語知識,文法,文の文法1,4,一度引き受けた ______ 、最後まで責任を持ってやり遂げなければならない。,以上は,次第で,次第に,どころか,以上は,「〜以上（は）」は、「〜という事実や立場があるのだから、当然〜する責任・覚悟がある」という意味を表します。<br><br>・「以上は」：引き受けた以上はやり遂げるという義務・覚悟を表すので、正解です。<br>・「次第で」：「〜によって決まる」という意味なので合いません。<br>・「次第に」：「だんだん」という意味なので合いません。<br>・「どころか」：「〜どころか全く違う」という意味なので合いません。<br>応用レベル。一度で正解できたら自信を持ってよい問題です。
JLPT_N2_LK_Gr_262,言語知識,文法,文の文法1,1,彼女は忙しい ______ 、いつも笑顔で親切に対応してくれる。,にもかかわらず,については,にしたがって,に向かって,にもかかわらず,「〜にもかかわらず」は、「〜という状態なのに・〜であるのに」という逆接を表す基本的な文法です。<br><br>・「にもかかわらず」：忙しい状態であるにもかかわらず親切にしてくれることを表すので、正解です。<br>・「については」：「〜をテーマとして」という意味なので合いません。<br>・「にしたがって」：「〜に合わせて」という意味なので合いません。<br>・「に向かって」：「方向・目標」を表すので合いません。<br>まずここから。絶対に覚えたい基本の形です。
JLPT_N2_LK_Gr_263,言語知識,文法,文の文法1,5,高品質な素材と、職人の卓越した技術が ______ 、この芸術的な作品が生み出された。,相まって,伴って,則って,巡って,相まって,「〜と相（あい）まって」は、「複数の要素や要因が合わさって、より大きな効果や結果を生み出す」という意味を表す硬い表現です。<br><br>・「相まって」：素材の良さと技術が組み合わさって作品ができたことを表すので、正解です。<br>・「伴って」：「〜と一緒に生じる」という意味なので不自然です。<br>・「則って」：「ルールに従って」という意味なので合いません。<br>・「巡って」：「〜を議論の対象として」という意味なので合いません。<br>発展レベル。N1にもつながる難問です。今は「こんな表現もある」と知っておけば十分。
JLPT_N2_LK_Gr_264,言語知識,文法,文の文法2,3,この地域は、______ ______ __★__ ______ 交通の便が非常に良い。,路線が,複数の,乗り入れているため,電車の,路線が,「〜ため」は理由を表します。<br>文を正しく組み立てると、「この地域は、複数の電車の路線が乗り入れているため交通の便が非常に良い。」となります。<br><br>【正しい順番】<br>1. 複数の<br>2. 電車の<br>3. ★ 路線が<br>4. 乗り入れているため<br><br>「複数の＋電車の＋路線が＋乗り入れているため」という理由の節を作り、文末につなげます。<br>したがって、★の位置に入る語句は「路線が」となります。<br>標準レベル。ここが安定して解けるとN2合格が見えてきます。
JLPT_N2_LK_Gr_265,言語知識,文法,文の文法2,1,彼は ______ ______ __★__ ______ 会社を辞めた。,理由で,体調を,崩したという,突然,崩したという,「〜という理由で」は原因や理由を表す基本構造です。<br>文を正しく組み立てると、「彼は突然体調を崩したという理由で会社を辞めた。」となります。<br><br>【正しい順番】<br>1. 突然<br>2. 体調を<br>3. ★ 崩したという<br>4. 理由で<br><br>「突然＋体調を＋崩したという＋理由で」という順番で繋げます。<br>したがって、★の位置に入る語句は「崩したという」となります。<br>落とせない基礎レベル。確実に正解しておきましょう。
JLPT_N2_LK_Gr_266,言語知識,文法,文の文法2,4,環境保護の ______ ______ __★__ ______ 対策が求められている。,観点から,言えば,早急な,対応が,早急な,「〜観点から言えば」は、「〜の視点・立場から意見を述べると」という意味を表す文法です。<br>文を正しく組み立てると、「環境保護の観点から言えば早急な対応が求められている。」となります。<br><br>【正しい順番】<br>1. 観点から<br>2. 言えば<br>3. ★ 早急な<br>4. 対応が<br><br>「環境保護の＋観点から＋言えば」で前提を提示し、その後に「早急な＋対応が」と繋げます。<br>したがって、★の位置に入る語句は「早急な」となります。<br>応用レベル。意外と難しい問題なので、間違えても気にしすぎないこと。
JLPT_N2_LK_Gr_267,言語知識,文法,文の文法2,2,どれほど ______ ______ __★__ ______ 感謝の気持ちは伝えきれない。,あなたには,言葉を,尽くしても,お世話になった,言葉を,「どれほど〜ても」は、「どんなに〜しても（限界を超えて）」という意味を表す表現です。<br>文を正しく組み立てると、「どれほどお世話になったあなたには言葉を尽くしても感謝の気持ちは伝えきれない。」となります。<br><br>【正しい順番】<br>1. お世話になった<br>2. あなたには<br>3. ★ 言葉を<br>4. 尽くしても<br><br>「お世話になった＋あなたには」の修飾構造を作り、「言葉を＋尽くしても」と接続します。<br>したがって、★の位置に入る語句は「言葉を」となります。<br>基本レベル。確実に得点したい一問です。
JLPT_N2_LK_Gr_268,言語知識,文法,文章の文法,3,異文化理解において大切なのは、相手の価値観や習慣を自分の基準だけで判断しないことである。生まれ育った環境が異なれば、ものの見方や行動の背景にある考え方も当然異なるからだ。 [ 1 ] 、自分たちの文化を絶対的なものと捉えず、相手の背景に関心を持ち、尊重する姿勢が求められる。互いの違いを認め合うことで、より深いコミュニケーションが可能になるはずだ。<br><br>問： [ 1 ] に入る最も適切なものはどれか。,したがって,なぜなら,しかし,たとえば,したがって,「したがって」は、前に述べられた理由（文化や環境が異なれば考え方も違う）から、論理的に導き出される行動や態度の結論（相手の背景を尊重すべき）を提示する順接の接続詞です。<br><br>・「したがって」：論理的な結論を導くため正解です。<br>・「なぜなら」：理由を述べるときに使うので合いません。<br>・「しかし」：逆接を表すので合いません。<br>・「たとえば」：具体例を挙げるときに使うので合いません。<br>実際の試験でよく問われる標準レベルの問題です。
JLPT_N2_LK_Gr_269,言語知識,文法,文章の文法,5,異文化理解において大切なのは、相手の価値観や習慣を自分の基準だけで判断しないことである。生まれ育った環境が異なれば、ものの見方や行動の背景にある考え方も当然異なるからだ。したがって、自分たちの文化を絶対的なものと捉えず、相手の背景に関心を持ち、尊重する姿勢が求められる。互いの違いを認め合うことで、より深いコミュニケーションが [ 2 ] 。<br><br>問： [ 2 ] に入る最も適切なものはどれか。,可能になるのではないだろうか,可能になるわけがない,可能になるにすぎない,可能になるはずがない,可能になるのではないだろうか,「〜のではないだろうか」は、筆者の主張や見解をやわらかく・丁寧に読者に提案・提示する文末表現です。<br>文章全体の主張を適切にまとめる文末表現として機能しています。<br><br>・「可能になるのではないだろうか」：筆者の主張・結論を適切に表しているので正解です。<br>・「可能になるわけがない」：強い否定になるため不自然です。<br>・「可能になるにすぎない」：評価を下げる表現なので合いません。<br>・「可能になるはずがない」：強い否定になるため合いません。<br>発展レベル。かなり難しいので、間違えても落ち込む必要はありません。
JLPT_N2_LK_Gr_270,言語知識,文法,文の文法1,2,新しい事業を開始する ______ 、十分な市場調査を行った。,にあたって,に比べて,に反して,にもかかわらず,にあたって,「〜にあたって」は、「〜という特別な行動や行事を行う段階・場面で」という意味を表すN2文法です。<br>新しい事業を始める準備・段階で調査を行った場面にぴったりです。<br><br>・「にあたって」：事業開始に際して準備・行動したことを表すので、正解です。<br>・「に比べて」：「〜と比較して」という意味なので合いません。<br>・「に反して」：「予想と反対に」という意味なので合いません。<br>・「にもかかわらず」：「〜なのに」という逆接を表すので合いません。<br>基本の表現ですが、似た形と混同しやすいので要注意。
JLPT_N2_LK_Gr_271,言語知識,文法,文の文法1,4,資金難のため、プロジェクトの中断 ______ 。,を余儀なくされた,を禁じえなかった,にすぎなかった,に越したことはなかった,を余儀なくされた,「〜を余儀（よぎ）なくされる」は、「自分の意志とは関係なく、他からの圧力や事情によって仕方なく〜させられる」という意味を表す硬い表現です。<br><br>・「を余儀なくされた」：資金難という事情により中断せざるを得なくなったことを表すので、正解です。<br>・「を禁じえなかった」：「感情を抑えられなかった」という意味なので合いません。<br>・「にすぎなかった」：「ただ〜なだけだった」という意味なので合いません。<br>・「に越したことはなかった」：「〜のほうが良かった」という意味なので合いません。<br>応用レベル。文脈を最後まで読まないと選びきれないタイプです。
JLPT_N2_LK_Gr_272,言語知識,文法,文の文法1,1,明日は大事なテストがあるので、遊んでいる ______ 。,わけにはいかない,おかげではない,わけがない,にちがいない,わけにはいかない,「〜わけにはいかない」は、「社会的規範や道徳、個人的な事情により、そうすることはできない」という意味を表す基本的な文法です。<br><br>・「わけにはいかない」：テスト前の事情により遊ぶことができないという意味になり、正解です。<br>・「おかげではない」：意味が通じません。<br>・「わけがない」：「絶対に〜ない」という強い否定・推測なので不自然です。<br>・「にちがいない」：「絶対に〜だ」という確信を表すので合いません。<br>N2の土台になる文法です。迷わず選べるようにしておきたいところ。
JLPT_N2_LK_Gr_273,言語知識,文法,文の文法1,5,子供 ______ 、大人がこのような初歩的なミスを犯すとは呆れてしまう。,ならいざ知らず,のみならず,につけ,に即して,ならいざ知らず,「子供ならまだしも、大人が〜」という対比でよく用いられます。<br><br>・「ならいざ知らず」：子供ならまだ別だが大人がミスをするのは呆れる、という意味を表すので正解です。<br>・「のみならず」：「〜だけでなく」という意味なので合いません。<br>・「につけ」：「〜するたびに」という意味なので合いません。<br>・「に即して」：「〜に合わせて・沿って」という意味なので合いません。<br>発展レベル。硬い書き言葉で使われる表現です。読んで意味が分かれば合格ライン。
JLPT_N2_LK_Gr_274,言語知識,文法,文の文法2,3,この地域には ______ ______ __★__ ______ 多くの観光地がある。,歴史的な,建造物,をはじめとする,魅力的な,をはじめとする,「〜をはじめ（とする）」は、「〜を代表的な例として、その他にも多く」という意味を表す文法です。<br>文を正しく組み立てると、「この地域には歴史的な建造物をはじめとする魅力的な観光地がある。」となります。<br><br>【正しい順番】<br>1. 歴史的な<br>2. 建造物<br>3. ★ をはじめとする<br>4. 魅力的な<br><br>「歴史的な＋建造物」を作り、後ろに「をはじめとする＋魅力的な＋観光地」とつなげます。<br>したがって、★の位置に入る語句は「をはじめとする」となります。<br>標準レベル。前後の文脈をていねいに読むのがコツです。
JLPT_N2_LK_Gr_275,言語知識,文法,文の文法2,1,先生が ______ ______ __★__ ______ 無事に合格できた。,優しく,教えてくれた,おかげで,試験に,おかげで,「〜おかげで」は、「〜という良い理由・原因で好ましい結果になった」という意味を表す基本文法です。<br>文を正しく組み立てると、「先生が優しく教えてくれたおかげで試験に無事に合格できた。」となります。<br><br>【正しい順番】<br>1. 優しく<br>2. 教えくれた<br>3. ★ おかげで<br>4. 試験に<br><br>「優しく＋教えてくれた＋おかげで」の節を作り、最後に「試験に＋無事に合格できた」とつなげます。<br>したがって、★の位置に入る語句は「おかげで」となります。<br>基礎レベル。ここを固めておくと後がぐっと楽になります。
JLPT_N2_LK_Gr_276,言語知識,文法,文の文法2,4,今回の失敗は ______ ______ __★__ ______ にほかならない。,彼の,油断と,準備不足が,原因であること,準備不足が,「〜にほかならない」は、「まさに〜だ」「〜以外の何物でもない」という強い断定を表します。<br>文を正しく組み立てると、「今回の失敗は彼の油断と準備不足が原因であることにほかならない。」となります。<br><br>【正しい順番】<br>1. 彼の<br>2. 油断と<br>3. ★ 準備不足が<br>4. 原因であること<br><br>「彼の＋油断と＋準備不足が」で並列を作り、その後に「原因であることに＋ほかならない」と接続します。<br>したがって、★の位置に入る語句は「準備不足が」となります。<br>やや難しい応用レベル。ここまで解ければ上位層です。
JLPT_N2_LK_Gr_277,言語知識,文法,文の文法2,5,プロの ______ ______ __★__ ______ 技術の水準が全く異なる。,領域,ともなると,アマチュアとは,求められる,アマチュアとは,「〜ともなると / 〜ともなれば」は、「〜という高い段階・立場になると、相応の状況になる」という意味を表す硬い表現です。<br>文を正しく組み立てると、「プロの領域ともなるとアマチュアとは求められる技術の水準が全く異なる。」となります。<br><br>【正しい順番】<br>1. 領域<br>2. ともなると<br>3. ★ アマチュアとは<br>4. 求められる<br><br>「プロの＋領域＋ともなると」で段階を表し、その後に「アマチュアとは＋求められる＋技術」とつなげます。<br>したがって、★の位置に入る語句は「アマチュアとは」となります。<br>発展レベル。ここは差がつく一問。余裕があれば覚えておきましょう。
JLPT_N2_LK_Gr_278,言語知識,文法,文章の文法,3,読書は単に知識を得るための手段にとどまらず、思考力や表現力を養う上でも大きな役割を果たしている。物語を読むことで他者の視点や感情に触れ、想像力を膨らませることができるからだ。 [ 1 ] 、近年の調査によると、活字離れが進み、日頃から本を読む習慣を持つ人の割合が減少傾向にあるという。デジタルメディアの普及に伴い、手軽に情報が得られるようになったことが一因とされるが、じっくりと文章に向き合う時間を持つことの価値が失われるわけではない。豊かな感性を育むためにも、日常生活の中に読書の時間を取り入れていくことが大切なのではないだろうか。<br><br>問： [ 1 ] に入る最も適切なものはどれか。,しかし,したがって,なぜなら,たとえば,しかし,「しかし」は、前述の読書の価値（思考力や想像力を育む）に対し、読書人口が減っているという事実・課題を対比させる逆接の接続詞です。<br><br>・「しかし」：前文と逆の話題・課題を提示しているので正解です。<br>・「したがって」：順接の結論を導く言葉なので合いません。<br>・「なぜなら」：理由を説明するときに使うので合いません。<br>・「たとえば」：具体例を挙げるときに使うので合いません。<br>標準レベル。本番で合否を分けやすいタイプの問題です。
JLPT_N2_LK_Gr_279,言語知識,文法,文章の文法,2,読書は単に知識を得るための手段にとどまらず、思考力や表現力を養う上でも大きな役割を果たしている。物語を読むことで他者の視点や感情に触れ、想像力を膨らませることができるからだ。しかし、近年の調査によると、活字離れが進み、日頃から本を読む習慣を持つ人の割合が減少傾向にあるという。デジタルメディアの普及に伴い、手軽に情報が得られるようになったことが一因とされるが、じっくりと文章に向き合う時間を持つことの価値が失われるわけではない。豊かな感性を育むためにも、日常生活の中に読書の時間を取り入れていくことが [ 2 ] 。<br><br>問： [ 2 ] に入る最も適切なものはどれか。,大切なのではないだろうか,大切なわけがない,大切なはずがない,大切にすぎない,大切なのではないだろうか,「〜のではないだろうか」は、筆者の意見や主張をやわらかく丁寧に提示する文末表現です。<br><br>・「大切なのではないだろうか」：筆者の考えを自然にまとめているので正解です。<br>・「大切なわけがない」：強い否定になるため文章の意味と合いません。<br>・「大切なはずがない」：強い否定になるため合いません。<br>・「大切にすぎない」：「ただ〜なだけだ」という限定になるため不自然です。<br>よく出る基本レベル。パターンで覚えてしまいましょう。
JLPT_N2_LK_Gr_280,言語知識,文法,文の文法1,3,新商品の発売 ______ 、関係者を集めた大規模な発表会が開かれた。,に先立って,に伴って,に応じで,に沿って,に先立って,「〜に先立（さきだ）って」は、「〜をする前に（あらかじめ準備や行事を行う）」という意味を表すN2文法です。<br>新商品の発売という本番の前に発表会を開く場面にぴったりです。<br><br>・「に先立って」：発売の前に準備・行事を行うことを表すので、正解です。<br>・「に伴って」：「〜と一緒に変化する・生じる」という意味なので合いません。<br>・「に応じた」：「〜に合わせて」という意味なので合いません。<br>・「に沿った」：「方針や計画に合わせて」という意味なので合いません。<br>標準レベル。ここが安定して解けるとN2合格が見えてきます。
JLPT_N2_LK_Gr_281,言語知識,文法,文の文法1,1,明日は大事な面接がある ______ 、今夜は早く寝ることにする。,からには,ついでに,と共に,に際して,からには,「〜からには」は、「〜という強い理由・事実がある以上は、当然〜する」という強い意志や決定を表す基本的な文法です。<br>基礎的なレベルの問題です。<br><br>・「からには」：面接がある以上は早く寝るという決意を表すので、正解です。<br>・「ついでに」：「利用して別のことをする」という意味なので合いません。<br>・「と共に」：「〜と一緒に」という意味なので合いません。<br>・「に際して」：「〜するときに」という意味なので不自然です。<br>まずここから。絶対に覚えたい基本の形です。
JLPT_N2_LK_Gr_282,言語知識,文法,文の文法1,5,彼は病身 ______ 遠方まで駆けつけてくれた。その好意には感謝の言葉もない。,を押して,を限りに,を兼ねて,をもって,を押して,「〜を押（お）して」は、「病気や反対などの困難な状況・障害を無理に克服して行動する」という意味を表す硬い表現です。<br>「病身を押して」「反対を押して」などの決まった言い方で使われます。<br><br>・「を押して」：病気の体を無理して駆けつけたことを表すので、正解です。<br>・「を限りに」：「〜を最後に」という意味なので合いません。<br>・「を兼ねて」：「〜の目的も合わせて」という意味なので合いません。<br>・「をもって」：「〜で（手段・期限）」という意味なので合いません。<br>発展レベル。N1にもつながる難問です。今は「こんな表現もある」と知っておけば十分。
JLPT_N2_LK_Gr_283,言語知識,文法,文の文法1,2,年月が経つ ______ 、当時の辛かった記憶も次第に和らいでいった。,につれて,に限って,に応じて,に際して,につれて,「〜につれて」は、「一方の変化に伴って、もう一方も自然に変化する」という意味を表す基本文法です。<br><br>・「につれて」：時間の経過に伴って記憶が薄れる（変化する）ことを表すので、正解です。<br>・「に限って」：「〜だけに特別に」という意味なので合いません。<br>・「に応じて」：「条件に合わせて」という意味なので合いません。<br>・「に際して」：「〜するときに」という意味なので合いません。<br>基本レベル。意味の違いを一度整理しておくと安心です。
JLPT_N2_LK_Gr_284,言語知識,文法,文の文法2,4,どんなに困難な ______ ______ __★__ ______ 諦めるわけにはいかない。,状況であろうと,自分の,夢を,途中で,夢を,「どんなに〜であろうと」は、「どんな条件・状態であっても」という強い決意を表します。<br>文を正しく組み立てると、「どんなに困難な状況であろうと自分の夢を途中で諦めるわけにはいかない。」となります。<br><br>【正しい順番】<br>1. 状況であろうと<br>2. 自分の<br>3. ★ 夢を<br>4. 途中で<br><br>「状況であろうと＋自分の」を作り、そのあとに「夢を＋途中で」とつなげます。<br>したがって、★の位置に入る語句は「夢を」となります。<br>応用レベル。一度で正解できたら自信を持ってよい問題です。
JLPT_N2_LK_Gr_285,言語知識,文法,文の文法2,2,台風の接近 ______ ______ __★__ ______ 電車の運行を見合わせている。,に伴い,安全を,考慮して,一部区間で,考慮して,「〜に伴（ともな）い」は、「〜が起こった結果として・〜と一緒に」という意味を表します。<br>文を正しく組み立てると、「台風の接近に伴い安全を考慮して一部区間で電車の運行を見合わせている。」となります。<br><br>【正しい順番】<br>1. に伴い<br>2. 安全を<br>3. ★ 考慮して<br>4. 一部区間で<br><br>「台風の接近＋に伴い」をつくり、そのあとに「安全を＋考慮して＋一部区間で」と繋げます。<br>したがって、★の位置に入る語句は「考慮して」となります。<br>基本レベル。確実に得点したい一問です。
JLPT_N2_LK_Gr_286,言語知識,文法,文の文法2,5,職人の長年の ______ ______ __★__ ______ 言語化することは難しい。,勘というものは,感覚的なものであり,経験に裏打ちされた,容易には,感覚的なものであり,「〜に裏打ちされた」は「経験や実績などで裏付けられた」という意味の表現です。<br>文を正しく組み立てると、「職人の長年の経験に裏打ちされた勘というものは感覚的なものであり容易には言語化することは難しい。」となります。<br><br>【正しい順番】<br>1. 経験に裏打ちされた<br>2. 勘というものは<br>3. ★ 感覚的なものであり<br>4. 容易には<br><br>「経験に裏打ちされた＋勘というものは」を作り、その後に「感覚的なものであり＋容易には」とつなげます。<br>したがって、★の位置に入る語句は「感覚的なものであり」となります。<br>発展レベル。かなり難しいので、間違えても落ち込む必要はありません。
JLPT_N2_LK_Gr_287,言語知識,文法,文の文法2,1,風邪を ______ ______ __★__ ______ 会社を休んだ。,引いて,高い,熱が出たため,今日は,熱が出たため,「〜ため（に）」は理由を表す基本文法です。<br>文を正しく組み立てると、「風邪を引いて高い熱が出たため今日は会社を休んだ。」となります。<br><br>【正しい順番】<br>1. 引いて<br>2. 高い<br>3. ★ 熱が出たため<br>4. 今日は<br><br>「風邪を＋引いて＋高い＋熱が出たため」で理由の節を作り、最後に「今日は＋会社を休んだ」と繋げます。<br>したがって、★の位置に入る語句は「熱が出たため」となります。<br>落とせない基礎レベル。確実に正解しておきましょう。
JLPT_N2_LK_Gr_288,言語知識,文法,文章の文法,3,日本の伝統工芸品は、後継者不足や市場の縮小により存続の危機に直面している。長年受け継がれてきた技術を未来へ伝えるためには、単に過去の形をそのまま守るだけでは十分とは言えない。 [ 1 ] 、伝統の技術を生かしつつも、現代の生活スタイルに合わせた新しいデザインや用途を提案していく柔軟な姿勢が不可欠である。変化を恐れずに挑戦し続けることこそが、伝統を未来へ残す道となるのではないだろうか。<br><br>問： [ 1 ] に入る最も適切なものはどれか。,むしろ,なぜなら,したがって,たとえば,むしろ,「むしろ」は、「前で述べたこと（そのまま守るだけでは不十分）を否定・修正し、対比的に『そうではなくて本当は〜だ』と強調する」ときに使う接続詞です。<br><br>・「むしろ」：単に守るだけでなく、積極的に新しい工夫をするべきだという対比を明確にするので正解です。<br>・「なぜなら」：理由を説明するときに使うので合いません。<br>・「したがって」：順接の結論を述べるときに使うので合いません。<br>・「たとえば」：具体例を挙げるときに使うので合いません。<br>実際の試験でよく問われる標準レベルの問題です。
JLPT_N2_LK_Gr_289,言語知識,文法,文章の文法,4,日本の伝統工芸品は、後継者不足や市場の縮小により存続の危機に直面している。長年受け継がれてきた技術を未来へ伝えるためには、単に過去の形をそのまま守るだけでは十分とは言えない。むしろ、伝統の技術を生かしつつも、現代の生活スタイルに合わせた新しいデザインや用途を提案していく柔軟な姿勢が不可欠である。変化を恐れずに挑戦し続けることこそが、伝統を未来へ残す道に [ 2 ] 。<br><br>問： [ 2 ] に入る最も適切なものはどれか。,なるのではないだろうか,なるわけがない,なるにすぎない,なるはずがない,なるのではないだろうか,「〜のではないだろうか」は、筆者の主張や見解をやわらかく丁寧に提示する文末表現です。<br><br>・「なるのではないだろうか」：筆者の主張を自然に述べているので正解です。<br>・「なるわけがない」：「絶対に〜ない」という強い否定になるため文脈に合いません。<br>・「なるにすぎない」：「ただ〜なだけだ」と限定・低評価を表すため合いません。<br>・「なるはずがない」：「〜可能性はない」という強い否定になるため合いません。<br>応用レベル。意外と難しい問題なので、間違えても気にしすぎないこと。
JLPT_N2_LK_Gr_290,言語知識,文法,文の文法1,2,大雨 ______ 、川の水位が急激に上昇した。,によって,に反して,に限って,に沿って,によって,「〜によって」は、「原因・理由（げんいん・りゆう）」を表（あらわ）す表現です。<br>大雨が原因で川の水位が上がったことを示します。基本（きほん）的なN2文法です。<br><br>・「によって」：大雨を原因として水位が上がったことを表すので、正解です。<br>・「に反（はん）して」：「予想と反対に」という意味なので不自然です。<br>・「に限（かぎ）って」：「〜だけに特別に」という意味なので合いません。<br>・「に沿（そ）って」：「方針やルールに合わせて」という意味なので合いません。<br>基本の表現ですが、似た形と混同しやすいので要注意。
JLPT_N2_LK_Gr_291,言語知識,文法,文の文法1,5,信頼していた部下に裏切られ、ショックの ______ 言葉も出なかった。,あまり,に際して,を皮切りに,にもかかわらず,あまり,「〜（の）あまり」は、「感情（かんじょう）や状態（じょうたい）が非常に強く、その結果（けっか）として普通（ふつう）ではない行動（こうどう）や状態になる」という意味を表（あらわ）します。<br><br>・「あまり」：ショックが度を越えて強かったことを表すので、正解です。<br>・「に際（さい）して」：「〜するときに」という意味なので合いません。<br>・「を皮切（かわき）りに」：「〜をはじめとして次々に」という意味なので不自然です。<br>・「にもかかわらず」：「〜なのに」という逆接（ぎゃくせつ）を表すので合いません。<br>発展レベル。硬い書き言葉で使われる表現です。読んで意味が分かれば合格ライン。
JLPT_N2_LK_Gr_292,言語知識,文法,文の文法1,1,詳しい日程 ______ 、決まり次第ご連絡いたします。,については,に反して,に応じて,に向かって,については,「〜については」は、「〜をテーマ・対象（たいしょう）として取り上げる」という意味を表す基本的な文法です。<br>基礎（きそ）的なレベルの問題です。<br><br>・「については」：日程を対象として連絡することを表すので、正解です。<br>・「に反（はん）して」：「予想と反対に」という意味なので合いません。<br>・「に応（おう）じて」：「条件に合わせて」という意味なので不自然です。<br>・「に向（む）かって」：「目標や方向へ」という意味なので合いません。<br>N2の土台になる文法です。迷わず選べるようにしておきたいところ。
JLPT_N2_LK_Gr_293,言語知識,文法,文の文法1,4,プロの選手として活動する ______ 、日々の体調管理には万全を期すべきだ。,上は,かぎり,最中に,次第で,上は,「〜上（うえ）は」は、「〜という事実（じじつ）・立場（たちば）がある以上（いじょう）は、当然（とうぜん）〜するべきだ」という強い覚悟（かくご）や判断を表（あらわ）す文法です。<br><br>・「上は」：プロ選手という立場である以上、体調管理をするべきだという意味になり、正解です。<br>・「かぎり」：「〜する範囲では」などの意味になり、文脈がやや不自然です。<br>・「最中（さいちゅう）に」：「〜している最中に」という意味なので合いません。<br>・「次第（しだい）で」：「〜によって決まる」という意味なので合いません。<br>応用レベル。文脈を最後まで読まないと選びきれないタイプです。
JLPT_N2_LK_Gr_294,言語知識,文法,文の文法2,3,彼は ______ ______ __★__ ______ 見事な成果を収めた。,努力を,困難な,重ねた結果,状況にもかかわらず,努力を,「〜にもかかわらず」は、「〜であるのに・障害（しょうがい）があるのに、それに負けずに〜する」という意味を表す文法です。<br>文を正しく組み立てると、「彼は困難（こんなん）な状況（じょうきょう）にもかかわらず努力（どりょく）を重ねた結果（けっか）見事な成果を収めた。」となります。<br><br>【正しい順番】<br>1. 困難な<br>2. 状況にもかかわらず<br>3. ★ 努力を<br>4. 重ねた結果<br><br>「困難な＋状況にもかかわらず」で条件を作り、そのあとに「努力を＋重ねた結果」とつなげます。<br>したがって、★の位置に入る語句は「努力を」となります。<br>標準レベル。前後の文脈をていねいに読むのがコツです。
JLPT_N2_LK_Gr_295,言語知識,文法,文の文法2,1,この病院は ______ ______ __★__ ______ 診察を行っている。,休日も,患者のために,休みなく,地域の,休日も,「〜のために」は目的（もくてき）や対象（たいしょう）を表す基本的な文法です。<br>文を正しく組み立てると、「この病院は地域（ちいき）の患者（かんじゃ）のために休日（きゅうじつ）も休みなく診察（しんさつ）を行っている。」となります。<br><br>【正しい順番】<br>1. 地域の<br>2. 患者のために<br>3. ★ 休日も<br>4. 休みなく<br><br>「地域の＋患者のために」のあとに「休日も＋休みなく」と繋げます。<br>したがって、★の位置に入る語句は「休日も」となります。<br>基礎レベル。ここを固めておくと後がぐっと楽になります。
JLPT_N2_LK_Gr_296,言語知識,文法,文の文法2,5,彼の長年にわたる ______ ______ __★__ ______ たえない。,感謝に,素晴らしい,功績には,深い,深い,「〜にたえない」は、「湧（わ）き上がる感情（かんじょう）を抑（おさ）えることができない」という意味の極めて硬（かた）い表現です。<br>文を正しく組み立てると、「彼の長年にわたる素晴らしい功績（こうせき）には深い感謝（かんしゃ）にたえない。」となります。<br><br>【正しい順番】<br>1. 素晴らしい<br>2. 功績には<br>3. ★ 深い<br>4. 感謝に<br><br>「素晴らしい＋功績には」のあとに「深い＋感謝に」をつなぎ、末尾の「たえない」に接続します。<br>したがって、★の位置に入る語句は「深い」となります。<br>発展レベル。ここは差がつく一問。余裕があれば覚えておきましょう。
JLPT_N2_LK_Gr_297,言語知識,文法,文の文法2,2,この本は ______ ______ __★__ ______ 書かれている。,分かりやすく,初学者,にとっても,非常に,非常に,「〜にとって（も）」は、「〜の立場（たちば）から見ても」という意味を表す基本文法です。<br>文を正しく組み立てると、「この本は初学者（しょがくしゃ）にとっても非常に分かりやすく書かれている。」となります。<br><br>【正しい順番】<br>1. 初学者<br>2. にとっても<br>3. ★ 非常に<br>4. 分かりやすく<br><br>「初学者＋にとっても」の形を作り、そのあとに「非常に＋分かりやすく」をつなげます。<br>したがって、★の位置に入る語句は「非常に」となります。<br>よく出る基本レベル。パターンで覚えてしまいましょう。
JLPT_N2_LK_Gr_298,言語知識,文法,文章の文法,4,近年、キャッシュレス決済の普及が進み、現金を使わずに買い物をする人が増えている。スマートフォン一つで支払いが完結する利便性は、消費者の生活を大きく変えた。 [ 1 ] 、高齢者を中心にデジタル機器の操作に慣れていない人々にとっては、依然として現金での支払いが安心感につながっているのも事実である。誰にとっても利便性の高い社会を実現するためには、多様な決済手段を残しながら段階的に普及を進める視点が欠かせないだろう。<br><br>問： [ 1 ] に入る最も適切なものはどれか。,その一方で,その結果,なぜなら,つまり,その一方で,「その一方で（いっぽうで）」は、「一つの事柄（キャッシュレスの普及・利便性）に対し、別の側面（高齢者などの現金派の意識）を並（なら）べて対比・説明する」ときに使う接続詞です。<br><br>・「その一方で」：キャッシュレス推進の裏にある課題・別の側面を提示しているので正解です。<br>・「その結果（けっか）」：前の内容から生じる結末を表すため合いません。<br>・「なぜなら」：理由（りゆう）を説明するときに使うので合いません。<br>・「つまり」：要約（ようやく）や言い換えに使うので合いません。<br>やや難しい応用レベル。ここまで解ければ上位層です。
JLPT_N2_LK_Gr_299,言語知識,文法,文章の文法,3,近年、キャッシュレス決済の普及が進み、現金を使わずに買い物をする人が増えている。スマートフォン一つで支払いが完結する利便性は、消費者の生活を大きく変えた。その一方で、高齢者を中心にデジタル機器の操作に慣れていない人々にとっては、依然として現金での支払いが安心感につながっているのも事実である。誰にとっても利便性の高い社会を実現するためには、多様な決済手段を残しながら段階的に普及を進める視点が [ 2 ] 。<br><br>問： [ 2 ] に入る最も適切なものはどれか。,欠かせないのではないだろうか,欠かせるわけがない,欠かせるにすぎない,欠かせるはずがない,欠かせないのではないだろうか,「〜のではないだろうか」は、筆者（ひっしゃ）の主張（しゅちょう）や意見を控えめ（ひかえめ）・かつ自然（しぜん）に読者に提示する文末表現です。<br><br>・「欠かせないのではないだろうか」：筆者の考え・結論を適切にまとめているので正解です。<br>・「欠かせるわけがない」：意味・接続が不自然になります。<br>・「欠かせるにすぎない」：意味・接続が不自然になります。<br>・「欠かせるはずがない」：意味・接続が不自然になります。<br>標準レベル。本番で合否を分けやすいタイプの問題です。
JLPT_N2_LK_Gr_300,言語知識,文法,文の文法1,3,当店では、お客様のご予算 ______ 最適なプランをご提案いたします。,に応じた,に際した,に向けた,に沿った,に応じた,「〜に応じて」は、「〜の違いや変化に合わせて」という意味を表します。<br>ご予算という条件や違いに合わせて最適なプランを提案する場面で使います。<br><br>・「に応じた」：予算に合わせて提案することを表すので、正解です。<br>・「に際した」：「〜するときに」という特別な場面を表すので合いません。<br>・「に向けた」：「〜を目指して」という意味なので合いません。<br>・「に沿った」：「方針やルールに合わせて」という意味なので不自然です。<br>標準レベル。ここが安定して解けるとN2合格が見えてきます。
JLPT_N2_LK_Gr_301,言語知識,文法,文の文法1,5,彼は周囲の激しい反対 ______ 、自らの信念を貫いて起業を果たした。,をものともせずに,をよそに,をもって,をかねて,をものともせずに,「〜をものともせずに」は、「困難や障害、危険などに負けないで、それを乗り越えて行動する」という意味を表す硬い表現です。<br>周囲の激しい反対という大きな障害に負けずに信念を貫く場面で使われます。<br><br>・「をものともせずに」：反対という障害に負けずに断行したことを表すので、正解です。<br>・「をよそに」：「周囲の意見や心配を気にしないで無視する」という意味ですが、障害を乗り越える強いニュアンスとは少し異なります。<br>・「をもって」：「〜で（手段・期限）」という意味なので合いません。<br>・「をかねて」：「〜の目的も兼ねて」という意味なので合いません。<br>発展レベル。N1にもつながる難問です。今は「こんな表現もある」と知っておけば十分。
JLPT_N2_LK_Gr_302,言語知識,文法,文の文法1,1,係員の指示 ______ 、順番にお並びください。,にしたがって,にかけて,に反して,について,にしたがって,「〜にしたがって」は、「〜のルールや指示に合わせて行動する」という意味を表す基本的な表現です。<br>基礎的なレベルの問題です。<br><br>・「にしたがって」：指示通りに並ぶことを表すので、正解です。<br>・「にかけて」：「〜から〜の間」という意味なので合いません。<br>・「に反して」：「予想やルールに反対して」という意味なので合いません。<br>・「について」：「〜をテーマとして」という意味なので合いません。<br>まずここから。絶対に覚えたい基本の形です。
JLPT_N2_LK_Gr_303,言語知識,文法,文の文法1,4,こんなに複雑な機械の修理が、素人に ______ 。,できっこない,できるはずだ,できかねない,できるにちがいない,できっこない,「〜っこない」は、「絶対に〜できるはずがない」「〜可能性はゼロだ」と強く否定するときに使う口語的な表現です。<br>動詞のます形に接続します。<br><br>・「できっこない」：素人には絶対に修理できるはずがないという意味になり、正解です。<br>・「できるはずだ」：肯定の意味になるため、文脈に合いません。<br>・「できかねない」：「〜という悪い結果になる可能性がある」という意味なので不自然です。<br>・「できるにちがいない」：「絶対にできる」と確信を表すので反対の意味になります。<br>応用レベル。一度で正解できたら自信を持ってよい問題です。
JLPT_N2_LK_Gr_304,言語知識,文法,文の文法2,2,彼女が試験に合格できたのは、______ ______ __★__ ______ からだ。,努力した,にほかならない,毎日コツコツ,成果,成果,「〜にほかならない」は、「まさに〜だ」「〜以外の何物でもない」と強い断定を表す文法です。<br>文を正しく組み立てると、「彼女が試験に合格できたのは、毎日コツコツ努力した成果にほかならないからだ。」となります。<br><br>【正しい順番】<br>1. 毎日コツコツ<br>2. 努力した<br>3. ★ 成果<br>4. にほかならない<br><br>「毎日コツコツ＋努力した＋成果」を作り、最後に「にほかならない」を接続します。<br>したがって、★の位置に入る語句は「成果」となります。<br>基本レベル。意味の違いを一度整理しておくと安心です。
JLPT_N2_LK_Gr_305,言語知識,文法,文の文法2,4,その劇団は、______ ______ __★__ ______ 順演を行う予定だ。,東京公演,を皮切りに,全国各地で,順次,全国各地で,「〜を皮切りに（して）」は、「〜を最初として、次々と同種の出来事や行動が展開する」という意味を表す文法です。<br>文を正しく組み立てると、「その劇団は、東京公演を皮切りに全国各地で順次巡演を行う予定だ。」となります。<br><br>【正しい順番】<br>1. 東京公演<br>2. を皮切りに<br>3. ★ 全国各地で<br>4. 順次<br><br>「東京公演を＋皮切りに」というスタートの形を作り、そのあとに「全国各地で＋順次」とつなげます。<br>したがって、★の位置に入る語句は「全国各地で」となります。<br>応用レベル。意外と難しい問題なので、間違えても気にしすぎないこと。
JLPT_N2_LK_Gr_306,言語知識,文法,文の文法2,1,会議は ______ ______ __★__ ______ 行われた。,3時間に,わたって,活発な,議論が,活発な,「〜にわたって」は、「〜の全体・期間に及んで」という意味を表す基本文法です。<br>文を正しく組み立てると、「会議は3時間にわたって活発な議論が行われた。」となります。<br><br>【正しい順番】<br>1. 3時間に<br>2. わたって<br>3. ★ 活発な<br>4. 議論が<br><br>「3時間に＋わたって」で時間の長さを表し、そのあとに「活発な＋議論が」とつなげます。<br>したがって、★の位置に入る語句は「活発な」となります。<br>落とせない基礎レベル。確実に正解しておきましょう。
JLPT_N2_LK_Gr_307,言語知識,文法,文の文法2,5,彼の情熱的な演説は、______ ______ __★__ ______ 感動を与えた。,巧みな表現力,と相まって,聴衆に,大きな,聴衆に,「〜と相（あい）まって」は、「〜と要素が組み合わさって、より大きな効果や影響を生む」という意味を表す硬い文法表現です。<br>文を正しく組み立てると、「彼の情熱的な演説は、巧みな表現力と相まって聴衆に大きな感動を与えた。」となります。<br><br>【正しい順番】<br>1. 巧みな表現力<br>2. と相まって<br>3. ★ 聴衆に<br>4. 大きな<br><br>「巧みな表現力＋と相まって」をつくり、そのあとに「聴衆に＋大きな＋感動を与えた」とつなげます。<br>したがって、★の位置に入る語句は「聴衆に」となります。<br>発展レベル。かなり難しいので、間違えても落ち込む必要はありません。
JLPT_N2_LK_Gr_308,言語知識,文法,文章の文法,2,近年、多くの企業でリモートワークが定着し、働く場所の自由度が増した。通勤の負担が減り、個人の生活スタイルに合わせた働き方が可能になったことは大きな進歩と言える。 [ 1 ] 、画面越しでの会話だけでは、相手の微細な表情の変化やニュアンスを感じ取ることが難しい場合もある。チーム全体の連帯感を高めたり、偶然の雑談からアイデアを生み出したりするためには、対面でのコミュニケーションも依然として重要である。それぞれの働き方の利点を理解し、バランスよく組み合わせていくことが求められているのではないだろうか。<br><br>問： [ 1 ] に入る最も適切なものはどれか。,しかしながら,その結果,なぜなら,たとえば,しかしながら,「しかしながら」は、前述のメリット（自由度の増加、通勤負担減少）に対して、対面コミュニケーションの難しさという課題を対比させる逆接の接続詞です。<br><br>・「しかしながら」：逆接の文脈を作るため正解です。<br>・「その結果」：前の内容から生じる結果を表すので合いません。<br>・「なぜなら」：理由を説明するときに使うので合いません。<br>・「たとえば」：具体例を挙げるときに使うので合いません。<br>基本レベル。確実に得点したい一問です。
JLPT_N2_LK_Gr_309,言語知識,文法,文章の文法,3,近年、多くの企業でリモートワークが定着し、働く場所の自由度が増した。通勤の負担が減り、個人の生活スタイルに合わせた働き方が可能になったことは大きな進歩と言える。しかしながら、画面越しでの会話だけでは、相手の微細な表情の変化やニュアンスを感じ取ることが難しい場合もある。チーム全体の連帯感を高めたり、偶然の雑談からアイデアを生み出したりするためには、対面でのコミュニケーションも依然として重要である。それぞれの働き方の利点を理解し、バランスよく組み合わせていくことが [ 2 ] 。<br><br>問： [ 2 ] に入る最も適切なものはどれか。,求められているのではないだろうか,求められるわけがない,求められるにすぎない,求められるっこない,求められているのではないだろうか,「〜のではないだろうか」は、筆者の主張や意見をやわらかく読者に提案・提示する文末表現です。<br><br>・「求められているのではないだろうか」：筆者の主張を自然に述べているので正解です。<br>・「求められるわけがない」：「絶対に求められない」という否定になるので文脈に合いません。<br>・「求められるにすぎない」：「ただ〜なだけだ」と評価を下げる表現なので合いません。<br>・「求められるっこない」：「〜できるはずがない」という強い否定なので合いません。<br>実際の試験でよく問われる標準レベルの問題です。
JLPT_N2_LK_Gr_310,言語知識,文法,文の文法1,3,彼は長年の研究 ______ 、ついに新しいエネルギー源の開発に成功した。,のすえに,のもとに,に反して,に際して,のすえに,「〜の末（すえ）に」は、「長い時間や苦労、さまざまな過程を経た最終的な結果として〜になった」という意味を表します。<br>長年の研究という苦労やプロセスの結果として成功を収めた場面にぴったりです。<br><br>・「のすえに」：長年の研究の成果・結果として成功したことを表すので、正解です。<br>・「のもとに」：「〜の指導や条件のもとで」という意味なので合いません。<br>・「に反して」：「予想と反対に」という意味なので合いません。<br>・「に際して」：「〜するときに」という特別な場面を表すので合いません。<br>標準レベル。前後の文脈をていねいに読むのがコツです。
JLPT_N2_LK_Gr_311,言語知識,文法,文の文法1,1,このイベントは、雨天 ______ 予定通り開催されます。,にかかわらず,にこたえて,にしたがって,に先立って,にかかわらず,「〜にかかわらず」は、「〜に関係なく」「どんな条件であっても」という意味を表す基本的なN2文法です。<br><br>・「にかかわらず」：雨天という天候に関係なく開催されることを表すので、正解です。<br>・「にこたえて」：「要望などに合わせて」という意味なので合いません。<br>・「にしたがって」：「〜と一緒に変化する」という意味なので合いません。<br>・「に先立（さきだ）って」：「〜をする前に」という意味なので合いません。<br>N2の土台になる文法です。迷わず選べるようにしておきたいところ。
JLPT_N2_LK_Gr_312,言語知識,文法,文の文法1,5,彼のこれまでの実績や人柄を考慮すれば、今回の重要なプロジェクトのリーダーは彼 ______ だろう。,をおいてほかにいない,を限りにするべき,に越したことはない,を余儀なくされる,をおいてほかにいない,「〜をおいてほかにない」は、「〜以外には考えられない」「〜が最高の適任者だ」と高く評価するときに使う硬い表現です。<br><br>・「をおいてほかにいない」：彼以外に適任者はいないと強く評価しているので、正解です。<br>・「を限りにするべき」：「〜を最後に終わらせる」という意味なので合いません。<br>・「に越したことはない」：「〜のほうがもっと良い」という意味なので不自然です。<br>・「を余儀なくされる」：「仕方なく〜させられる」という意味なので合いません。<br>発展レベル。硬い書き言葉で使われる表現です。読んで意味が分かれば合格ライン。
JLPT_N2_LK_Gr_313,言語知識,文法,文の文法1,2,会議の ______ 、重要な書類のミスに気がついた。,最中に,たびに,ついでに,おかげで,最中に,「〜最中（さいちゅう）に」は、「ちょうど〜している真最中に、別の予想外の出来事が起きた」という意味を表します。<br><br>・「最中に」：会議を行っているちょうどその最中にミスに気づいたので、正解です。<br>・「たびに」：「〜するときはいつも」という意味なので合いません。<br>・「ついでに」：「利用して別のことをする」という意味なので不自然です。<br>・「おかげで」：「良い理由で〜になった」という意味なので合いません。<br>基本の表現ですが、似た形と混同しやすいので要注意。
JLPT_N2_LK_Gr_314,言語知識,文法,文の文法2,4,事故の連絡を受けて、彼女は ______ ______ __★__ ______ 。,病院へ,駆けつけた,居ても立っても,いられなくなって,病院へ,「居ても立ってもいられない」は、「心配や興奮などのために、じっとしていられない状態だ」という意味を表す慣用的な文法表現です。<br>文を正しく組み立てると、「事故の連絡を受けて、彼女は居ても立ってもいられなくなって病院へ駆けつけた。」となります。<br><br>【正しい順番】<br>1. 居ても立っても<br>2. いられなくなって<br>3. ★ 病院へ<br>4. 駆けつけた<br><br>「居ても立っても＋いられなくなって」という形を作り、そのあとに「病院へ＋駆けつけた」をつなげます。<br>したがって、★の位置に入る語句は「病院へ」となります。<br>応用レベル。文脈を最後まで読まないと選びきれないタイプです。
JLPT_N2_LK_Gr_315,言語知識,文法,文の文法2,2,彼の話は ______ ______ __★__ ______ 面白い。,聞いても,新しい発見があって,何度,本当に,新しい発見があって,「〜て（も）」は、「何度〜しても、いつも同じ結果になる」という条件を表す基本文法です。<br>文を正しく組み立てると、「彼の話は何度聞いても新しい発見があって本当に面白い。」となります。<br><br>【正しい順番】<br>1. 何度<br>2. 聞いても<br>3. ★ 新しい発見があって<br>4. 本当に<br><br>「何度＋聞いても」を作り、そのあとに「新しい発見があって＋本当に」と続けます。<br>したがって、★の位置に入る語句は「新しい発見があって」となります。<br>よく出る基本レベル。パターンで覚えてしまいましょう。
JLPT_N2_LK_Gr_316,言語知識,文法,文の文法2,5,自身の失敗を ______ ______ __★__ ______ あってはならない。,責任転嫁するような,他人のせいにして,態度だけは,断じて,態度だけは,「〜てはならない」は強い禁止・戒めを表します。<br>文を正しく組み立てると、「自身の失敗を他人のせいにして責任転嫁するような態度だけは断じてあってはならない。」となります。<br><br>【正しい順番】<br>1. 他人のせいにして<br>2. 責任転嫁するような<br>3. ★ 態度だけは<br>4. 断じて<br><br>「他人のせいにして＋責任転嫁するような」を作り、「態度だけは＋断じて」と繋げて後ろの「あってはならない」に繋げます。<br>したがって、★の位置に入る語句は「態度だけは」となります。<br>発展レベル。ここは差がつく一問。余裕があれば覚えておきましょう。
JLPT_N2_LK_Gr_317,言語知識,文法,文の文法2,1,準備を ______ ______ __★__ ______ 大丈夫だ。,から,行っておいた,しっかり,きっと,から,「〜から」は理由を表す基本文法です。<br>文を正しく組み立てると、「準備をしっかり行っておいたからきっと大丈夫だ。」となります。<br><br>【正しい順番】<br>1. しっかり<br>2. 行っておいた<br>3. ★ から<br>4. きっと<br><br>「しっかり＋行っておいた＋から」という理由の節を作り、最後に「きっと」をつなげます。<br>したがって、★の位置に入る語句は「から」となります。<br>基礎レベル。ここを固めておくと後がぐっと楽になります。
JLPT_N2_LK_Gr_318,言語知識,文法,文章の文法,3,地域の祭りは、住民同士の交流を深める貴重な機会として長年親しまれてきた。しかし、少子高齢化や若者の減少により、祭りの運営を支える担い手が不足している。 [ 1 ] 、資金不足や安全面の確保といった課題も重なり、開催規模の縮小や中止を余儀なくされる地域が増えている。伝統行事を未来へ引き継ぐためには、地域外からの参加者を募るなど新たな工夫が求められる。<br><br>問： [ 1 ] に入る最も適切なものはどれか。,さらに,なぜなら,つまり,たとえば,さらに,「さらに」は、「すでに述べられた事柄（担い手不足）に加えて、新たな問題や要素（資金不足など）を追加する」ときに使う接続詞です。<br><br>・「さらに」：担い手不足に加えて資金不足などの課題も重なっていることを表すので、正解です。<br>・「なぜなら」：理由を説明するときに使うので合いません。<br>・「つまり」：要約や言い換えに使うので合いません。<br>・「たとえば」：具体例を挙げるときに使うので合いません。<br>標準レベル。本番で合否を分けやすいタイプの問題です。
JLPT_N2_LK_Gr_319,言語知識,文法,文章の文法,4,地域の祭りは、住民同士の交流を深める貴重な機会として長年親しまれてきた。しかし、少子高齢化や若者の減少により、祭りの運営を支える担い手が不足している。さらに、資金不足や安全面の確保といった課題も重なり、開催規模の縮小や中止を余儀なくされる地域が増えている。伝統行事を未来へ引き継ぐためには、地域外からの参加者を募るなど新たな工夫が [ 2 ] 。<br><br>問： [ 2 ] に入る最も適切なものはどれか。,求められているのではないだろうか,求められるわけがない,求められるにすぎない,求められるっこない,求められているのではないだろうか,「〜のではないだろうか」は、自分の意見や主張をやわらかく述べる文末表現です。<br><br>・「求められているのではないだろうか」：筆者の主張を自然に提示しているので、正解です。<br>・「求められるわけがない」：「絶対に求められない」という否定になるので文脈に合いません。<br>・「求められるにすぎない」：「ただ〜なだけだ」と評価を下げる表現なので合いません。<br>・「求められるっこない」：「〜できるはずがない」という強い否定なので合いません。<br>やや難しい応用レベル。ここまで解ければ上位層です。
JLPT_N2_LK_Gr_320,言語知識,文法,文の文法1,1,性別や年齢 ______ 、どなたでもご応募いただけます。,を問わず,を込めて,をもとに,を巡って,を問わず,「〜を問（と）わず」は、「〜に関（かん）係（けい）なく」「〜を条件（じょうけん）としないで」という意味を表（あらわ）す基本（きほん）文法です。<br>性別や年齢に関係なく誰でも応募できる場面で使います。<br><br>・「を問わず」：年齢・性別に関係なくという意味になるので、正解です。<br>・「を込めて」：「気持ちを込めて」などの形で使うため合いません。<br>・「をもとに」：「〜をベース・材料にして」という意味なので不自然です。<br>・「を巡（めぐ）って」：「〜について議論する」という意味なので合いません。<br>まずここから。絶対に覚えたい基本の形です。
JLPT_N2_LK_Gr_321,言語知識,文法,文の文法1,3,途中で何度も挫折しそうになったが、彼は最後まで走り ______ 。,ぬいた,かねた,つくした,がちだった,ぬいた,「〜ぬく」は、「非常に大変（たいへん）な苦労（くろう）や障害（しょうがい）を乗り越（こ）えて、最後までやり完了（かんりょう）する」という意味を表すN2文法です。<br><br>・「ぬいた」：最後まで困難に耐えて走りきったという意味になるので、正解です。<br>・「かねた」：「〜することができない」という意味なので合いません。<br>・「つくした」：「全力をつくした」などの名詞（めいし）との結びつきが中心となるため不自然です。<br>・「がちだった」：「〜しやすい傾向（けいこう）がある」という意味なので合いません。<br>標準レベル。ここが安定して解けるとN2合格が見えてきます。
JLPT_N2_LK_Gr_322,言語知識,文法,文の文法1,4,今回の新事業が成功を収めたのは、社員一人ひとりの努力の賜物 ______ 。,にほかならない,にすぎない,にかぎらない,にあたらない,にほかならない,「〜にほかならない」は、「まさに〜だ」「〜以外の何物（なにもの）でもない」と断定（だんてい）するときに使う表現です。<br><br>・「にほかならない」：努力の成果そのものだと断定しているので、正解です。<br>・「にすぎない」：「ただ〜であるだけだ」と価値（かち）を低（ひく）く評価する形になるため合いません。<br>・「にかぎらない」：「〜だけとは言えない」という意味なので不自然です。<br>・「にあたらない」：「〜するほどのことではない」という意味なので合いません。<br>応用レベル。一度で正解できたら自信を持ってよい問題です。
JLPT_N2_LK_Gr_323,言語知識,文法,文の文法1,2,散歩の ______ 、ポストに手紙を投函してきた。,ついでに,とおりに,くせに,最中に,ついでに,「〜ついでに」は、「本来（ほんらい）の目的（もくてき）の行動（こうどう）をする機会（きかい）を利用（りよう）して、ついでに別のことも行う」という意味を表します。<br>基本（きほん）的なレベルの問題です。<br><br>・「ついでに」：散歩に行くついでに手紙を出したという意味になるので、正解です。<br>・「とおりに」：「指示（しじ）通りに」という意味なので合いません。<br>・「くせに」：「〜のに（不満）」という意味なので不自然です。<br>・「最中（さいちゅう）に」：「ちょうど〜している最中に別のことが起きた」という意味なので不自然です。<br>基本レベル。意味の違いを一度整理しておくと安心です。
JLPT_N2_LK_Gr_324,言語知識,文法,文の文法2,3,一度引き受けた ______ ______ __★__ ______ 責任を持つべきだ。,最後まで,仕事である,からには,しっかり,最後まで,「〜からには」は、「〜という事実・決定がある以上、当然（とうぜん）〜すべきだ」という強い決意・義務（ぎむ）を表します。<br>文を正しく組み立てると、「一度引き受けた仕事であるからには、最後までしっかり責任を持つべきだ。」となります。<br><br>【正しい順番】<br>1. 仕事である<br>2. からには<br>3. ★ 最後まで<br>4. しっかり<br><br>「仕事である＋からには」という条件を作り、そのあとに「最後まで＋しっかり＋責任を持つべきだ」とつなげます。<br>したがって、★の位置に入る語句は「最後まで」となります。<br>実際の試験でよく問われる標準レベルの問題です。
JLPT_N2_LK_Gr_325,言語知識,文法,文の文法2,1,この美術館には ______ ______ __★__ ______ 展示されている。,作品が,名画を,数多くの,はじめとする,数多くの,「〜をはじめとする（名詞）」は、「代表的（だいひょうてき）な例（れい）をひとつ挙げて、それを含（ふく）む多くのもの」を表す基本文法です。<br>文を正しく組み立てると、「この美術館には名画をはじめとする数多くの作品が展示されている。」となります。<br><br>【正しい順番】<br>1. 名画を<br>2. はじめとする<br>3. ★ 数多くの<br>4. 作品が<br><br>「名画を＋はじめとする」を作り、そのあとに「数多くの＋作品が」と繋（つな）げます。<br>したがって、★の位置に入る語句は「数多くの」となります。<br>落とせない基礎レベル。確実に正解しておきましょう。
JLPT_N2_LK_Gr_326,言語知識,文法,文の文法2,5,彼の落語を聞いて ______ ______ __★__ ______ 。,笑わずには,おもしろさに,いられなかった,そのあまりの,笑わずには,「〜ずにはいられない」は、「感情（かんじょう）や欲求（よっきゅう）を抑（おさ）えることができず、どうしても〜してしまう」という意味の表現です。<br>文を正しく組み立てると、「彼の落語を聞いてそのあまりのおもしろさに笑わずにはいられなかった。」となります。<br><br>【正しい順番】<br>1. そのあまりの<br>2. おもしろさに<br>3. ★ 笑わずには<br>4. いられなかった<br><br>「そのあまりの＋おもしろさに」という理由を作り、そのあとに「笑わずには＋いられなかった」をつなげます。<br>したがって、★の位置に入る語句は「笑わずには」となります。<br>発展レベル。N1にもつながる難問です。今は「こんな表現もある」と知っておけば十分。
JLPT_N2_LK_Gr_327,言語知識,文法,文の文法2,2,住民の ______ ______ __★__ ______ 設置された。,新しい,要望に,信号機が,こたえて,新しい,「〜にこたえて」は、「期待（きたい）や要望（ようぼう）に合わせて行動（こうどう）する」という意味を表す文法です。<br>文を正しく組み立てると、「住民の要望にこたえて新しい信号機が設置された。」となります。<br><br>【正しい順番】<br>1. 要望に<br>2. こたえて<br>3. ★ 新しい<br>4. 信号機が<br><br>「要望に＋こたえて」の形を作り、そのあとに「新しい＋信号機が」とつなげます。<br>したがって、★の位置に入る語句は「新しい」となります。<br>基本レベル。確実に得点したい一問です。
JLPT_N2_LK_Gr_328,言語知識,文法,文章の文法,2,近年、電子書籍の普及により、いつでもどこでも手軽に本が読めるようになった。スマートフォンやタブレット一つで何千冊もの本を持ち運べる利便性は、多忙な現代人にとって大きな魅力である。 [ 1 ] 、紙の書籍が持つ魅力も決して失われたわけではない。ページをめくる感触や、本棚に並べたときの所有感などは、電子書籍では味わえない独特の体験である。それぞれの特徴を理解し、目的に応じて使い分けることこそが、読書生活をより豊かなものにするのだろう。<br><br>問： [ 1 ] に入る最も適切なものはどれか。,しかしながら,したがって,なぜなら,たとえば,しかしながら,「しかしながら」は、「前に述べたことと反対の内容や、対比（たいひ）される事実」を述べるときに使う逆接（ぎゃくせつ）の接続詞（せつぞくし）です。<br>電子書籍の便利さに対して、紙の書籍の魅力を対比させているため正解となります。<br><br>・「しかしながら」：逆接・対比の文脈を作るので、正解です。<br>・「したがって」：順接（じゅんせつ）の結論を言うときに使うので合いません。<br>・「なぜなら」：理由（りゆう）を説明するときに使うので合いません。<br>・「たとえば」：具体例（ぐたいれい）を挙げるときに使うので合いません。<br>基本の表現ですが、似た形と混同しやすいので要注意。
JLPT_N2_LK_Gr_329,言語知識,文法,文章の文法,5,近年、電子書籍の普及により、いつでもどこでも手軽に本が読めるようになった。スマートフォンやタブレット一つで何千冊もの本を持ち運べる利便性は、多忙な現代人にとって大きな魅力である。しかしながら、紙の書籍が持つ魅力も決して失われたわけではない。ページをめくる感触や、本棚に並べたときの所有感などは、電子書籍では味わえない独特の体験である。それぞれの特徴を理解し、目的に応じて使い分けることこそが、読書生活をより豊かなものにする [ 2 ] 。<br><br>問： [ 2 ] に入る最も適切なものはどれか。,のではないだろうか,わけにはいかない,にすぎない,っこない,のではないだろうか,「〜のではないだろうか」は、「〜と思う」「〜ではないか」と自分の意見や考えをやわらかく読者に提案・主張するときに使う文末（ぶんまつ）表現です。<br><br>・「のではないだろうか」：筆者の主張を自然に述べているので、正解です。<br>・「わけにはいかない」：「〜できない」という意味になるので不自然です。<br>・「にすぎない」：「ただ〜なだけだ」と価値を低く見る表現なので不自然です。<br>・「っこない」：「〜できるはずがない」という強い否定になるので文脈に合いません。<br>発展レベル。かなり難しいので、間違えても落ち込む必要はありません。
JLPT_N2_LK_Gr_330,言語知識,文法,文の文法1,2,皆さんの協力 ______ 、このイベントの成功はあり得なかった。,を抜きにしては,に反して,に沿って,をめぐって,を抜きにしては,「〜を抜き（ぬき）にしては」は、「もし〜がなかったら、〜できない／実現（じつげん）しない」という意味を表（あらわ）します。<br><br>・「を抜きにしては」：皆さんの協力がなければ成功しなかったという意味になり、正解です。<br>・「に反（はん）して」：「予想（よそう）と反対（はんたい）に」という意味なので合いません。<br>・「に沿（そ）って」：「ルールなどに合わせて」という意味なので不自然です。<br>・「をめぐって」：「〜のテーマについて議論（ぎろん）する」という意味なので合いません。<br>よく出る基本レベル。パターンで覚えてしまいましょう。
JLPT_N2_LK_Gr_331,言語知識,文法,文の文法1,4,彼女は会社員として働く ______ 、夜間大学に通って法律の勉強をしている。,かたわら,次第,あげく,のみならず,かたわら,「〜かたわら」は、「本業（ほんぎょう）として〜をする一方で、別の活動（かつどう）もしている」という意味を表（あらわ）す表現です。<br><br>・「かたわら」：会社員として働きながら大学に通っている状態（じょうたい）を表すので、正解です。<br>・「次第（しだい）」：「〜したらすぐに」や「〜によって決まる」という意味なので合いません。<br>・「あげく」：「〜した悪い結果（けっか）〜になった」という意味なので不自然です。<br>・「のみならず」：「〜だけでなく」という意味ですが、文脈（ぶんみゃく）に合いません。<br>応用レベル。意外と難しい問題なので、間違えても気にしすぎないこと。
JLPT_N2_LK_Gr_332,言語知識,文法,文の文法1,1,日本の伝統文化 ______ 詳しく調べるために、図書館へ行った。,について,に反して,に応じて,に沿って,について,「〜について」は、「〜を対象（たいしょう）・テーマとして」という意味を表す基本的な文法です。<br><br>・「について」：伝統文化をテーマとして調べるので、正解です。<br>・「に反して」：「予想と反対に」という意味なので合いません。<br>・「に応（おう）じて」：「〜に合わせて」という意味なので合いません。<br>・「に沿（そ）って」：「ルールに合わせて」という意味なので不自然です。<br>N2の土台になる文法です。迷わず選べるようにしておきたいところ。
JLPT_N2_LK_Gr_333,言語知識,文法,文の文法1,5,このような盛大な式典に招待していただき、感激 ______ です。,の極み,に先立って,をきっかけに,に際して,の極み,「〜の極（きわ）み」は、「最高（さいこう）に〜だ」「これ以上（いじょう）ないほど〜だ」と強い感情（かんじょう）を表す非常に硬（かた）い表現です。<br><br>・「の極み」：「これ以上ないほど感激（かんげき）している」という意味になるので、正解です。<br>・「に先立（さきだ）って」：「〜をする前に」という意味なので合いません。<br>・「をきっかけに」：「〜を理由に始める」という意味なので不自然です。<br>・「に際（さい）して」：「〜するときに」という意味なので合いません。<br>発展レベル。硬い書き言葉で使われる表現です。読んで意味が分かれば合格ライン。
JLPT_N2_LK_Gr_334,言語知識,文法,文の文法2,3,仕事が忙しくて、旅行に ______ ______ __★__ ______ 。,行っている,どころ,では,ない,では,「〜どころではない」は、「忙しいなどの理由（りゆう）で、とても〜できる状況（じょうきょう）ではない」という意味を表す文法です。<br>文を正しく組み立てると、「仕事が忙しくて、旅行に行っているどころではない。」となります。<br><br>【正しい順番】<br>1. 行っている<br>2. どころ<br>3. ★ では<br>4. ない<br><br>「旅行に行っている」のあとに「どころ＋では＋ない」とつなげます。<br>したがって、★の位置に入る語句は「では」となります。<br>標準レベル。前後の文脈をていねいに読むのがコツです。
JLPT_N2_LK_Gr_335,言語知識,文法,文の文法2,1,ボランティア ______ ______ __★__ ______ 出会えた。,活動を,素晴らしい,通して,友人と,素晴らしい,「〜を通して（とおして）」は、「〜を機会（きかい）や手段（しゅだん）にして」という意味を表す基本（きほん）文法です。<br>文を正しく組み立てると、「ボランティア活動を通して素晴らしい友人と出会えた。」となります。<br><br>【正しい順番】<br>1. 活動を<br>2. 通して<br>3. ★ 素晴らしい<br>4. 友人と<br><br>「ボランティア活動を＋通して」を作り、そのあとに「素晴らしい＋友人と」をつなげます。<br>したがって、★の位置に入る語句は「素晴らしい」となります。<br>基礎レベル。ここを固めておくと後がぐっと楽になります。
JLPT_N2_LK_Gr_336,言語知識,文法,文の文法2,5,彼の ______ ______ __★__ ______ 。,身勝手な,禁じ得ない,振る舞いには,憤りを,憤りを,「〜を禁（きん）じ得（え）ない」は、「湧（わ）き起こる強い感情（かんじょう）を抑（おさ）えることができない」という意味の硬（かた）い表現です。<br>文を正しく組み立てると、「彼の身勝手（みがって）な振（ふ）る舞（ま）いには憤（いきどお）りを禁じ得ない。」となります。<br><br>【正しい順番】<br>1. 身勝手な<br>2. 振る舞いには<br>3. ★ 憤りを<br>4. 禁じ得ない<br><br>「身勝手な＋振る舞いには」のあとに「憤りを＋禁じ得ない」と続けます。<br>したがって、★の位置に入る語句は「憤りを」となります。<br>発展レベル。ここは差がつく一問。余裕があれば覚えておきましょう。
JLPT_N2_LK_Gr_337,言語知識,文法,文の文法2,2,結果は ______ ______ __★__ ______ 。,次第で,あなたの,努力,変わる,次第で,「名詞（めいし）＋次第（しだい）で」は、「〜によって決まる／変わる」という意味を表します。<br>文を正しく組み立てると、「結果（けっか）はあなたの努力（どりょく）次第で変わる。」となります。<br><br>【正しい順番】<br>1. あなたの<br>2. 努力<br>3. ★ 次第で<br>4. 変わる<br><br>「あなたの＋努力＋次第で」というまとまりを作り、最後に「変わる」を続けます。<br>したがって、★の位置に入る語句は「次第で」となります。<br>基本レベル。意味の違いを一度整理しておくと安心です。
JLPT_N2_LK_Gr_338,言語知識,文法,文章の文法,4,最近、健康志向の高まりからオーガニック食品を購入する人が増えている。農薬を使わない安心感や、素材本来の味わいが評価されているようだ。 [ 1 ] 、一般的な食品に比べて価格が高く、日持ちがしないという課題もある。普及のためには、生産コストの削減や流通の効率化が必要となるだろう。<br><br>問： [ 1 ] に入る最も適切なものはどれか。,ただし,その結果,なぜなら,つまり,ただし,「ただし」は、「前で述べたことに加えて、条件（じょうけん）や注意点（ちゅういてん）、例外（れいがい）などを付け加える」ときに使う接続詞（せつぞくし）です。<br><br>・「ただし」：条件や補足的な注意点を述べているので、正解です。<br>・「その結果（けっか）」：前の内容から生まれた出来事を表すので合いません。<br>・「なぜなら」：理由（りゆう）を説明するときに使うので合いません。<br>・「つまり」：要約（ようやく）や言い換え（いいかえ）をするときに使うので合いません。<br>応用レベル。文脈を最後まで読まないと選びきれないタイプです。
JLPT_N2_LK_Gr_339,言語知識,文法,文章の文法,3,日本の伝統工芸品は、職人の高い技術と長い歴史によって支えられてきた。しかし現在、後継者不足や需要の減少により、多くの工房が存続の危機に直面している。このまま何も対策を講じなければ、貴重な技術が失われてしまいかねない。地域の宝である伝統文化を守るため、国や自治体による手厚い支援が [ 2 ] 。<br><br>問： [ 2 ] に入る最も適切なものはどれか。,求められているのだ,求められるわけがない,求められるにすぎない,求められるはずがない,求められているのだ,「〜のだ」は、説明（せつめい）や結論（けつろん）として筆者（ひっしゃ）の考え・主張（しゅちょう）を強く伝える文末（ぶんまつ）表現です。<br><br>・「求められているのだ」：筆者の主張を自然に述べているので、正解です。<br>・「求められるわけがない」：「絶対に求められない」という否定（ひてい）の意味になり文脈に合いません。<br>・「求められるにすぎない」：「ただ〜なだけだ」と価値（かち）を低（ひく）く見る表現なので合いません。<br>・「求められるはずがない」：「絶対に〜ない」と強い否定になるので合いません。<br>標準レベル。本番で合否を分けやすいタイプの問題です。
JLPT_N2_LK_Gr_340,言語知識,文法,文の文法1,2,彼の発言は単なる意見の表明に ______ 、決定権は別のところにある。,すぎず,ほかならず,つきず,相違なく,すぎず,「〜にすぎない」は、「ただ〜であるだけだ」「それ以上の特別なものではない」という意味を表（あらわ）します。<br>単なる意見（いけん）にすぎない（＝ただの意見にすぎない）という場面で使います。<br><br>・「すぎず」：「意見の表明にすぎず（＝ただの意見にすぎず）」となり、正解です。<br>・「ほかならず」：「〜にほかならない（＝まさに〜だ）」という意味なので合いません。<br>・「つきず」：接続（せつぞく）や意味が合いません。<br>・「相違（そうい）なく」：「〜に相違ない（＝絶対に〜だ）」という意味なので合いません。<br>基本レベル。確実に得点したい一問です。
JLPT_N2_LK_Gr_341,言語知識,文法,文の文法1,4,彼の設計した建物は、巨大な地震の激しい揺れにも ______ 頑丈な構造になっている。,耐えうる,堪えがたい,耐えかねる,耐えるわけがない,耐えうる,「〜に耐（た）えうる」は、「〜に耐えることができる」「〜する能力（のうりょく）や価値（かち）が充分（じゅうぶん）にある」という意味を表します。<br>激しい揺れ（ゆれ）にも耐えることができる構造（こうぞう）だと言いたいときに使います。<br><br>・「耐えうる」：地震の揺れに耐えることができるという意味になり、正解です。<br>・「堪（た）えがたい」：「〜に耐えるのが辛（つら）い」という意味なので合いません。<br>・「耐えかねる」：「耐えることができない」という意味なので不自然です。<br>・「耐えるわけがない」：「絶対に耐えない」という強い否定（ひてい）なので合いません。<br>やや難しい応用レベル。ここまで解ければ上位層です。
JLPT_N2_LK_Gr_342,言語知識,文法,文の文法1,1,料理のおいしさ ______ 、この街でこの店の右に出る店はない。,にかけては,に反して,を通して,をもとにして,にかけては,「〜にかけては」は、「〜という特定の技術（ぎじゅつ）や分野（ぶんや）について言えば、一番（いちばん）だ」と評価（ひょうか）するときに使います。<br>基礎（きそ）的なレベルの問題です。<br><br>・「〜にかけては」：料理のおいしさという分野で一番だと褒（ほ）めているので、正解です。<br>・「〜に反（はん）して」：「予想（よそう）と反対（はんたい）に」という意味なので合いません。<br>・「〜を通して（とおして）」：「〜を手段（しゅだん）として」という意味なので不自然です。<br>・「〜をもとにして」：「〜を材料（ざいりょう）にして」という意味なので合いません。<br>まずここから。絶対に覚えたい基本の形です。
JLPT_N2_LK_Gr_343,言語知識,文法,文の文法1,5,危険な作業を安全具もつけずに行うなんて、危険 ______ 行為だ。,極まりない,得ない,にたえない,まじき,極まりない,「〜極（きわ）まりない」は、「これ以上（いじょう）ないほど〜だ」「非常に〜だ」と強い感情（かんじょう）を込（こ）めて表す非常に硬（かた）い表現です。<br><br>・「極まりない」：「危険極まりない行為（＝これ以上ないほど危険な行為）」となり、正解です。<br>・「得（え）ない」：「絶対に〜できない」という意味なので合いません。<br>・「にたえない」：「感情を抑（おさ）えられない」という意味（例：感謝（かんしゃ）にたえない）なので合いません。<br>・「まじき」：「〜まじき＋名詞（めいし）」の形で使い、形容詞（けいようし）に直接（ちょくせつ）接続しないため不自然です。<br>発展レベル。N1にもつながる難問です。今は「こんな表現もある」と知っておけば十分。
JLPT_N2_LK_Gr_344,言語知識,文法,文の文法2,3,このテーマパークは、______ ______ __★__ ______ 楽しめる。,問わず,年齢や,性別を,誰でも,問わず,「〜を問（と）わず」は、「〜に関（かん）係（けい）なく」「〜を問題（もんだい）にしないで」という意味を表す文法です。<br>文を正しく組み立てると、「このテーマパークは、年齢（ねんれい）や性別（せいべつ）を問わず誰（だれ）でも楽しめる。」となります。<br><br>【正しい順番】<br>1. 年齢や<br>2. 性別を<br>3. ★ 問わず<br>4. 誰でも<br><br>「年齢や＋性別を」のあとに「問わず」をつなげ、最後に「誰でも楽しめる」と続けます。<br>したがって、★の位置に入る語句は「問わず」となります。<br>標準レベル。ここが安定して解けるとN2合格が見えてきます。
JLPT_N2_LK_Gr_345,言語知識,文法,文の文法2,2,この台風の被害は、______ ______ __★__ ______ 広がった。,にとどまらず,地域,一部の,全国に,にとどまらず,「〜にとどまらず」は、「〜という狭（せま）い範囲（はんい）だけでなく、もっと広い範囲（はんい）に及（およ）んで」という意味を表します。<br>文を正しく組み立てると、「この台風の被害（ひがい）は、一部（いちぶ）の地域（ちいき）にとどまらず全国（ぜんこく）に広がった。」となります。<br><br>【正しい順番】<br>1. 一部の<br>2. 地域<br>3. ★ にとどまらず<br>4. 全国に<br><br>「一部の＋地域」のあとに「にとどまらず＋全国に」とつなげます。<br>したがって、★の位置に入る語句は「にとどまらず」となります。<br>基本の表現ですが、似た形と混同しやすいので要注意。
JLPT_N2_LK_Gr_346,言語知識,文法,文の文法2,5,この困難な状況も、______ ______ __★__ ______ なる。,成長させる,チャンスに,考えようによっては,自分を,成長させる,「〜ようによっては」は、「やり方や考え方次第（しだい）で、結果（けっか）が良くも悪くもなる」という意味を表す硬（かた）い表現です。<br>文を正しく組み立てると、「この困難（こんなん）な状況（じょうきょう）も、考えようによっては自分（じぶん）を成長（せいちょう）させるチャンスになる。」となります。<br><br>【正しい順番】<br>1. 考えようによっては<br>2. 自分を<br>3. ★ 成長させる<br>4. チャンスに<br><br>「考えようによっては」のあとに「自分を＋成長させる＋チャンスに」とつなげます。<br>したがって、★の位置に入る語句は「成長させる」となります。<br>発展レベル。かなり難しいので、間違えても落ち込む必要はありません。
JLPT_N2_LK_Gr_347,言語知識,文法,文の文法2,1,時間が ______ ______ __★__ ______ ほぐれていった。,少しずつ,彼の緊張は,経つにつれて,時間が,彼の緊張は,「〜につれて」は、「〜が変化（へんか）すると、それに伴（とも）なって〜も変化する」という意味の基本（きほん）文法です。<br>文を正しく組み立てると、「時間が経（た）つにつれて彼の緊張（きんちょう）は少しずつほぐれていった。」となります。<br><br>【正しい順番】<br>1. 時間が<br>2. 経つにつれて<br>3. ★ 彼の緊張は<br>4. 少しずつ<br><br>「時間が＋経つにつれて」をつくり、そのあとに「彼の緊張は＋少しずつ」と続けます。<br>したがって、★の位置に入る語句は「彼の緊張は」となります。<br>落とせない基礎レベル。確実に正解しておきましょう。
JLPT_N2_LK_Gr_348,言語知識,文法,文章の文法,4,近年、AIを用いた自動翻訳技術の精度が向上し、日常会話レベルであれば瞬時に翻訳できるようになった。異言語間でのコミュニケーションの壁は急速に低くなっていると言える。 [ 1 ] 、文脈や文化的背景の理解を要する高度な翻訳においては、まだ人間の翻訳者に及ばない部分も多い。AIの利便性を活かしつつ、最終的な確認や調整は人間が行うという協働の姿勢が求められている。<br><br>問： [ 1 ] に入る最も適切なものはどれか。,だからといって,その反面,なぜなら,つまり,その反面,「その反面（はんめん）」は、「一つの事柄（ことがら）に対して、もう一つの反対（はんたい）の側（がわ）の面を言う」ときに使う接続詞（せつぞくし）です。<br>自動翻訳（じどうほんやく）が便利（べんり）になった良い面の裏（うら）にある、AIの限界（げんかい）という別の面を述べているので正解です。<br><br>・「その反面」：メリットの裏にあるデメリット・限界を指摘（してき）しているので、正解です。<br>・「だからといって」：「だからといって〜わけではない」などの形をとることが多いため不自然です。<br>・「なぜなら」：理由（りゆう）を説明するときに使うので合いません。<br>・「つまり」：要約（ようやく）や言い換え（いいかえ）をするときに使うので合いません。<br>応用レベル。一度で正解できたら自信を持ってよい問題です。
JLPT_N2_LK_Gr_349,言語知識,文法,文章の文法,2,地方の商店街では、大型ショッピングモールの進出や後継者不足により、シャッターを下ろしたままの店舗が増加している。こうした現状を打破するため、若者の起業を支援したり、空き店舗をコミュニティスペースとして活用したりする取り組みが全国で始まっている。衰退する地域経済を再生させるためには、従来のやり方に捉われない柔軟な発想が [ 2 ] 。<br><br>問： [ 2 ] に入る最も適切なものはどれか。,求められているのだ,求められるわけがない,求められるにすぎない,求められるはずがない,求められているのだ,「〜のだ」は、説明（せつめい）やまとめとして、筆者（ひっしゃ）の強い主張（しゅちょう）や結論（けつろん）を述べるときに使う文末（ぶんまつ）表現です。<br><br>・「求められているのだ」：筆者の考えやまとめを自然に主張しているので、正解です。<br>・「求められるわけがない」：「絶対に求められない」という否定（ひてい）の意味になるので合いません。<br>・「求められるにすぎない」：「ただ〜であるだけだ」と価値（かち）を低（ひく）く見る表現なので不自然です。<br>・「求められるはずがない」：「絶対に〜ない」と強い否定になるので文脈（ぶんみゃく）に合いません。<br>よく出る基本レベル。パターンで覚えてしまいましょう。
JLPT_N2_LK_Gr_350,言語知識,文法,文の文法1,3,彼はパソコンの知識 ______ 、社内で彼の右に出る者はいない。,にかけては,にともなって,に即して,にわたって,にかけては,「〜にかけては」は、「〜という特定の分野において、優れた技術や知識を持っている」と評価するときに使う表現です。<br>パソコンの知識という分野において一番だという意味になるので正解です。<br><br>・「にかけては」：特定の分野での能力を高く評価しているので、正解です。<br>・「にともなって」：「〜と一緒に変化する」という意味なので不自然です。<br>・「に即（そく）して」：「〜に合わせて・沿って」という意味なので合いません。<br>・「にわたって」：「全体・期間に及んで」という意味なので合いません。<br>実際の試験でよく問われる標準レベルの問題です。
JLPT_N2_LK_Gr_351,言語知識,文法,文の文法1,1,年間 ______ 多くの観光客がこの町を訪れる。,を通して,に関して,によって,にとって,を通して,「〜を通して（とおして）」は、「ある期間の最初から最後までずっと」という意味を表します。<br>基礎的なレベルのN2文法です。<br><br>・「を通して」：一年間ずっと観光客が訪れていることを表すので、正解です。<br>・「に関して」：「〜について」という意味なので合いません。<br>・「によって」：「〜の方法で・理由で」という意味なので不自然です。<br>・「にとって」：「〜の立場から見ると」という意味なので合いません。<br>N2の土台になる文法です。迷わず選べるようにしておきたいところ。
JLPT_N2_LK_Gr_352,言語知識,文法,文の文法1,4,試合に出場する ______ 、全力を尽くして絶対に勝利を掴みたい。,からには,ことには,ものなら,わりに,からには,「〜からには」は、「〜という事実・決意があるのだから、当然〜するべきだ／したい」という強い意志を表す文法です。<br><br>・「からには」：試合に出るという決意のもとで全力を出すことを表すので、正解です。<br>・「ことには」：「〜しないと〜できない」などの形で使うため不自然です。<br>・「ものなら」：「もし〜できるなら」という仮定を表すため合いません。<br>・「わりに」：「予想と違って」という意味なので不自然です。<br>応用レベル。意外と難しい問題なので、間違えても気にしすぎないこと。
JLPT_N2_LK_Gr_353,言語知識,文法,文の文法1,2,大事な会議に遅刻するなんて、社会人として ______ 。,あるまじきことだ,あるにすぎない,あるわけがない,あるにちがいない,あるまじきことだ,「〜にあるまじき」は、「その立場や資格にある人として、やってはいけない・あってはならない行為だ」と強く批判するときに使う文法です。<br><br>・「あるまじきことだ」：社会人としてあってはならない行為だと批判しているので、正解です。<br>・「あるにすぎない」：「ただ〜なだけだ」という意味なので不自然です。<br>・「あるわけがない」：「絶対に〜ない」という意味なので文脈に合いません。<br>・「あるにちがいない」：「絶対に〜だ」という確信を表すため不自然です。<br>基本レベル。意味の違いを一度整理しておくと安心です。
JLPT_N2_LK_Gr_354,言語知識,文法,文の文法2,5,運転中のスマホ操作は ______ ______ __★__ ______ 非常に危険だ。,大きな事故に,かねないため,つながり,思わぬ,つながり,「〜かねない」は、「〜という悪い結果になる可能性がある」という意味を表す文法です。<br>文を正しく組み立てると、「運転中のスマホ操作は思わぬ大きな事故につながりかねないため非常に危険だ。」となります。<br><br>【正しい順番】<br>1. 思わぬ<br>2. 大きな事故に<br>3. ★ つながり<br>4. かねないため<br><br>「思わぬ＋大きな事故に＋つながり＋かねないため」という語句の繋がりを作ります。<br>したがって、★の位置に入る語句は「つながり」となります。<br>発展レベル。硬い書き言葉で使われる表現です。読んで意味が分かれば合格ライン。
JLPT_N2_LK_Gr_355,言語知識,文法,文の文法2,2,新しい公園の建設を ______ ______ __★__ ______ 繰り広げられた。,めぐって,住民の間で,活発な,議論が,活発な,「〜をめぐって」は、「ある問題や出来事を対象として争ったり意見を交わしたりする」という意味を表すN2文法です。<br>文を正しく組み立てると、「新しい公園の建設をめぐって住民の間で活発な議論が繰り広げられた。」となります。<br><br>【正しい順番】<br>1. めぐって<br>2. 住民の間で<br>3. ★ 活発な<br>4. 議論が<br><br>「建設を＋めぐって」の形を作り、そのあとに「住民の間で＋活発な＋議論が」とつなげます。<br>したがって、★の位置に入る語句は「活発な」となります。<br>基本レベル。確実に得点したい一問です。
JLPT_N2_LK_Gr_356,言語知識,文法,文の文法2,3,計画は ______ ______ __★__ ______ 進められている。,当初の,予定通りに,方針に,沿って,沿って,「〜に沿（そ）って」は、「基準・ルール・方針に合わせて行動する」という意味を表す文法です。<br>文を正しく組み立てると、「計画は当初の方針に沿って予定通りに進められている。」となります。<br><br>【正しい順番】<br>1. 当初の<br>2. 方針に<br>3. ★ 沿って<br>4. 予定通りに<br><br>「当初の＋方針に＋沿って」という並びを作成し、最後に「予定通りに」と続けます。<br>したがって、★の位置に入る語句は「沿って」となります。<br>標準レベル。前後の文脈をていねいに読むのがコツです。
JLPT_N2_LK_Gr_357,言語知識,文法,文の文法2,1,明日は ______ ______ __★__ ______ に違いない。,晴れる,青空が,広がるから,これだけ,広がるから,「〜に違いない」は、「（根拠があって）絶対に〜だ」と強く推測・主張するときに使う基本文法です。<br>文を正しく組み立てると、「明日はこれだけ青空が広がるから晴れるに違いない。」となります。<br><br>【正しい順番】<br>1. これだけ<br>2. 青空が<br>3. ★ 広がるから<br>4. 晴れる<br><br>理由となる「これだけ＋青空が＋広がるから」を前に置き、結末の「晴れる＋に違いない」につなげます。<br>したがって、★の位置に入る語句は「広がるから」となります。<br>基礎レベル。ここを固めておくと後がぐっと楽になります。
JLPT_N2_LK_Gr_358,言語知識,文法,文章の文法,5,新技術の導入により、工場の生産効率は大幅に向上した。作業時間の大幅な短縮が実現し、製品のコスト削減にもつながった。 [ 1 ] 、初期投資の負担が大きい点や、操作方法の習得に時間を要する点など、運用上の課題も残されている。技術導入の効果を最大化するには、長期的な視点での人材育成が不可欠である。<br><br>問： [ 1 ] に入る最も適切なものはどれか。,それにもかかわらず,そのうえ,あるいは,要するに,それにもかかわらず,「それにもかかわらず」は、「前の内容から当然予想されることとは逆の事実や問題点」を述べるときに使う逆接の接続詞です。<br><br>・「それにもかかわらず」：大きな成果が出ているにもかかわらず課題がある、という逆接を表すので正解です。<br>・「そのうえ」：情報を追加するときに使われるため不自然です。<br>・「あるいは」：選択肢を並べるときに使うので合いません。<br>・「要するに」：まとめや言い換えをするときに使うので合いません。<br>発展レベル。ここは差がつく一問。余裕があれば覚えておきましょう。
JLPT_N2_LK_Gr_359,言語知識,文法,文章の文法,4,運動が体に良いことは広く知られているが、毎日激しい運動を続けることが必ずしも健康につながるわけではない。過度な運動はかえって体に負担をかけ、怪我や体調不良を引き起こすおそれがある。自分の体力に合わせた適切な負荷をかけ、無理なく継続することこそが重要である [ 2 ] 。<br><br>問： [ 2 ] に入る最も適切なものはどれか。,と言えるだろう,と言わざるを得ない,と言わないでもない,と言えるわけがない,と言えるだろう,「〜と言えるだろう」は、筆者の主張や意見をやわらかく結びくくる文末表現です。<br><br>・「と言えるだろう」：自分の結論・考えを自然に表現しているので、正解です。<br>・「と言わざるを得ない」：「残念だが〜と言わざるを得ない」といったネガティブな文脈になりやすいため不自然です。<br>・「と言わないでもない」：「〜と言う可能性も少しはある」という遠回しな表現になり不自然です。<br>・「と言えるわけがない」：主張と正反対の否定になってしまうため不自然です。<br>応用レベル。文脈を最後まで読まないと選びきれないタイプです。
JLPT_N2_LK_Gr_360,言語知識,文法,文の文法1,2,お客様からの熱いご要望 ______ 、人気の限定商品を再販売することになった。,にこたえて,にかかわらず,にしたがって,にともなって,にこたえて,「〜にこたえて」は、「期待（きたい）や要望（ようぼう）に合わせて行動（こうどう）する」という意味を表（あらわ）す表現です。<br>お客様からの強い希望（きぼう）に応（こた）えて商品を再販売（さいはんばい）する場面で使います。基本（きほん）的なレベルの問題です。<br><br>・「にこたえて」：ご要望に合わせるという意味になるので、正解です。<br>・「にかかわらず」：「〜に関係（かんけい）なく」という意味なので合いません。<br>・「にしたがって」：「〜と一緒に変化（へんか）する」という意味なので不自然です。<br>・「にともなって」：「〜と同時に起こる」という意味なので不自然です。<br>基本の表現ですが、似た形と混同しやすいので要注意。
JLPT_N2_LK_Gr_361,言語知識,文法,文の文法1,4,自分一人で解決できる ______ 解決したいが、今回の問題は複雑すぎる。,ものなら,ことだから,わけには,に際して,ものなら,「〜ものなら」は、「もしできるなら（実際（じっさい）には難しいが）〜したい」という強い願（ねが）いを表す文法です。<br>動詞（どうし）の可能形（かのうけい）に接続（せつぞく）することが多いです。<br><br>・「ものなら」：自分一人で解決できるならそうしたいという気持ちを表すので、正解です。<br>・「ことだから」：「〜の性格（せいかく）から考えて」という意味なので合いません。<br>・「わけには」：「わけにはいかない」のように使うため、接続（せつぞく）が不自然です。<br>・「に際して」：「〜するときに」という特別な場面を表す表現なので合いません。<br>やや難しい応用レベル。ここまで解ければ上位層です。
JLPT_N2_LK_Gr_362,言語知識,文法,文の文法1,1,先輩が優しくアドバイスしてくれた ______ 、プレゼンを無事に成功させることができた。,おかげで,せいで,に応じて,にしたがって,おかげで,「〜おかげで」は、「〜が良い理由（りゆう）となって、良い結果（けっか）になった」という感謝（かんしゃ）を表（あらわ）す基本（きほん）文法です。<br>基礎（きそ）的なレベルの問題です。<br><br>・「おかげで」：先輩のアドバイスに感謝して成功したことを言っているので、正解です。<br>・「せいで」：悪い理由のときに使うので、成功した場面には合いません。<br>・「に応（おう）じて」：「〜に合わせて変化する」という意味なので不自然です。<br>・「にしたがって」：「〜と一緒に変化する」という意味なので不自然です。<br>まずここから。絶対に覚えたい基本の形です。
JLPT_N2_LK_Gr_363,言語知識,文法,文の文法1,5,世界的な経済不況の状況 ______ 、我が社は新しい価値を創造し続けなければならない。,にあって,に沿って,に反して,に至って,にあって,「〜にあて」は、「〜という特別な状況（じょうきょう）や立場（たちば）において」という意味を表（あらわ）す硬（かた）い表現です。<br><br>・「にあって」：経済不況（けいざいふきょう）という厳しい状況において、という意味になるので正解です。<br>・「に沿（そ）って」：「ルールなどに合わせて」という意味なので合いません。<br>・「に反（はん）して」：「予想（よそう）と反対に」という意味なので不自然です。<br>・「に至（いた）って」：「〜という大変な段階（だんかい）になって」という意味なので不自然です。<br>発展レベル。N1にもつながる難問です。今は「こんな表現もある」と知っておけば十分。
JLPT_N2_LK_Gr_364,言語知識,文法,文の文法2,3,このプロジェクトは、______ ______ __★__ ______ 成功した。,チーム全員の,はじめ,努力によって,リーダーを,チーム全員の,「〜をはじめ（として）」は、「代表的（だいひょうてき）な例（れい）をひとつ挙げて、それだけでなく他にもみんな〜だ」という意味を表します。<br>文を正しく組み立てると、「このプロジェクトは、リーダーをはじめチーム全員の努力によって成功した。」となります。<br><br>【正しい順番】<br>1. リーダーを<br>2. はじめ<br>3. ★ チーム全員の<br>4. 努力によって<br><br>「リーダーを＋はじめ」という形を作り、そのあとに「チーム全員の＋努力（どりょく）によって」とつなげます。<br>したがって、★の位置に入る語句は「チーム全員の」となります。<br>標準レベル。本番で合否を分けやすいタイプの問題です。
JLPT_N2_LK_Gr_365,言語知識,文法,文の文法2,1,この写真を見る ______ ______ __★__ ______ 思い出す。,楽しかった,学生時代を,たびに,当時の,楽しかった,「〜たびに」は、「〜するときは、いつも同じことが起きる」という意味を表す基本（きほん）文法です。<br>文を正しく組み立てると、「この写真を見るたびに当時の楽しかった学生時代を思い出す。」となります。<br><br>【正しい順番】<br>1. たびに<br>2. 当時の<br>3. ★ 楽しかった<br>4. 学生時代を<br><br>「見るたびに」のあとに「当時の＋楽しかった＋学生時代（がくせいじだい）を」とつなげます。<br>したがって、★の位置に入る語句は「楽しかった」となります。<br>落とせない基礎レベル。確実に正解しておきましょう。
JLPT_N2_LK_Gr_366,言語知識,文法,文の文法2,5,この料亭では、______ ______ __★__ ______ 楽しめる。,味わいを,老舗,ならではの,深い,深い,「〜ならではの」は、「〜だけが持っている特別な・素晴らしい〜」と称賛（しょうさん）するときに使うN2表現です。<br>文を正しく組み立てると、「この料亭（りょうてい）では、老舗（しにせ）ならではの深い味わいを楽しめる。」となります。<br><br>【正しい順番】<br>1. 老舗<br>2. ならではの<br>3. ★ 深い<br>4. 味わいを<br><br>「老舗ならではの」という形を作り、そのあとに「深い＋味わいを」とつなげます。<br>したがって、★の位置に入る語句は「深い」となります。<br>発展レベル。かなり難しいので、間違えても落ち込む必要はありません。
JLPT_N2_LK_Gr_367,言語知識,文法,文の文法2,2,この部屋は ______ ______ __★__ ______ 日当たりが良い。,わりに,家賃が,広くて,安い,わりに,「〜わりに（は）」は、「〜という基準（きじゅん）から考えた予想（よそう）と違（ちが）って」という意味を表します。<br>文を正しく組み立てると、「この部屋は家賃（やちん）が安いわりに広くて日当たりが良い。」となります。<br><br>【正しい順番】<br>1. 家賃が<br>2. 安い<br>3. ★ わりに<br>4. 広くて<br><br>「家賃が安い＋わりに」の形をつくり、そのあとに「広くて＋日当たりが良い」を続けます。<br>したがって、★の位置に入る語句は「わりに」となります。<br>よく出る基本レベル。パターンで覚えてしまいましょう。
JLPT_N2_LK_Gr_368,言語知識,文法,文章の文法,4,最近、ゴミの分別の重要性が叫ばれている。多くの自治体で細かなルールが作られ、住民もそれに協力している。一見すると面倒に思える作業だが、資源を再利用するためには欠かせない取り組みである。私たちが日々の生活で少し意識を変えるだけで、環境保護に大きく貢献できる [ 1 ] 。<br><br>問： [ 1 ] に入る最も適切なものはどれか。,わけだ,わけではない,わけにはいかない,わけがない,わけだ,「〜わけだ」は、「〜という理由（りゆう）だから、当然（とうぜん）〜という結末（けつまつ）・結論（けつろん）になる」とまとめるときに使う表現です。<br><br>・「わけだ」：前の説明を受けて「だから貢献できるのだ」と納得して結論をまとめているので、正解です。<br>・「わけではない」：「完全に〜とは言えない」という一部否定（いちぶひてい）になるので合いません。<br>・「わけにはいかない」：「立場から〜できない」という意味なので合いません。<br>・「わけがない」：「絶対に〜ない」と強い否定になるので文脈（ぶんみゃく）に合いません。<br>応用レベル。一度で正解できたら自信を持ってよい問題です。
JLPT_N2_LK_Gr_369,言語知識,文法,文章の文法,3,良質な睡眠をとるためには、寝る前の習慣を見直すことが欠かせない。就寝前のスマートフォンの操作は、脳を刺激するため避けるべきだとされている。 [ 2 ] 、ぬるめのお湯に浸かってリラックスする時間を作ることも効果的だ。心身ともに休まる環境を整えることが大切である。<br><br>問： [ 2 ] に入る最も適切なものはどれか。,さらに,その結果,なぜなら,つまり,さらに,「さらに」は、「前で述べたことに加えて、別の方法（ほうほう）や情報（じょうほう）を付け加える」ときに使う接続詞（せつぞくし）です。<br>睡眠（すいみん）のための工夫（くふう）をもう一つ追加（ついか）している、標準（ひょうじゅん）的なレベルの問題です。<br><br>・「さらに」：スマホを避けることに加えて、お風呂でリラックスするという別の良い方法を追加しているので、正解です。<br>・「その結果（けっか）」：前の動作による直接の出来事を言う言葉なので不自然です。<br>・「なぜなら」：理由（りゆう）を言い始めるときに使うので合いません。<br>・「つまり」：言い換え（いいかえ）やまとめを言うときに使うので合いません。<br>標準レベル。ここが安定して解けるとN2合格が見えてきます。
JLPT_N2_LK_Gr_370,言語知識,文法,文の文法1,2,怪我 ______ 、彼はスポーツ選手のサポートをする仕事に興味を持った。,をきっかけに,に限って,に反して,に沿って,をきっかけに,「〜をきっかけに」は、「ある出来事（できごと）が理由（りゆう）となって、新しい行動（こうどう）や変化（へんか）が始まる」という意味を表（あらわ）します。<br>怪我という出来事から新しい興味を持った場面で使います。基本（きほん）的なN2文法です。<br><br>・「〜をきっかけに」：怪我を理由として新しい仕事に興味を持ったので、正解です。<br>・「〜に限（かぎ）って」：「〜だけに特別（とくべつ）に」という意味なので合いません。<br>・「〜に反（はん）して」：「予想（よそう）と反対（はんたい）に」という意味なので不自然です。<br>・「〜に沿（そ）って」：「ルールなどに合わせて」という意味なので合いません。<br>基本レベル。意味の違いを一度整理しておくと安心です。
JLPT_N2_LK_Gr_371,言語知識,文法,文の文法1,4,このまま地球温暖化が進めば、世界各地で深刻な食糧不足が起こり ______ 。,かねない,かねる,得ない,っこない,かねない,「〜かねない」は、「〜という悪い結果（けっか）になる可能性がある」という意味を表（あらわ）します。<br>動詞（どうし）の「ます形（けい）」から「ます」をとった形に接続（せつぞく）します。<br><br>・「かねない」：食糧不足（しょくりょうぶそく）という悪いことが起きる可能性（かのうせい）を示（しめ）しているので、正解です。<br>・「かねる」：「〜することができない」という意味の丁寧（ていねい）な表現（ひょうげん）なので合いません。<br>・「得（え）ない」：「絶対に〜できない」という意味なので不自然です。<br>・「っこない」：「〜できるはずがない」と強く否定（ひてい）する形なので不自然です。<br>応用レベル。意外と難しい問題なので、間違えても気にしすぎないこと。
JLPT_N2_LK_Gr_372,言語知識,文法,文の文法1,1,時代の変化 ______ 、人々の働き方や生活様式も変わりつつある。,にしたがって,にかけては,にわたって,にあたって,にしたがって,「〜にしたがって」は、「〜が変化（へんか）すると、それに伴（とも）なって〜も変化する」という意味を表（あらわ）します。<br>基礎（きそ）的なN2文法です。<br><br>・「〜にしたがって」：時代の変化と一緒に働き方も変わっていることを表すので、正解です。<br>・「〜にかけては」：「〜の能力（のうりょく）について言えば一番だ」という意味なので合いません。<br>・「〜にわたって」：「〜の全体（ぜんたい）・期間（きかん）に及（およ）んで」という意味なので不自然です。<br>・「〜にあたって」：「〜をする特別な準備（じゅんび）として」という意味なので合いません。<br>N2の土台になる文法です。迷わず選べるようにしておきたいところ。
JLPT_N2_LK_Gr_373,言語知識,文法,文の文法1,5,台風の影響による急な悪天候のため、飛行機は目的地を変更 ______ 。,することを余儀なくされた,することにほかならなかった,するにたえなかった,することにかぎられていた,することを余儀なくされた,「〜を余儀（よぎ）なくされる」は、「自分の意思（いし）とは関係（かんけい）なく、理由（りゆう）があってそうせざるを得（え）ない状況（じょうきょう）になる」という意味を表（あらわ）す硬（かた）い表現です。<br><br>・「〜することを余儀なくされた」：台風（たいふう）という不可抗力（ふかこうりょく）で仕方（しかた）なく変更（へんこう）させられたので、正解です。<br>・「〜することにほかならなかった」：「まさに〜だ」と強い断定（だんてい）を表す表現なので合いません。<br>・「〜するにたえなかった」：「〜を見るのが辛（つら）い・見る価値（かち）がない」という意味なので合いません。<br>・「〜することにかぎられていた」：「〜だけに限定（げんてい）されていた」という意味になり、不自然です。<br>発展レベル。硬い書き言葉で使われる表現です。読んで意味が分かれば合格ライン。
JLPT_N2_LK_Gr_374,言語知識,文法,文の文法2,3,彼が成功したのは、______ ______ __★__ ______ 。,地道な,努力の,積み重ね,にほかならない,積み重ね,「〜にほかならない」は、「まさに〜だ」「〜以外の何物（なにもの）でもない」と強く断定（だんてい）する文法です。<br>文を正しく組み立てると、「彼が成功したのは、地道（じみち）な努力（どりょく）の積み重ねにほかならない。」となります。<br><br>【正しい順番】<br>1. 地道な<br>2. 努力の<br>3. ★ 積み重ね<br>4. にほかならない<br><br>「地道な＋努力の＋積み重ね」という語句（ごく）のつながりを作り、最後に「にほかならない」を接続（せつぞく）します。<br>したがって、★の位置に入る語句は「積み重ね」となります。<br>実際の試験でよく問われる標準レベルの問題です。
JLPT_N2_LK_Gr_375,言語知識,文法,文の文法2,1,病気になって ______ ______ __★__ ______ 大切さを知った。,はじめて,健康の,ありがたさと,その,ありがたさと,「〜てはじめて」は、「〜という経験（けいけん）をしてから、初めて〜だと分かった」という意味を表（あらわ）す基本（きほん）文法です。<br>文を正しく組み立てると、「病気（びょうき）になってはじめて健康（けんこう）のありがたさとその大切（たいせつ）さを知った。」となります。<br><br>【正しい順番】<br>1. はじめて<br>2. 健康の<br>3. ★ ありがたさと<br>4. その<br><br>「病気になって＋はじめて」のあとに「健康の＋ありがたさと＋その大切さを」とつなげます。<br>したがって、★の位置に入る語句は「ありがたさと」となります。<br>基礎レベル。ここを固めておくと後がぐっと楽になります。
JLPT_N2_LK_Gr_376,言語知識,文法,文の文法2,5,彼の素晴らしい発表は ______ ______ __★__ ______ 広まった。,社内,にとどまらず,業界全体に,まで,業界全体に,「〜にとどまらず」は、「〜という狭（せま）い範囲（はんい）だけでなく、もっと広い範囲に及（およ）んで」という意味の硬（かた）い表現です。<br>文を正しく組み立てると、「彼の素晴らしい発表は社内（しゃない）にとどまらず業界全体（ぎょうかいぜんたい）にまで広まった。」となります。<br><br>【正しい順番】<br>1. 社内<br>2. にとどまらず<br>3. ★ 業界全体に<br>4. まで<br><br>「社内にとどまらず」という形を作り、そのあとに「業界全体に＋まで」と続（つづ）けます。<br>したがって、★の位置に入る語句は「業界全体に」となります。<br>発展レベル。ここは差がつく一問。余裕があれば覚えておきましょう。
JLPT_N2_LK_Gr_377,言語知識,文法,文の文法2,2,その映画を見て ______ ______ __★__ ______ 。,感動のあまり,涙を,流さずに,いられなかった,流さずに,「〜ずにはいられない」は、「感情（かんじょう）を抑（おさ）えることができず、どうしても〜してしまう」という意味の文法です。<br>文を正しく組み立てると、「その映画を見て感動（かんどう）のあまり涙（なみだ）を流（なが）さずにいられなかった。」となります。<br><br>【正しい順番】<br>1. 感動のあまり<br>2. 涙を<br>3. ★ 流さずに<br>4. いられなかった<br><br>「感動のあまり」のあとに「涙を＋流さずに＋いられなかった」とつなげます。<br>したがって、★の位置に入る語句は「流さずに」となります。<br>基本レベル。確実に得点したい一問です。
JLPT_N2_LK_Gr_378,言語知識,文法,文章の文法,3,近年、都市部を中心にシェアサイクルの利用者が増加している。スマートフォンで簡単に予約でき、好きな場所で返却できる手軽さがウケているようだ。 [ 1 ] 、自転車の放置や交通ルールの違反といったトラブルも目立つようになってきた。利便性を高める一方で、利用者のマナー向上が求められている。<br><br>問： [ 1 ] に入る最も適切なものはどれか。,その一方で,なぜなら,その結果,たとえば,その一方で,「その一方で（いっぽうで）」は、「一つの事柄（ことがら）に対して、別の側面（そくめん）や問題点（もんだいてん）を並（なら）べて述べる」ときに使う接続詞（せつぞくし）です。<br><br>・「その一方で」：利便性（りべんせい）と反対（はんたい）の問題点を指摘（してき）しているので、正解です。<br>・「なぜなら」：理由（りゆう）を説明するときに使うので合いません。<br>・「その結果（けっか）」：前の内容から生じた直接の結末（けつまつ）を述べるので不自然です。<br>・「たとえば」：具体例（ぐたいれい）を挙げるときに使うので合いません。<br>標準レベル。前後の文脈をていねいに読むのがコツです。
JLPT_N2_LK_Gr_379,言語知識,文法,文章の文法,4,企業における働き方改革が進む中、テレワークを導入する会社が増えた。通勤時間を削減でき、自分のペースで仕事ができるというメリットがある。しかし、画面越しでのやり取りが増えたことで、社員同士の雑談が減り、人間関係が薄くなっているという声もある。仕事の効率だけを追求するのではなく、対面での対話の機会を意識して作っていく必要が [ 2 ] 。<br><br>問： [ 2 ] に入る最も適切なものはどれか。,あるのではないだろうか,ないわけにはいかない,あるにすぎない,ないにちがいない,あるのではないだろうか,「〜のではないだろうか」は、「〜と思う」「〜ではないか」と自分の考えや意見を控えめ（ひかえめ）に主（しゅ）張（ちょう）する文末（ぶんまつ）表現です。<br><br>・「あるのではないだろうか」：対話の機会を作る必要性を読者に呼びかける形で自分の意見を述べているので、正解です。<br>・「ないわけにはいかない」：二重否定（にじゅうひてい）で接続（せつぞく）が不自然になります。<br>・「あるにすぎない」：「ただ〜があるだけだ」と価値（かち）を低（ひく）く見る表現なので文章の流れに合いません。<br>・「ないにちがいない」：「絶対に〜ない」と推測（すいそく）する表現ですが、「必要がない」となってしまい筆者の意見と矛盾（むじゅん）します。<br>応用レベル。文脈を最後まで読まないと選びきれないタイプです。
JLPT_N2_LK_Gr_380,言語知識,文法,文の文法1,3,今回のイベントを開催する ______ 、多くの方々にご協力いただきました。,に際して,にかけて,に比べて,に応じて,に際して,「〜に際（さい）して」は、「〜をするときに」「〜を行うにあたって」という意味を表（あらわ）す表現（ひょうげん）です。<br>特別なイベントや行事（ぎょうじ）を行う場面（ばめん）でよく使われます。標準（ひょうじゅん）的なN2文法です。<br><br>・「〜に際して」：イベントを開催（かいさい）する準備（じゅんび）や特別な場面を表すので、正解です。<br>・「〜にかけて」：「〜から〜までの間（あいだ）」と範囲（はんい）を表すので合いません。<br>・「〜に比（くら）べて」：「〜と比較（ひかく）して」という意味なので不自然（ふしぜん）です。<br>・「〜に応（おう）じて」：「〜に合わせて変化（へんか）する」という意味なので意味が合いません。<br>標準レベル。本番で合否を分けやすいタイプの問題です。
JLPT_N2_LK_Gr_381,言語知識,文法,文の文法1,1,毎日しっかり練習してきたのだから、失敗する ______ 。,わけがない,わけにはいかない,かもしれない,にすぎない,わけがない,「〜わけがない」は、「絶対に〜ない」と強（つよ）く否定（ひてい）する気持ちを表す表現です。<br>練習の成果（せいか）から考えて、失敗（しっぱい）することは絶対にないと信じている場面で使います。基礎（きそ）的なレベルの問題です。<br><br>・「〜わけがない」：絶対に失敗しないと強く確信（かくしん）しているので、正解です。<br>・「〜わけにはいかない」：「立場（たちば）やルールから〜できない」という意味なので合いません。<br>・「〜かもしれない」：「〜の可能性がある」という弱い推測（すいそく）なので文脈（ぶんみゃく）に合いません。<br>・「〜にすぎない」：「ただ〜であるだけだ」と評価（ひょうか）を低（ひく）く見る言葉なので不自然です。<br>まずここから。絶対に覚えたい基本の形です。
JLPT_N2_LK_Gr_382,言語知識,文法,文の文法1,5,医者として、患者の個人情報を外部に漏らすなど許す ______ 行為だ。,まじき,べからざる,にたえない,かねる,まじき,「〜まじき＋名詞（めいし）」は、「立場（たちば）や職業（しょくぎょう）から考えて、あってはならない〜」「絶対（ぜったい）にしてはいけない〜」という意味を表（あらわ）します。<br>プロとして許（ゆる）されない行為（こうい）を強く批判（ひはん）する硬（かた）い表現です。<br><br>・「まじき」：「許すまじき行為（＝許されるべきではない行為）」となり、正解です。<br>・「べからざる」：「〜してはならない」という意味ですが、接続（せつぞく）の形が合わないため不自然です。<br>・「にたえない」：「〜を抑（おさ）えられない」という意味（例：感謝（かんしゃ）にたえない）なので合いません。<br>・「かねる」：「〜することができない」という意味の動詞（どうし）なので、名詞「行為」に直接（ちょくせつ）接続できません。<br>発展レベル。N1にもつながる難問です。今は「こんな表現もある」と知っておけば十分。
JLPT_N2_LK_Gr_383,言語知識,文法,文の文法1,2,足の速さ ______ 、学年で彼の右に出る者はいない。,にかけては,に反して,に応じて,に先立って,にかけては,「〜にかけては」は、「〜の能力（のうりょく）や技術（ぎじゅつ）について言えば、一番（いちばん）だ」と評価（ひょうか）するときに使います。<br>基本（きほん）的なレベルの問題です。<br><br>・「〜にかけては」：足の速さという分野（ぶんや）で一番だと褒（ほ）めているので、正解です。<br>・「〜に反（はん）して」：「予想（よそう）や期待（きたい）と反対（はんたい）に」という意味なので合いません。<br>・「〜に応（おう）じて」：「〜に合わせて」という意味なので不自然です。<br>・「〜に先立（さきだ）って」：「〜をする前に」という意味なので合いません。<br>基本の表現ですが、似た形と混同しやすいので要注意。
JLPT_N2_LK_Gr_384,言語知識,文法,文の文法2,4,新製品の ______ ______ __★__ ______ 臨むことにした。,発売に,あたって,万全の,準備を整えて,万全の,「〜にあたって」は、何か特別なことを始める準備（じゅんび）をする場面（ばめん）で使います。<br>文を正しく組み立てると、「新製品（しんせいひん）の発売（はつばい）にあたって、万全（ばんぜん）の準備を整（ととの）えて臨（のぞ）むことにした。」となります。<br><br>【正しい順番】<br>1. 発売に<br>2. あたって<br>3. ★ 万全の<br>4. 準備を整えて<br><br>「発売にあたって」のあとに「万全の準備を整えて」とつなげます。<br>したがって、★の位置に入る語句は「万全の」となります。<br>やや難しい応用レベル。ここまで解ければ上位層です。
JLPT_N2_LK_Gr_385,言語知識,文法,文の文法2,1,毎日あれだけ練習したのだから、 ______ ______ __★__ ______ はずがない。,彼が,簡単には,相手に,負ける,相手に,「〜はずがない」は、「絶対に〜ない」と確信（かくしん）して否定（ひてい）する基本（きほん）表現です。<br>文を正しく組み立てると、「毎日あれだけ練習したのだから、彼が簡単には相手に負けるはずがない。」となります。<br><br>【正しい順番】<br>1. 彼が<br>2. 簡単には<br>3. ★ 相手に<br>4. 負ける<br><br>「彼が」のあとに「簡単には＋相手に＋負ける」とつなぎます。<br>したがって、★の位置に入る語句は「相手に」となります。<br>落とせない基礎レベル。確実に正解しておきましょう。
JLPT_N2_LK_Gr_386,言語知識,文法,文の文法2,3,どんなに誘われても、 ______ ______ __★__ ______ 行くまい。,二度と,あのような,危険な,場所へは,危険な,「〜まい」は、「絶対に〜しない（強い意志（いし））」を表すN2表現です。<br>文を正しく組み立てると、「どんなに誘（さそ）われても、二度（にど）とあのような危険（きけん）な場所へは行くまい。」となります。<br><br>【正しい順番】<br>1. 二度と<br>2. あのような<br>3. ★ 危険な<br>4. 場所へは<br><br>「二度と」のあとに「あのような＋危険な＋場所へは」と続きます。<br>したがって、★の位置に入る語句は「危険な」となります。<br>標準レベル。ここが安定して解けるとN2合格が見えてきます。
JLPT_N2_LK_Gr_387,言語知識,文法,文の文法2,5,遠くの ______ ______ __★__ ______ 眠ってしまった。,波の音を,聞くともなく,聞いていたら,いつの間にか,聞いていたら,「〜ともなく〜する」は、「意識（いしき）せずに、なんとなく〜する」という意味を表します。<br>文を正しく組み立てると、「遠くの波の音を聞くともなく聞いていたら、いつの間にか眠ってしまった。」となります。<br><br>【正しい順番】<br>1. 波の音を<br>2. 聞くともなく<br>3. ★ 聞いていたら<br>4. いつの間にか<br><br>「波の音を＋聞くともなく＋聞いていたら」の順につなぎます。<br>したがって、★の位置に入る語句は「聞いていたら」となります。<br>発展レベル。かなり難しいので、間違えても落ち込む必要はありません。
JLPT_N2_LK_Gr_388,言語知識,文法,文章の文法,2,近年、若い世代を中心に読書離れが進んでいると言われている。スマートフォンで手軽に動画やSNSを楽しめるようになったことが大きな理由だろう。 [ 1 ] 、電子書籍の利用者は年々増えており、活字に触れる機会自体が減ったわけではないという見方もある。読書の形が紙からデジタルへ変化していると言えるかもしれない。<br><br>問： [ 1 ] に入る最も適切なものはどれか。,その一方で,その結果,なぜなら,たとえば,その一方で,「その一方で（いっぽうで）」は、「一つの事柄（ことがら）に対して、別の側（がわ）の事実（じじつ）や状況（じょうきょう）を並（なら）べて言う」ときに使う接続詞（せつぞくし）です。<br><br>・「その一方で」：読書離れという話の裏（うら）で、電子書籍（でんししょせき）が増えているという別の事実を述べているので、正解です。<br>・「その結果」：前の内容から生まれた結果を表すので不自然です。<br>・「なぜなら」：理由（りゆう）を説明するときに使うので合いません。<br>・「たとえば」：具体例（ぐたいれい）を挙げるときに使うので合いません。<br>よく出る基本レベル。パターンで覚えてしまいましょう。
JLPT_N2_LK_Gr_389,言語知識,文法,文章の文法,4,地球温暖化への対策は、今や一国の問題にとどまらず、世界全体で取り組むべき緊急の課題となっている。各国の政府や企業が二酸化炭素の削減目標を掲げ、さまざまな試みが進められている。しかし、私たち一人ひとりの日常生活における意識の改革 [ 2 ] 、本当の意味での解決は難しいだろう。個人の小さな行動の積み重ねこそが、大きな変化を生み出すのである。<br><br>問： [ 2 ] に入る最も適切なものはどれか。,なしには,にもかかわらず,にともなって,をもとにして,なしには,「〜なしには」は、「もし〜がなかったら、〜できない」という意味を表すN2の重要（じゅうよう）表現です。<br><br>・「なしには」：「個人の意識改革がなかったら、解決（かいけつ）は難しい」という意味になり、正解です。<br>・「にもかかわらず」：「〜なのに」という意味になり、文脈（ぶんみゃく）に合いません。<br>・「にともなって」：「〜と一緒に変化（へんか）する」という意味なので不自然です。<br>・「をもとにして」：「〜を材料（ざいりょう）にして」という意味なので合いません。<br>応用レベル。一度で正解できたら自信を持ってよい問題です。
JLPT_N2_LK_Gr_390,言語知識,文法,文の文法1,1,彼はボランティア活動を ______ 、多くの人と出会い、貴重な経験を得た。,を通して,をこめて,をもとにして,をめぐって,を通して,「〜を通して（とおして）」は、「〜を手段（しゅだん）や間（あいだ）に入ったものとして」という意味を表（あらわ）します。<br>ボランティア活動という経験（けいけん）の間から人と出会ったことを言いたいときに使います。基礎（きそ）的なN2文法です。<br><br>・「〜を通して」：活動を手段・機会として人と出会ったので、正解です。<br>・「〜をこめて」：「気持ちを込（こ）めて」などのように使い、意味が合いません。<br>・「〜をもとにして」：「〜を材料（ざいりょう）にして」という意味なので不自然です。<br>・「〜をめぐって」：「〜のテーマについて議論（ぎろん）する」という意味なので合いません。<br>N2の土台になる文法です。迷わず選べるようにしておきたいところ。
JLPT_N2_LK_Gr_391,言語知識,文法,文の文法1,3,理由の ______ 、無断で遅刻した場合は評価を下げます。,いかんによらず,次第では,からといって,にともなって,いかんによらず,「〜いかんによらず」は、「〜がどうであるかに関（かん）係（けい）なく」という意味を表（あらわ）す硬（かた）い表現です。<br>標準（ひょうじゅん）的なN2機能語（きのうご）です。<br><br>・「〜いかんによらず」：どのような理由であっても関係なく、という意味になるので正解です。<br>・「〜次第（しだい）では」：「〜によって決まる」という意味なので意味が合いません。<br>・「〜からといって」：「〜という理由があっても」という意味ですが、接続（せつぞく）が不自然です。<br>・「〜に伴（ともな）って」：「〜と一緒に変化（へんか）する」という意味なので不自然です。<br>実際の試験でよく問われる標準レベルの問題です。
JLPT_N2_LK_Gr_392,言語知識,文法,文の文法1,5,この難しいプロジェクトを成功させられる人は、経験豊富な彼を ______ ほかにいない。,おいて,限って,とおして,めざして,おいて,「〜をおいて〜ない」は、「〜のほかに、〜できる人（もの）はいない」と高く評価（ひょうか）するときに使う表現です。<br><br>・「おいて」：「彼をおいてほかにいない（＝彼以外に適任（てきにん）はいない）」という意味になり、正解です。<br>・「限（かぎ）って」：「〜だけに特別（とくべつ）に」という意味なので合いません。<br>・「とおして」：「〜を手段（しゅだん）として」という意味になり、不自然です。<br>・「めざして」：「〜を目標（もくひょう）にして」という意味なので合いません。<br>発展レベル。硬い書き言葉で使われる表現です。読んで意味が分かれば合格ライン。
JLPT_N2_LK_Gr_393,言語知識,文法,文の文法1,2,明日のバーベキューが行われるかどうかは、天候 ______ だ。,次第,沿い,抜き,限り,次第,「名詞（めいし）＋次第（しだい）」は、「〜によって決まる」という意味を表（あらわ）します。<br>天気（てんき）の状態（じょうたい）によって決まることを言いたいときに使います。<br><br>・「次第」：天候によって実施（じっし）が決まることを表すので、正解です。<br>・「沿い（ぞい）」：「川に沿って」のように場所を表すので合いません。<br>・「抜き（ぬき）」：「〜なしで」という意味なので合いません。<br>・「限り（かぎり）」：「〜の範囲（はんい）で」という意味になり、不自然です。<br>基本レベル。意味の違いを一度整理しておくと安心です。
JLPT_N2_LK_Gr_394,言語知識,文法,文の文法2,4,彼の情熱的な演説を聴いて、______ ______ __★__ ______ 。,誰もが,心を,動かされずには,いられなかった,動かされずには,「〜ずにはいられない」は、「自分の気持ちを抑（おさ）えることができず、どうしても〜してしまう」という意味の文法です。<br>文を正しく組み立てると、「彼の情熱的（じょうねつてき）な演説（えんぜつ）を聴（き）いて、誰もが心を動かされずにはいられなかった。」となります。<br><br>【正しい順番】<br>1. 誰もが<br>2. 心を<br>3. ★ 動かされずには<br>4. いられなかった<br><br>「誰もが」のあとに「心を動かされずには＋いられなかった」とつなげます。<br>したがって、★の位置に入る語句は「動かされずには」となります。<br>応用レベル。意外と難しい問題なので、間違えても気にしすぎないこと。
JLPT_N2_LK_Gr_395,言語知識,文法,文の文法2,2,このマニュアルの ______ ______ __★__ ______ 進めてください。,指示に,沿って,計画的に,作業を,計画的に,「〜に沿（そ）って」は、「方針（ほうしん）やルールから外（はず）れないように合わせる」という意味です。<br>文を正しく組み立てると、「このマニュアルの指示（しじ）に沿（そ）って計画的（けいかくてき）に作業（さぎょう）を進めてください。」となります。<br><br>【正しい順番】<br>1. 指示に<br>2. 沿って<br>3. ★ 計画的に<br>4. 作業を<br><br>「マニュアルの指示に沿って」のあとに、「計画的に作業を進めてください」と続きます。<br>したがって、★の位置に入る語句は「計画的に」となります。<br>基本レベル。確実に得点したい一問です。
JLPT_N2_LK_Gr_396,言語知識,文法,文の文法2,1,先生が ______ ______ __★__ ______ 合格できた。,丁寧に,教えてくれた,おかげで,試験に,おかげで,「〜おかげで」は、「〜が良い理由（りゆう）となって、良い結果（けっか）になった」という感謝（かんしゃ）の気持ちを表す基本（きほん）文法です。<br>文を正しく組み立てると、「先生が丁寧（ていねい）に教えてくれたおかげで試験（しけん）に合格（ごうかく）できた。」となります。<br><br>【正しい順番】<br>1. 丁寧に<br>2. 教えてくれた<br>3. ★ おかげで<br>4. 試験に<br><br>「丁寧（ていねい）に＋教えてくれた＋おかげで」の順につなげ、そのあとに「試験に合格できた」を続けます。<br>したがって、★の位置に入る語句は「おかげで」となります。<br>基礎レベル。ここを固めておくと後がぐっと楽になります。
JLPT_N2_LK_Gr_397,言語知識,文法,文の文法2,5,卒業するみなさんの ______ ______ __★__ ______ やまない。,健やかな,成長と,活躍を,願って,活躍を,「〜てやまない」は、「心から強く〜と願（ねが）っている・思っている」という意味のとても硬（かた）い表現です。<br>文を正しく組み立てると、「卒業（そつぎょう）するみなさんの健（すこ）やかな成長（せいちょう）と活躍（かつやく）を願（ねが）ってやまない。」となります。<br><br>【正しい順番】<br>1. 健やかな<br>2. 成長と<br>3. ★ 活躍を<br>4. 願って<br><br>「健（すこ）やかな成長と」のあとに「活躍（かつやく）を＋願（ねが）ってやまない」とつなげます。<br>したがって、★の位置に入る語句は「活躍を」となります。<br>発展レベル。ここは差がつく一問。余裕があれば覚えておきましょう。
JLPT_N2_LK_Gr_398,言語知識,文法,文章の文法,3,オンライン授業の普及により、いつでもどこでも学習できる利便性が向上した。 [ 1 ] 、画面越しでは質問がしにくいと感じる学生もいるようだ。利便性とコミュニケーションの質をどう両立させるかが課題となっている。<br><br>問： [ 1 ] に入る最も適切なものはどれか。,その一方で,その結果,なぜなら,それに対して,その一方で,「その一方で」は、「一つの事柄（ことがら）に加えて、別の側面（そくめん）や反対（はんたい）の状況（じょうきょう）を述べる」ときに使う接続詞（せつぞくし）です。<br>便利になったプラスの面と、質問がしにくいマイナスの面を並（なら）べて比較（ひかく）しています。標準（ひょうじゅん）的なレベルの問題です。<br><br>・「その一方で」：良い側面と同時に存在する別の課題（かだい）を指摘（してき）しているので、正解です。<br>・「その結果」：前の内容から生じた直接（ちょくせつ）の結末（けつまつ）を述べるので不自然です。<br>・「なぜなら」：理由（りゆう）を説明するときに使うので合いません。<br>・「それに対して」：二つのものを対比（たいひ）するときに使いますが、ここでは一つの状況の二つの面を言っているので不自然です。<br>標準レベル。前後の文脈をていねいに読むのがコツです。
JLPT_N2_LK_Gr_399,言語知識,文法,文章の文法,4,ある研究チームが発表した新しい省エネ技術が、世界中で高い評価を受けている。従来の技術に比べて二酸化炭素の排出量を大幅に削減できるという。長年にわたる地道な研究の成果に [ 2 ] 。今後の実用化に向けた動きに期待が高まっている。<br><br>問： [ 2 ] に入る最も適切なものはどれか。,ほかならない,過ぎない,言わざるを得ない,違いない,ほかならない,「〜にほかならない」は、「まさに〜だ」「〜以外の何物（なにもの）でもない」と断定（だんてい）して強い確信（かくしん）を表す文法です。<br><br>・「ほかならない」：「成果（せいか）にほかならない（＝まさに研究の成果そのものだ）」となり、正解です。<br>・「過ぎない」：「成果にすぎない」だと評価を低く見る意味になってしまい、文脈（ぶんみゃく）に合いません。<br>・「言わざるを得ない」：「〜と言わなければならない」という意味になり、接続（せつぞく）が合いません。<br>・「違いない」：「成果に違いない」は推測（すいそく）を表すため、筆者（ひっしゃ）の評価の断定としては少し不自然です。<br>応用レベル。文脈を最後まで読まないと選びきれないタイプです。
JLPT_N2_LK_Gr_400,言語知識,文法,文の文法1,2,こんなに広い会場で、迷子にならずに一人で ______ っこない。,会える,会い,会った,会えば,会い,「〜っこない」は、「絶対に〜できない」「〜する可能性（かのうせい）がない」と強く否定（ひてい）するときに使います。<br>動詞（どうし）の「ます形（けい）」の「ます」をとった形に接続（せつぞく）します。基本（きほん）的なレベルの問題です。<br><br>・「会い」：「会い＋っこない」の形になり、正しい接続なので正解です。<br>・「会える」：辞書形（じしょけい）なので接続が間違（まちが）っています。<br>・「会った」：た形なので接続が間違っています。<br>・「会えば」：ば形なので接続が間違っています。<br>基本の表現ですが、似た形と混同しやすいので要注意。
JLPT_N2_LK_Gr_401,言語知識,文法,文の文法1,4,自分の健康を損なって ______ 、やりたい仕事を続ける必要はない。,まで,だけ,ほど,さえ,まで,「〜てまで」は、「普通（ふつう）はそこまでしないような極端（きょくたん）な手段（しゅだん）を使って」という意味を表（あらわ）します。<br><br>・「まで」：「健康（けんこう）を損（そこ）なってまで（＝健康を犠牲（ぎせい）にしてまで）」という意味になり、正解です。<br>・「だけ」：範囲（はんい）や限定（げんてい）を表す言葉なので、この文脈（ぶんみゃく）に合いません。<br>・「ほど」：程度（ていど）を表す言葉なので不自然（ふしぜん）です。<br>・「さえ」：「〜てさえ」は条件（じょうけん）を表すことが多く、不自然です。<br>やや難しい応用レベル。ここまで解ければ上位層です。
JLPT_N2_LK_Gr_402,言語知識,文法,文の文法1,1,彼があれだけ熱心に練習していたのだから、明日の試合でも勝つ ______ 。,に違いない,わけがない,っこない,にすぎない,に違いない,「〜に違（ちが）いない」は、「間違いなく〜だと思う」と強く確信（かくしん）して推測（すいそく）するときに使います。<br>これはとても基礎（きそ）的なN2文法です。<br><br>・「〜に違いない」：練習の成果（せいか）から勝つことを強く信じているので、正解です。<br>・「〜わけがない」：「絶対に〜ない」と強い否定（ひてい）になるので、文脈に合いません。<br>・「〜っこない」：「絶対に〜できない」という意味なので、真逆（まぎゃく）の意味になります。<br>・「〜にすぎない」：「ただ〜であるだけだ」と価値（かち）を低（ひく）く見る表現なので不自然です。<br>まずここから。絶対に覚えたい基本の形です。
JLPT_N2_LK_Gr_403,言語知識,文法,文の文法1,3,彼女は何か話したいことがあるかのように、寂し ______ 表情で見つめていた。,げな,そうな,っぽい,がちな,げな,「〜げ」は、人の様子（ようす）や気持ちが「〜そうに見える」という意味を表します。<br>い形容詞（けいようし）の「い」をとった形につき、後ろに名詞（めいし）がくるときは「〜げな＋名詞」になります。標準（ひょうじゅん）的なレベルの問題です。<br><br>・「げな」：「寂（さび）しげな表情（ひょうじょう）」という形で、外から見た様子を表すので正解です。<br>・「そうな」：意味は似ていますが、「寂しそうな」となり、「寂しげな」の方が様子を味わい深く表すN2特有（とくゆう）の表現です。<br>・「っぽい」：「子どもっぽい」のように性質（せいしつ）を表すので合いません。<br>・「がちな」：「病気（びょうき）になりがち」のように回数（かいすう）が多いことを表すので合いません。<br>標準レベル。本番で合否を分けやすいタイプの問題です。
JLPT_N2_LK_Gr_404,言語知識,文法,文の文法2,3,実際に自分で作物を ______ ______ __★__ ______ 分からない。,育てて,みない,うまくいくかは,ことには,ことには,「〜ないことには〜ない」は、「もし〜しなければ、〜できない／分からない」という意味を表します。<br>文を正しく組み立てると、「実際に自分で作物を育ててみないことにはうまくいくかは分からない。」となります。<br><br>【正しい順番】<br>1. 育てて<br>2. みない<br>3. ★ ことには<br>4. うまくいくかは<br><br>「育ててみない（動詞ナイ形）」のあとに「ことには」をつなげます。<br>したがって、★の位置に入る語句は「ことには」となります。<br>標準レベル。ここが安定して解けるとN2合格が見えてきます。
JLPT_N2_LK_Gr_405,言語知識,文法,文の文法2,1,明日は大切な試験があるから、今夜は ______ ______ __★__ ______ いかない。,遅くまで,遊んで,いる,わけには,いる,「〜わけにはいかない」は、「ルールや立場（たちば）、状況（じょうきょう）から考えて〜できない」という意味です。<br>文を正しく組み立てると、「明日は大切な試験（しけん）があるから、今夜は遅（おそ）くまで遊（あそ）んでいるわけにはいかない。」となります。これはとても基礎（きそ）的なレベルの問題です。<br><br>【正しい順番】<br>1. 遅くまで<br>2. 遊んで<br>3. ★ いる<br>4. わけには<br><br>「遅くまで遊んでいる」という文を作り、そのあとに「わけにはいかない」を接続（せつぞく）します。<br>したがって、★の位置に入る語句は「いる」となります。<br>落とせない基礎レベル。確実に正解しておきましょう。
JLPT_N2_LK_Gr_406,言語知識,文法,文の文法2,5,地域の協力 ______ ______ __★__ ______ 語れない。,なしには,この,事業の,成功は,事業の,「〜なしには〜ない」は、「もし〜がなかったら、絶対に〜できない」という意味の強い表現です。<br>文を正しく組み立てると、「地域の協力なしにはこの事業の成功は語れない。」となります。<br><br>【正しい順番】<br>1. なしには<br>2. この<br>3. ★ 事業の<br>4. 成功は<br><br>「地域の協力なしには」のあとに、「この＋事業（じぎょう）の＋成功（せいこう）は」とつなげます。<br>したがって、★の位置に入る語句は「事業の」となります。<br>発展レベル。N1にもつながる難問です。今は「こんな表現もある」と知っておけば十分。
JLPT_N2_LK_Gr_407,言語知識,文法,文の文法2,2,社内の規定により、そのご要望には ______ ______ __★__ ______ 。,お答え,いたし,かねますので,ご了承ください,かねますので,「〜かねる」は、「事情（じじょう）があって〜することができない」と丁寧（ていねい）に断（ことわ）る表現です。<br>文を正しく組み立てると、「社内（しゃない）の規定（きてい）により、そのご要望（ようぼう）にはお答えいたしかねますのでご了承ください。」となります。<br><br>【正しい順番】<br>1. お答え<br>2. いたし<br>3. ★ かねますので<br>4. ご了承ください<br><br>「お答え＋いたし＋かねますので（＝お答えできないので）」とつなぎ、最後に「ご了承ください」を続けます。<br>したがって、★の位置に入る語句は「かねますので」となります。<br>よく出る基本レベル。パターンで覚えてしまいましょう。
JLPT_N2_LK_Gr_408,言語知識,文法,文章の文法,4,ある地方の町では、数年前から伝統的な祭りを見直す動きが始まった。若者の減少により存続が危ぶまれていたが、町全体で観光イベントとして再企画した。 [ 1 ] 、全国から多くの観光客が訪れるようになり、町に活気が戻ってきた。今では地域活性化の成功例として注目されている。<br><br>問： [ 1 ] に入る最も適切なものはどれか。,これをきっかけに,それにもかかわらず,その反面,というのも,これをきっかけに,「これをきっかけに」は、「ある出来事（できごと）が理由（りゆう）となって、新しい変化（へんか）が起きる」ときに使います。<br>「イベントとして再企画（さいきかく）したこと」をきっかけにして、「観光客が増えた」という良い変化が起きています。<br><br>・「これをきっかけに」：前のアクションを受けて変化が起きているので、正解です。<br>・「それにもかかわらず」：「〜なのに」と予想（よそう）と違う結果になるときに使うので合いません。<br>・「その反面（はんめん）」：別の反対（はんたい）の面を言うときに使うので不自然です。<br>・「というのも」：理由を説明するときに使うので合いません。<br>応用レベル。一度で正解できたら自信を持ってよい問題です。
JLPT_N2_LK_Gr_409,言語知識,文法,文章の文法,3,AI技術の発展により、私たちの仕事のあり方は大きく変わろうとしている。単純な作業は機械に任せられるようになり、人間はより創造的な仕事に集中できると期待されている。しかし、AIは人間の思考を完全に代行できるわけではない。あくまで過去のデータを処理している [ 2 ] 。だからこそ、人間ならではの感性や批判的思考が今まで以上に求められているのだ。<br><br>問： [ 2 ] に入る最も適切なものはどれか。,にすぎない,ほかない,わけがない,に相違ない,にすぎない,「〜にすぎない」は、「ただ〜であるだけだ」「それ以上の特別なものではない」と限定（げんてい）するときに使います。<br><br>・「〜にすぎない」：「ただ過去（かこ）のデータを処理（しょり）しているだけだ」という意味になるので、正解です。<br>・「〜ほかない」：「〜するしか方法（ほうほう）がない」という意味なので合いません。<br>・「〜わけがない」：「絶対に〜ない」という意味なので、文章のつながりが不自然になります。<br>・「〜に相違（そうい）ない」：「絶対に〜だ」と強く推測（すいそく）する表現なので合いません。<br>実際の試験でよく問われる標準レベルの問題です。
JLPT_N2_LK_Gr_410,言語知識,文法,文の文法1,1,一度約束した ______ 、最後まで責任を持って守るべきだ。,からには,からして,からといって,から見ると,からには,「〜からには」は、「〜のだから、当然（とうぜん）〜するべきだ」という強い気持ちを表す表現です。<br>これは基本（きほん）的なN2文法です。<br><br>・「〜からには」：約束をした以上、責任（せきにん）を持って守るべきだという意味になり、正解です。<br>・「〜からして」：「〜という例（れい）ひとつを見ても」という意味なので合いません。<br>・「〜からといって」：「〜という理由（りゆう）があっても（〜とは限（かぎ）らない）」という意味なので不自然です。<br>・「〜から見ると」：「〜の立場（たちば）や見方から言えば」という意味なので合いません。<br>N2の土台になる文法です。迷わず選べるようにしておきたいところ。
JLPT_N2_LK_Gr_411,言語知識,文法,文の文法1,3,体に良くないと ______ 、ついつい夜遅くにラーメンを食べてしまう。,知りつつも,知るどころか,知るにつけて,知ったあげく,知りつつも,「〜つつ（も）」は、「〜と分かっているのに（反対（はんたい）の行動をしてしまう）」という意味を表します。<br>動詞のます形（ますをとった形）に接続（せつぞく）します。標準（ひょうじゅん）的なN2問題です。<br><br>・「知りつつも」：良くないと分かっているのに食べてしまうという後悔（こうかい）の気持ちを表すので、正解です。<br>・「〜どころか」：「〜ではなく、まったく違う」という意味になり、文脈（ぶんみゃく）に合いません。<br>・「〜につけて」：「〜するたびに（いつも〜という気持ちになる）」という意味なので不自然です。<br>・「〜あげく」：「〜した悪い結果（けっか）〜になった」という意味になり、接続も正しくありません。<br>標準レベル。前後の文脈をていねいに読むのがコツです。
JLPT_N2_LK_Gr_412,言語知識,文法,文の文法1,5,長年連れ添った愛犬を失い、悲しみを ______ 。,禁じ得ない,禁じかねない,禁じざるを得ない,禁じそうにない,禁じ得ない,「〜を禁（きん）じ得（え）ない」は、「湧（わ）き起こる感情（かんじょう）を抑（おさ）えることができない」という意味の硬（かた）い表現です。<br><br>・「〜を禁じ得ない」：強い悲しみを抑えられない様子を表すので、正解です。<br>・「〜かねない」：「〜という悪いことが起きる可能性がある」という意味なので意味が合いません。<br>・「〜ざるを得ない」：「理由があって〜しなければならない」という行動を表す文法なので感情には使いません。<br>・「〜そうにない」：「〜できそうにない」という推測（すいそく）の表現なので不自然です。<br>発展レベル。かなり難しいので、間違えても落ち込む必要はありません。
JLPT_N2_LK_Gr_413,言語知識,文法,文の文法2,2,どんなに ______ ______ __★__ ______ 決めた。,あきらめまい,辛くても,と心に,二度と,あきらめまい,「〜まい」は「絶対に〜しない（強い否定（ひてい）の意志（いし））」を表す文法です。<br>文を正しく組み立てると、「どんなに辛（つら）くても、二度（にど）とあきらめまいと心に決めた。」となります。<br><br>【正しい順番】<br>1. 辛くても<br>2. 二度と<br>3. ★ あきらめまい<br>4. と心に<br><br>「どんなに辛くても」のあとに「二度と〜まい」をつなげます。「あきらめまい＋と心に＋決めた」という形になります。<br>したがって、★の位置に入る語句は「あきらめまい」となります。<br>基本レベル。意味の違いを一度整理しておくと安心です。
JLPT_N2_LK_Gr_414,言語知識,文法,文の文法2,4,彼女は ______ ______ __★__ ______ 悩んでいた。,話すまいか,話すべきか,と一人で,本当のことを,話すまいか,「〜ようか〜まいか」や「〜すべきか〜まいか」は、「〜するか、それともしないか悩（なや）む」という意味の表現です。<br>文を正しく組み立てると、「彼女は本当（ほんとう）のことを話すべきか話すまいかと一人で悩んでいた。」となります。<br><br>【正しい順番】<br>1. 本当のことを<br>2. 話すべきか<br>3. ★ 話すまいか<br>4. と一人で<br><br>「〜すべきか」のあとに「〜まいか（＝しないか）」を続けます。「〜と悩んでいた」の前には「話すまいか」が入ります。<br>したがって、★の位置に入る語句は「話すまいか」となります。<br>応用レベル。意外と難しい問題なので、間違えても気にしすぎないこと。
JLPT_N2_LK_Gr_415,言語知識,文法,文の文法2,3,彼が試合で優勝できたのは、 ______ ______ __★__ ______ 。,のたまもの,努力,にほかならない,日々の,のたまもの,「〜にほかならない」は、「まさに〜だ」「〜以外の何物（なにもの）でもない」と強く主張（しゅちょう）する文法です。<br>文を正しく組み立てると、「彼が試合で優勝（ゆうしょう）できたのは、日々の努力（どりょく）のたまものにほかならない。」となります。<br><br>【正しい順番】<br>1. 日々の<br>2. 努力<br>3. ★ のたまもの<br>4. にほかならない<br><br>「日々の努力」という一つのまとまりを作ります。「努力のたまもの（＝努力の結果生まれた良いもの）」に「にほかならない」を接続（せつぞく）します。<br>したがって、★の位置に入る語句は「のたまもの」となります。<br>標準レベル。本番で合否を分けやすいタイプの問題です。
JLPT_N2_LK_Gr_416,言語知識,文法,文の文法1,2,今回の調査データに ______ 、新しい商品を開発する予定だ。,基づいて,沿って,伴って,関して,基づいて,「〜に基（もと）づいて」は、「〜を基準（きじゅん）や土台（どだい）にして」という意味を表します。<br>データや事実（じじつ）をもとにして行動するときに使います。基礎（きそ）的なレベルの問題です。<br><br>・「〜に基づいて」：調査データを基準・材料として開発するので、正解です。<br>・「〜に沿（そ）って」：「ルールや方針（ほうしん）から外（はず）れないように」という意味なので不自然です。<br>・「〜に伴（ともな）って」：「〜と一緒に変化（へんか）する」という意味なので合いません。<br>・「〜に関して」：「〜について（詳しく述べる）」という意味なので、開発する動作と合いません。<br>基本レベル。確実に得点したい一問です。
JLPT_N2_LK_Gr_417,言語知識,文法,文の文法1,4,ラジオから流れてくる音楽を聴く ______ 聴いていたら、懐かしい気持ちになった。,ともなく,のみならず,かぎりでは,につけ,ともなく,「〜ともなく」は、「特別（とくべつ）な目的（もくてき）や意識（いしき）を持たずに、なんとなく〜する」という意味を表します。<br>同じ動詞を「〜ともなく〜する」の形で繰り返して使うことが多いです。<br><br>・「〜ともなく」：なんとなく聴いていた様子を表すので、正解です。<br>・「〜のみならず」：「〜だけでなく（他も）」という意味なので意味が通りません。<br>・「〜かぎりでは」：「〜の範囲（はんい）で調べる・見る」という意味になり、不自然です。<br>・「〜につけ」：「〜するたびに（感情が起こる）」という意味ですが、接続（せつぞく）が不自然です。<br>応用レベル。文脈を最後まで読まないと選びきれないタイプです。
JLPT_N2_LK_Gr_418,言語知識,文法,文章の文法,1,最近、健康のために運動を始める人が増えている。近所の公園でも、朝早くからジョギングをする姿をよく見かける。 [ 1 ] 、無茶な運動をして体を痛めてしまう人も少なくない。運動を始めるときは、無理のない計画を立てることが大切だ。<br><br>問： [ 1 ] に入る最も適切なものはどれか。,しかし,なぜなら,だから,例えば,しかし,前の文では「運動を始める人が増えている」という良い点や流行（りゅうこう）を述べています。<br>後ろの文では「体を痛めてしまう人もいる」という逆（ぎゃく）のマイナスな話をしているので、逆接（ぎゃくせつ）の接続詞（せつぞくし）が入ります。基礎（きそ）的なレベルの問題です。<br><br>・「しかし」：前と反対（はんたい）の内容をつなぐので、正解です。<br>・「なぜなら」：理由（りゆう）を説明するときに使うので合いません。<br>・「だから」：前の結果（けっか）を言うときに使うので不自然です。<br>・「例えば（たとえば）」：具体例（ぐたいれい）を挙げるときに使うので合いません。<br>基礎レベル。ここを固めておくと後がぐっと楽になります。
JLPT_N2_LK_Gr_419,言語知識,文法,文章の文法,5,技術の進化に伴い、私たちの生活は格段に便利になった。スマホ一つで買い物も仕事もできるようになり、昔では考えられなかった暮らしが実現している。 [ 2 ] 、便利さと引き換えに、対面での人間関係が薄くなっている面も否定できないのではないだろうか。技術の発展と心の豊かさをどう両立させるかが、今後の課題と言えそうだ。<br><br>問： [ 2 ] に入る最も適切なものはどれか。,とはいえ,だからといって,そのうえ,それにもかかわらず,とはいえ,「とはいえ」は、「前の事実（じじつ）は認（みと）めるが、しかし〜という問題や別の面もある」と付け加えるときに使う接続詞（せつぞくし）です。<br><br>・「とはいえ」：便利になったことを認めつつ、別の問題点を指摘（してき）しているので、正解です。<br>・「だからといって」：「だからといって〜というわけではない」のように、後ろに打ち消す表現が必要なため不自然です。<br>・「そのうえ」：「さらに情報（じょうほう）を付け加える（プラス表現など）」ときに使うので合いません。<br>・「それにもかかわらず」：予期（よき）しない事実が起きたときに使う硬い表現で、この文脈の展開には合いません。<br>発展レベル。硬い書き言葉で使われる表現です。読んで意味が分かれば合格ライン。
JLPT_N2_LK_Gr_420,言語知識,文法,文の文法1,1,新しい事業を ______ 、地域のニーズをしっかり調査することが大切だ。,はじめるにあたって,はじめた途端に,はじめるとともに,はじめるわけにはいかず,はじめるにあたって,「〜にあたって」は、何か新しいことや大切なことを始めるときに使います。<br>「始める準備（じゅんび）として〜する」という意味になります。<br>これは基本（きほん）的なN2文法です。<br><br>・「〜にあたって」：新しい事業を始める前の大切なステップを表すので、正解です。<br>・「〜途端（とたん）に」：「〜したすぐあとに予期（よき）しないことが起きた」という意味なので不自然です。<br>・「〜とともに」：「〜と一緒に」や「〜と同時に」という意味になり、意味が合いません。<br>・「〜わけにはいかず」：「〜することができない」という意味になり、文脈（ぶんみゃく）に合いません。<br>まずここから。絶対に覚えたい基本の形です。
JLPT_N2_LK_Gr_421,言語知識,文法,文の文法1,2,このレストランの料理は、値段が安いの ______ とてもおいしい。,にしたがって,わりには,にかぎって,を通して,わりには,「〜わりに（は）」は、「〜という基準（きじゅん）から考えた予想（よそう）と違（ちが）って」という意味を表します。<br>値段が安いのに、予想よりずっとおいしいという場面で使います。<br><br>・「〜わりに（は）」：値段の安さと味の良さのギャップを表すので、正解です。<br>・「〜にしたがって」：「〜が変化（へんか）すると、一緒に〜も変化する」という意味なので合いません。<br>・「〜にかぎって」：「〜だけに特別（とくべつ）に」や「運（うん）悪く〜」という意味になり、合いません。<br>・「〜を通して（とおして）」：「〜の期間（きかん）ずっと」や「〜を手段（しゅだん）として」という意味なので不自然です。<br>基本の表現ですが、似た形と混同しやすいので要注意。
JLPT_N2_LK_Gr_422,言語知識,文法,文の文法1,3,新しい公園の建設を ______ 、住民たちの間で激しい議論が続いている。,めぐって,こめて,もとにして,きっかけにして,めぐって,「〜をめぐって」は、「ある問題をテーマにして、議論（ぎろん）や意見の対立（たいりつ）が起こる」という意味です。<br>標準（ひょうじゅん）的なN2の機能語（きのうご）です。<br><br>・「〜をめぐって」：建設というテーマについて話し合いや争いが起きているので、正解です。<br>・「〜をこめて」：「気持ちを〜の中に入れて」という意味になり、議論という言葉に合いません。<br>・「〜をもとにして」：「〜を材料（ざいりょう）やヒントにして」という意味なので合いません。<br>・「〜をきっかけにして」：「〜が理由（りゆう）で新しい行動を始める」という意味になり、文脈に合いません。<br>標準レベル。ここが安定して解けるとN2合格が見えてきます。
JLPT_N2_LK_Gr_423,言語知識,文法,文の文法1,4,計画の途中で予算がなくなってしまったため、プロジェクトを一時中断 ______ 。,されるに決まっている,せざるを得ない,するまでもない,するわけにはいかない,せざるを得ない,「〜ざるを得（え）ない」は、「本当（ほんとう）はやりたくないが、理由（りゆう）があって、どうしても〜しなければならない」という意味を表します。<br>動詞の「ない形」に接続（せつぞく）します（「する」は「せざるを得ない」）。<br><br>・「せざるを得ない」：予算がないので途中でやめるしかない状況（じょうきょう）にぴったり合うので、正解です。<br>・「〜に決まっている」：「絶対に〜だと思う」という強く推測（すいそく）する表現なので合いません。<br>・「〜までもない」：「〜する必要（ひつよう）がない」という意味なので、真逆（まぎゃく）の意味になってしまいます。<br>・「〜わけにはいかない」：「社会的（しゃかいてき）なルールや立場（たちば）から〜できない」という意味になり、文脈に合いません。<br>やや難しい応用レベル。ここまで解ければ上位層です。
JLPT_N2_LK_Gr_424,言語知識,文法,文の文法2,1,あんなに真面目な田中さんが、______ ______ __★__ ______ わけがない。,嘘を,約束を,つく,やぶって,嘘を,「〜わけがない」は「絶対に〜ない」と強く否定（ひてい）する文法です。<br>文を正しく組み立てると、「あんなに真面目（まじめ）な田中さんが、約束（やくそく）をやぶって嘘（うそ）をつくわけがない。」となります。<br>これは基本的な並べ替え問題です。<br><br>【正しい順番】<br>1. 約束を<br>2. やぶって<br>3. ★ 嘘を<br>4. つく<br><br>「約束をやぶる」「嘘をつく」という言葉のセットを作ります。「嘘をつく」の前に「約束をやぶって」を入れることで、自然な文になります。<br>したがって、★の位置に入る語句は「嘘を」となります。<br>落とせない基礎レベル。確実に正解しておきましょう。
JLPT_N2_LK_Gr_425,言語知識,文法,文の文法2,2,どんなに探しても鍵が見つからず、______ ______ __★__ ______ ようがない。,家に,入ろう,にも,入り,にも,「〜（よう）にも〜ようがない」は、「〜しようとしても、方法（ほうほう）がなくてできない」という意味を表します。<br>文を正しく組み立てると、「どんなに探（さが）しても鍵（かぎ）が見つからず、家に入ろうにも入りようがない。」となります。標準的なレベルの問題です。<br><br>【正しい順番】<br>1. 家に<br>2. 入ろう<br>3. ★ にも<br>4. 入り<br><br>「動詞（どうし）の意向形（いこうけい）＋にも＋動詞のます形＋ようがない」という形（かたち）になります。<br>したがって、★の位置に入る語句は「にも」となります。<br>よく出る基本レベル。パターンで覚えてしまいましょう。
JLPT_N2_LK_Gr_426,言語知識,文法,文の文法2,3,彼は日本に ______ ______ __★__ ______ にしては、とても日本語が上手だ。,来てから,まだ,半年,しか経っていない,半年,「〜にしては」は、「〜という事実（じじつ）から予想（よそう）されることと違（ちが）っている」という意味です。<br>文を正しく組み立てると、「彼は日本に来てからまだ半年しか経っていないにしては、とても日本語が上手だ。」となります。<br><br>【正しい順番】<br>1. 来てから<br>2. まだ<br>3. ★ 半年<br>4. しか経っていない<br><br>「日本に来てから」「まだ〜しか経（た）っていない」をつなげます。「まだ」のあとに時間（じかん）を表す「半年」が入ります。<br>したがって、★の位置に入る語句は「半年」となります。<br>実際の試験でよく問われる標準レベルの問題です。
JLPT_N2_LK_Gr_427,言語知識,文法,文の文法2,4,この研究は ______ ______ __★__ ______ のもとで、無事に終了した。,教授の,経験豊富な,適切な,指導,適切な,「〜のもとで」は、「〜の影響（えいきょう）や指導（しどう）を受けて」という意味の表現です。<br>文を正しく組み立てると、「この研究は経験豊富（けいけんほうふ）な教授の適切な指導のもとで、無事に終了した。」となります。<br><br>【正しい順番】<br>1. 経験豊富な<br>2. 教授の<br>3. ★ 適切な<br>4. 指導<br><br>「経験豊富な」は人である「教授（きょうじゅ）」を修飾（しゅうしょく）します。<br>そして「適切な」は「指導（しどう）」を修飾します。<br>したがって、★の位置に入る語句は「適切な」となります。<br>応用レベル。一度で正解できたら自信を持ってよい問題です。
JLPT_N2_LK_Gr_428,言語知識,文法,文章の文法,5,近年、若者の間で電子書籍（でんししょせき）を利用する人が急速に増えている。紙の本を買う人が減ったと言われることもある。 [ 1 ] 、紙の本の魅力（みりょく）が見直され、あえて紙の本を選ぶ若者も少なくないという調査結果がある。単に便利さだけではなく、本を手にする感覚を大切にしたい人が増えているようだ。<br><br>問： [ 1 ] に入る最も適切なものはどれか。,というのも,したがって,それどころか,その結果,それどころか,「それどころか」は、「前に言ったことと実際（じっさい）は反対（はんたい）だ」と強調（きょうちょう）するときに使います。<br>「紙の本を買う人が減（へ）った」という話に対して、「減るどころか、反対に選（えら）ぶ人が少なくない」と展開（てんかい）しています。最高難易度（さいこうなんいど）の発展問題です。<br><br>・「それどころか」：予想（よそう）や一般的な話と逆（ぎゃく）の状況（じょうきょう）を述べるので、正解です。<br>・「というのも」：あとに理由（りゆう）を説明するときに使うので合いません。<br>・「したがって」：前の内容から自然な結果（けっか）を導（みちび）く接続詞（せつぞくし）なので不自然です。<br>・「その結果」：前の出来事（できごと）によって起きた結果を表すので、文脈（ぶんみゃく）に合いません。<br>発展レベル。ここは差がつく一問。余裕があれば覚えておきましょう。
JLPT_N2_LK_Gr_429,言語知識,文法,文章の文法,5,私たちが日常（にちじょう）で使っている言葉は、単に情報を伝えるためだけの道具ではない。言葉を通して、自分の感情や文化、価値観（かちかん）を相手に伝えているのである。コミュニケーションにおいて、どのような言葉を選ぶかは、その人の生き方や考え方そのものを表している [ 2 ] 。だからこそ、私たちは言葉遣い（ことばづかい）に気を配る必要があるのだ。<br><br>問： [ 2 ] に入る最も適切なものはどれか。,わけではない,にほかならない,にすぎない,わけにはいかない,にほかならない,「〜にほかならない」は、「まさに〜だ」「〜以外の何物（なにもの）でもない」と強く断定（だんてい）して主張（しゅちょう）する表現です。<br>文章の筆者（ひっしゃ）の強い考えを表す場面で使います。最高難易度（さいこうなんいど）の発展的な問題です。<br><br>・「〜にほかならない」：「考え方そのものを表しているのだ」と強く主張しているので、正解です。<br>・「〜わけではない」：「完全に〜だとは言えない」という一部否定（いちぶひてい）の意味になるので不自然です。<br>・「〜にすぎない」：「ただ〜であるだけだ」と価値（かち）を低（ひく）く見る表現なので、筆者の主張に合いません。<br>・「〜わけにはいかない」：「状況や立場から〜できない」という意味になり、文末のつながりが不自然です。<br>発展レベル。N1にもつながる難問です。今は「こんな表現もある」と知っておけば十分。
JLPT_N2_LK_Gr_430,言語知識,文法,文の文法1,4,計画（けいかく）の進行（しんこう） ______ 、予算（よさん）の見直しを行う。,に沿って,に反して,に際して,をめぐって,に沿って,正解は「に沿って」です。<br>「〜に沿（そ）って」は、「方針（ほうしん）や計画（けいかく）、ルールに従（した）って進める」という意味（いみ）を表（あらわ）します。<br>「〜に反（はん）して」は予想や期待と反対になるときに使います。<br>「〜に際（さい）して」は特別なことを始める直前（ちょくぜん）に使います。<br>「〜をめぐって」は議論や対立の中心を表します。<br>応用レベル。意外と難しい問題なので、間違えても気にしすぎないこと。
JLPT_N2_LK_Gr_431,言語知識,文法,文の文法1,2,今夜から明日の朝 ______ 、大雨が降る恐れがあります。,にかけて,にわたって,を通じて,に応じた,にかけて,正解は「にかけて」です。<br>「〜にかけて」は、「〜から〜までの大体の範囲（はんい）・期間（きかん）」を表（あらわ）します。<br>「〜にわたって」は範囲全体の時間の長さや広さを強調（きょうちょう）するときに使います。<br>「〜を通（とお）じて」は全期間ずっと、または手段を表します。<br>「〜に応（おう）じた」は変化に合わせるときに使います。<br>基本レベル。意味の違いを一度整理しておくと安心です。
JLPT_N2_LK_Gr_432,言語知識,文法,文の文法1,5,医者 ______ 者が、患者の命を軽視するような発言をしてはならない。,たる,とある,とした,である,たる,正解は「たる」です。<br>「名詞（めいし）＋たる＋名詞」は、「〜という優れた立場（たちば）や資格（しかく）を持つ者は」という意味を表（あらわ）す硬（かた）い表現（ひょうげん）です。「医者（いしゃ）たる者（もの）」で正しいです。<br>「〜とある」「〜とした」「〜である」はこの文脈での義務や心構えを表す修飾には使えません。<br>発展レベル。かなり難しいので、間違えても落ち込む必要はありません。
JLPT_N2_LK_Gr_433,言語知識,文法,文の文法1,1,これだけ練習したのだから、明日の試合は勝てる ______ 。,にちがいない,わけがない,おそれがある,っこない,にちがいない,正解は「にちがいない」です。<br>「〜にちがいない」は、「確かな理由（りゆう）があって、絶対（ぜったい）に〜だと思う」と強く推測（すいそく）するときに使います。<br>「〜わけがない」や「〜っこない」は強（つよ）い否定（ひてい）を表します。<br>「〜おそれがある」は悪いことが起きる可能性を表します。<br>N2の土台になる文法です。迷わず選べるようにしておきたいところ。
JLPT_N2_LK_Gr_434,言語知識,文法,文の文法1,3,足の速さ ______ 、学年で彼の右に出るものはいない。,にかけては,に基づいて,に即して,を通して,にかけては,正解は「にかけては」です。<br>「名詞（めいし）＋にかけては」は、「〜の技術（ぎじゅつ）や能力（のうりょく）について言えば、誰にも負けない・一番だ」という意味を表（あらわ）します。<br>「〜に基（もと）づいて」は根拠（こんきょ）をもとにするときに使います。<br>「〜に即（そく）して」は現実やルールに合わせるときに使います。<br>「〜を通（とお）して」は期間や手段を表します。<br>標準レベル。前後の文脈をていねいに読むのがコツです。
JLPT_N2_LK_Gr_435,言語知識,文法,文の文法2,2,どんなに ______ ______ __★__ ______ 諦めてはいけない。,あっても,困難な,状況で,夢を,あっても,正解は「あっても」です。<br>正しい文章（ぶんしょう）は「どんなに困難な状況であっても夢を諦めてはいけない。」となります。<br>「どんなに〜であっても」は、「たとえどんな状況でも関係なく」という意味を表（あらわ）します。<br>語順（ごじゅん）は「困難（こんなん）な（2） → 状況（じょうきょう）で（3） → あっても（1） → 夢（ゆめ）を（4）」となります。したがって、★（3番目）に入る語句は「あっても」になります。<br>基本レベル。確実に得点したい一問です。
JLPT_N2_LK_Gr_436,言語知識,文法,文の文法2,5,失敗を ______ ______ __★__ ______ 成長は望めない。,恐れる,ことなしに,人間の,大きな,人間の,正解は「人間の」です。<br>正しい文章（ぶんしょう）は「失敗を恐れることなしに人間の大きな成長は望めない。」となります。<br>「動詞（どうし）の辞書形（じしょけい）＋ことなしに」は、「〜しないで（〜がなければ後のこともできない）」という意味を表（あらわ）します。<br>語順（ごじゅん）は「恐（おそ）れる（1） → ことなしに（2） → 人間（にんげん）の（3） → 大（おお）きな（4）」となります。したがって、★（3番目）に入る語句は「人間の」になります。<br>発展レベル。硬い書き言葉で使われる表現です。読んで意味が分かれば合格ライン。
JLPT_N2_LK_Gr_437,言語知識,文法,文の文法2,3,彼は ______ ______ __★__ ______ 勉強する努力家だ。,忙しい,にもかかわらず,睡眠時間を,削ってまで,睡眠時間を,正解は「睡眠時間を」です。<br>正しい文章（ぶんしょう）は「彼は忙しいにもかかわらず睡眠時間を削ってまで勉強する努力家だ。」となります。<br>「〜てまで」は、「普通はしない極端（きょくたん）なことまでして〜する」という意味を表（あらわ）します。<br>語順（ごじゅん）は「忙（いそが）しい（1） → にもかかわらず（2） → 睡眠（すいみん）時間を（3） → 削（けず）ってまで（4）」となります。したがって、★（3番目）に入る語句は「睡眠時間を」になります。<br>標準レベル。本番で合否を分けやすいタイプの問題です。
JLPT_N2_LK_Gr_438,言語知識,文法,文章の文法,1,最近はインターネットで手軽に情報を得ることができる。 ______ 、その情報がすべて正しいとは限らないため、自分で見極める目が必要だ。空欄に入る最も適切なものを選びなさい。,しかし,そのため,たとえば,つまり,しかし,正解は「しかし」です。<br>「しかし」は、前の文章に対して反対（はんたい）や注意（ちゅうい）の内容（ないよう）を述べるときに使う接続詞（せつぞくし）です。「手軽（てがる）に得られるが、正しいとは言えない」という逆説（ぎゃくせつ）の流れになるので正しいです。<br>「そのため」は理由（りゆう）と結果（けっか）をつなぎます。<br>「たとえば」は具体例（ぐたいれい）を出します。<br>「つまり」は要約（ようやく）します。<br>基礎レベル。ここを固めておくと後がぐっと楽になります。
JLPT_N2_LK_Gr_439,言語知識,文法,文章の文法,4,地域の伝統行事は、住民同士の絆を深める役割を果たしてきた。時代の変化とともに存続が難しくなっているが、地域社会の活性化のためにも継承していく ______ 。空欄に入る最も適切なものを選びなさい。,べきであろう,にすぎないだろう,わけにはいかないだろう,はずがないだろう,べきであろう,正解は「べきであろう」です。<br>「〜べきだ／べきであろう」は、「立場（たちば）や社会通念から考えて、〜するのが当然（とうぜん）だ／良い」という主張（しゅちょう）や推測（すいそく）を表（あらわ）します。<br>「〜にすぎない」は「ただ〜だけだ」という意味です。<br>「〜わけにはいかない」は「やってはいけない」という意味です。<br>「〜はずがない」は強（つよ）い否定（ひてい）の推測を表します。<br>応用レベル。文脈を最後まで読まないと選びきれないタイプです。
JLPT_N2_LK_Gr_440,言語知識,文法,文の文法1,3,イベントに参加（さんか）する ______ しない ______ 、事前に連絡をください。,にせよ,にかけて,に応じた,に沿って,にせよ,正解は「にせよ」です。<br>「AにせよBにせよ」は、「AでもBでも、どちらの場合（ばあい）でも」という意味（いみ）を表（あらわ）します。<br>「〜にかけて」は範囲（はんい）を表します。<br>「〜に応じた」は変化（へんか）に合わせるときに使います。<br>「〜に沿って（にそって）」はルールや計画（けいかく）に合わせるときに使います。<br>標準レベル。ここが安定して解けるとN2合格が見えてきます。
JLPT_N2_LK_Gr_441,言語知識,文法,文の文法1,1,いつも優しい彼が、そんなひどいことを言う ______ 。,わけがない,にちがいない,おそれがある,しかない,わけがない,正解は「わけがない」です。<br>「〜わけがない」は、「絶対に〜ない」「〜ということは考えられない」と強く否定（ひてい）するときに使います。<br>「〜にちがいない」は強く推測（すいそく）するときに使います。<br>「〜おそれがある」は悪いことが起きる可能性があるときに使います。<br>「〜しかない」は「それ以外に方法がない」という意味です。<br>まずここから。絶対に覚えたい基本の形です。
JLPT_N2_LK_Gr_442,言語知識,文法,文の文法1,4,一人でこの難しい仕事を完成できる ______ やってみなさい。,ものなら,ことなら,わけなら,はずなら,ものなら,正解は「ものなら」です。<br>「動詞（どうし）の可能（かのう）形（けい）＋ものなら」は、「もしできるならやってみろ（実際（じっさい）には無理（むり）だろう）」と挑戦（ちょうせん）させたり、不可能なことを望（のぞ）んだりするときに使います。<br>「〜ことなら」や「〜わけなら」はこの形で使えません。<br>「〜はずなら」も文法的に不自然（ふしぜん）です。<br>やや難しい応用レベル。ここまで解ければ上位層です。
JLPT_N2_LK_Gr_443,言語知識,文法,文の文法1,2,周囲（しゅうい）の予想（よそう） ______ 、彼のチームが優勝（ゆうしょう）した。,に反して,に沿って,に応じて,にあたって,に反して,正解は「に反して」です。<br>「名詞（めいし）＋に反（はん）して」は、「予想（よそう）や期待（きたい）とは反対（はんたい）の結果（けっか）になった」という意味を表（あらわ）します。<br>「〜に沿（そ）って」は計画（けいかく）通りに進むときに使います。<br>「〜に応（おう）じて」は条件（じょうけん）に合わせるときに使います。<br>「〜にあたって」は特別なことをする直前（ちょくぜん）に使います。<br>基本の表現ですが、似た形と混同しやすいので要注意。
JLPT_N2_LK_Gr_444,言語知識,文法,文の文法1,5,申し訳ありませんが、お客様（きゃくさま）の個人（こじん）情報（じょうほう）についてはお答え ______ 。,かねます,得ません,かねません,兼ねています,かねます,正解は「かねます」です。<br>「動詞（どうし）のます形＋かねます」は、「立場（たちば）や条件（じょうけん）があるため、〜することができない」と丁寧（ていねい）に断（ことわ）るときに使います。<br>「〜得（え）ません」は能力（のうりょく）や可能性（かのうせい）がないことを表します。<br>「〜かねません」は「悪い結果（けっか）になるかもしれない」という意味です。<br>「兼（か）ねています」は二つの役割（やくわり）を一緒（いっしょ）に持つという意味です。<br>発展レベル。ここは差がつく一問。余裕があれば覚えておきましょう。
JLPT_N2_LK_Gr_445,言語知識,文法,文の文法2,1,試験を ______ ______ __★__ ______ 注意事項を聞いた。,受ける,に際して,事前に,詳しい,事前に,正解は「事前に」です。<br>正しい文章（ぶんしょう）は「試験を受けるに際して事前に詳しい注意事項を聞いた。」となります。<br>「動詞（どうし）の辞書形（じしょけい）＋に際（さい）して」は、「〜をする特別な時に」という意味を表（あらわ）します。<br>語順（ごじゅん）は「受（う）ける（1） → に際（さい）して（2） → 事前（じぜん）に（3） → 詳（くわ）しい（4）」となります。したがって、★（3番目）に入る語句は「事前に」になります。<br>落とせない基礎レベル。確実に正解しておきましょう。
JLPT_N2_LK_Gr_446,言語知識,文法,文の文法2,4,新しい ______ ______ __★__ ______ 意見が交わされた。,法律の,制定を,巡って,激しい,巡って,正解は「巡って」です。<br>正しい文章（ぶんしょう）は「新しい法律の制定を巡って激しい意見が交わされた。」となります。<br>「名詞（めいし）＋を巡（めぐ）って」は、「〜を中心（ちゅうしん）にして議論（ぎろん）や対立（たいりつ）が起こる」という意味を表（あらわ）します。<br>語順（ごじゅん）は「法律（ほうりつ）の（1） → 制定（せいてい）を（2） → 巡（めぐ）って（3） → 激（はげ）しい（4）」となります。したがって、★（3番目）に入る語句は「巡って」になります。<br>応用レベル。一度で正解できたら自信を持ってよい問題です。
JLPT_N2_LK_Gr_447,言語知識,文法,文の文法2,3,本日 ______ ______ __★__ ______ 無料になります。,ご来場のお客様,に限り,入場料,は,入場料,正解は「入場料」です。<br>正しい文章（ぶんしょう）は「本日ご来場のお客様に限り入場料は無料になります。」となります。<br>「名詞（めいし）＋に限（かぎ）り」は、「〜だけは特別（とくべつ）に」という限定（げんてい）の意味を表（あらわ）します。<br>語順（ごじゅん）は「ご来場（らいじょう）のお客様（きゃくさま）（1） → に限（かぎ）り（2） → 入場（にゅうじょう）料（りょう）（3） → は（4）」となります。したがって、★（3番目）に入る語句は「入場料」になります。<br>実際の試験でよく問われる標準レベルの問題です。
JLPT_N2_LK_Gr_448,言語知識,文法,文章の文法,2,近年、健康のために野菜を多く摂る人が増えている。 ______ 、ただ量を多く食べれば良いというわけではない。バランスよく様々な種類の野菜を食べることが大切だ。空欄に入る最も適切なものを選びなさい。,しかし,したがって,たとえば,つまり,しかし,正解は「しかし」です。<br>「しかし」は、前の文章に対して反対（はんたい）の内容（ないよう）や注意（ちゅうい）点を述べるときに使う接続詞（せつぞくし）です。「野菜を食べる人が増えているが、たくさん食べればいいわけではない」という反対（はんたい）の流れになるので正しいです。<br>「したがって」は結果（けっか）を表します。<br>「たとえば」は例（れい）を表します。<br>「つまり」は言い換えを表します。<br>よく出る基本レベル。パターンで覚えてしまいましょう。
JLPT_N2_LK_Gr_449,言語知識,文法,文章の文法,5,地球温暖化が進む中で、私たちの生活スタイルも見直しが迫られている。一人ひとりが省エネを意識して行動することが、未来の環境を守ることに ______ 。空欄に入る最も適切なものを選びなさい。,つながるにほかならない,つながるはずがない,つながるわけにはいかない,つながるにすぎない,つながるにほかならない,正解は「つながるにほかならない」です。<br>「〜にほかならない」は、「まさに〜だ」「それ以外（いがい）の何ものでもない」と強く断定（だんてい）するときに使います。「省（しょう）エネの行動（こうどう）が未来（みらい）を守ることに直接（ちょくせつ）つながる」と強く強調（きょうちょう）しているので正しいです。<br>「〜はずがない」や「〜わけにはいかない」は強い否定（ひてい）を表すので文脈に合いません。<br>「〜にすぎない」は「ただ〜だけだ」と低く評価（ひょうか）する表現なので合いません。<br>発展レベル。N1にもつながる難問です。今は「こんな表現もある」と知っておけば十分。
JLPT_N2_LK_Gr_450,言語知識,文法,文の文法1,2,このテーマパークは、年齢や性別 ______ 誰でも楽しむことができる。,を問わず,に限って,に応じて,にも関わらず,を問わず,正解は「を問わず」です。<br>「〜を問（と）わず」は、「〜に関係（かんけい）なく、条件（じょうけん）にしない」という意味（いみ）を表（あらわ）します。<br>「〜に限（かぎ）って」は特別な例外（れいがい）を表します。<br>「〜に応（おう）じて」は変化に合わせるときに使います。<br>「〜にも関わらず」は状況と反対のことが起きるときに使います。<br>基本レベル。意味の違いを一度整理しておくと安心です。
JLPT_N2_LK_Gr_451,言語知識,文法,文の文法1,4,本当の事を話すべきか ______ 、一晩中悩み続けた。,話すまいか,話さないか,話すはずか,話すわけか,話すまいか,正解は「話すまいか」です。<br>「〜か〜まいか」は、「〜しようか、それとも〜するのをやめようか」と迷（まよ）う気持ちを表（あらわ）します。<br>「〜まい」は否定（ひてい）の意志（いし）を表す文法表現です。<br>応用レベル。意外と難しい問題なので、間違えても気にしすぎないこと。
JLPT_N2_LK_Gr_452,言語知識,文法,文の文法1,1,詳しい日程が決まり ______ 、すぐにお知らせいたします。,次第,ついでに,あげく,うちに,次第,正解は「次第」です。<br>「動詞（どうし）のます形＋次第（しだい）」は、「〜したら、すぐに次の行動（こうどう）をする」という意味を表（あらわ）します。<br>「〜ついでに」は別のことを一緒（いっしょ）にするときに使います。<br>「〜あげく」は悪い結果（けっか）になったときに使います。<br>「〜うちに」は期間（きかん）の間（あいだ）を表します。<br>N2の土台になる文法です。迷わず選べるようにしておきたいところ。
JLPT_N2_LK_Gr_453,言語知識,文法,文の文法1,5,来月の出張は、新工場の視察 ______ 現地スタッフとの親睦を深める目的もある。,を兼ねて,を巡って,に沿って,に即して,を兼ねて,正解は「を兼ねて」です。<br>「名詞（めいし）＋を兼（か）ねて」は、「一つの行動で、もう一つの目的（もくてき）も一緒（いっしょ）に果たす」という意味を表（あらわ）します。<br>「〜を巡（めぐ）って」は対立（たいりつ）や議論（ぎろん）の中心を表します。<br>「〜に沿（そ）って」は方針（ほうしん）や順番（じゅんばん）に従（したが）うことを表します。<br>「〜に即（そく）して」は現実（げんじつ）やルールに合わせることを表します。<br>発展レベル。かなり難しいので、間違えても落ち込む必要はありません。
JLPT_N2_LK_Gr_454,言語知識,文法,文の文法1,3,今回の成功は、チーム全体の努力の成果のほんの一部 ______ 。,に過ぎない,に相違ない,に他ならない,に限らない,に過ぎない,正解は「に過ぎない」です。<br>「〜に過（す）ぎない」は、「ただ〜だけで、それ以上のものではない」と低く評価（ひょうか）したり限定（げんてい）したりするときに使います。<br>「〜に相違（そうい）ない」は強い確信（かくしん）を表します。<br>「〜に他（ほか）ならない」は「まさに〜だ」と強調（きょうちょう）するときに使います。<br>「〜に限（かぎ）らない」は「〜だけとは言えない」という意味です。<br>標準レベル。前後の文脈をていねいに読むのがコツです。
JLPT_N2_LK_Gr_455,言語知識,文法,文の文法2,3,長年の夢だった ______ ______ __★__ ______ 感動した。,自分の店を,ときは、,持つことができた,言葉にならないほど,ときは、,正解は「ときは、」です。<br>正しい文章（ぶんしょう）は「長年の夢だった自分の店を持つことができたときは、言葉にならないほど感動した。」となります。<br>語順（ごじゅん）は「自分（じぶん）の店（みせ）を（1） → 持（も）つことができた（3） → ときは、（2） → 言葉（ことば）にならないほど（4）」となります。したがって、★（3番目）に入る語句は「ときは、」になります。<br>標準レベル。本番で合否を分けやすいタイプの問題です。
JLPT_N2_LK_Gr_456,言語知識,文法,文の文法2,1,彼は忙しい ______ ______ __★__ ______ 手伝ってくれた。,にもかかわらず,時間の,合間をぬって,親切に,合間をぬって,正解は「合間をぬって」です。<br>正しい文章（ぶんしょう）は「彼は忙しいにもかかわらず時間の合間をぬって親切に手伝ってくれた。」となります。<br>「〜にもかかわらず」は逆説（ぎゃくせつ）を表（あらわ）します。<br>語順（ごじゅん）は「にもかかわらず（1） → 時間（じかん）の（2） → 合間（あいま）をぬって（3） → 親切（しんせつ）に（4）」となります。したがって、★（3番目）に入る語句は「合間をぬって」になります。<br>基礎レベル。ここを固めておくと後がぐっと楽になります。
JLPT_N2_LK_Gr_457,言語知識,文法,文の文法2,4,計画の変更について ______ ______ __★__ ______ 認められない。,事前の,申請がない限り,書面による,原則として,申請がない限り,正解は「申請がない限り」です。<br>正しい文章（ぶんしょう）は「計画の変更について事前の書面による申請がない限り原則として認められない。」となります。<br>「〜ない限（かぎ）り」は、「〜という条件（じょうけん）が満たされない間は〜」という意味を表（あらわ）します。<br>語順（ごじゅん）は「事前（じぜん）の（1） → 書面（しょめん）による（3） → 申請（しんせい）がない限り（2） → 原則（げんそく）として（4）」となります。したがって、★（3番目）に入る語句は「申請がない限り」になります。<br>応用レベル。文脈を最後まで読まないと選びきれないタイプです。
JLPT_N2_LK_Gr_458,言語知識,文法,文章の文法,5,近年、都市部における緑地の減少が問題視されている。植物は二酸化炭素を吸収するだけでなく、都市の気温上昇を抑える効果もある。 ______ 、緑地を増やす取り組みは、地球温暖化対策としても極めて重要であると言える。空欄に入る最も適切なものを選びなさい。,したがって,一方で,むしろ,ただし,したがって,正解は「したがって」です。<br>「したがって」は、前に述べた理由（りゆう）や根拠（こんきょ）から当然（とうぜん）導（みちび）かれる結果（けっか）や主張（しゅちょう）を述べるときに使う接続詞（せつぞくし）です。<br>「〜効果もある。したがって、〜取り組みは重要だ」という順接（じゅんせつ）の論理（ろんり）の流れを作るため正しいです。<br>「一方で（いっぽうで）」は対比（たいひ）を表します。<br>「むしろ」は対立（たいりつ）する選択（せんたく）を表します。<br>「ただし」は条件（じょうけん）や補足（ほそく）を表します。<br>発展レベル。硬い書き言葉で使われる表現です。読んで意味が分かれば合格ライン。
JLPT_N2_LK_Gr_459,言語知識,文法,文章の文法,2,語学の学習において、毎日少しずつでも継続することが大切だ。一度に大量の単語を暗記しようとしても、すぐに忘れてしまいがちである。毎日15分でも触れ続けること ______ 、確実に力はついていくのだ。空欄に入る最も適切なものを選びなさい。,こそが,だけが,でさえ,までも,こそが,正解は「こそが」です。<br>「〜こそが」は、条件や手段を強調（きょうちょう）して「まさにそれこそが〜だ」と主張するときに使います。「毎日触れ続けることこそが、力になる」という強調の意味になるので正しいです。<br>「〜だけが」は他を排除（はいじょ）する限定（げんてい）です。<br>「〜でさえ」「〜までも」は極端（きょくたん）な例を出すときに使います。<br>基本レベル。確実に得点したい一問です。
JLPT_N2_LK_Gr_460,言語知識,文法,文の文法1,2,どんなに困難な状況 ______ 、最後まで希望を捨ててはいけない。,であれ,にして,に限って,にも関わらず,であれ,正解は「であれ」です。<br>「〜であれ」は、「たとえ〜であっても」「どんな〜でも」という意味を表（あらわ）します。<br>「〜にして」は立場や段階（だんかい）を表します。<br>「〜に限（かぎ）って」は特別な例外（れいがい）や不運（ふうん）を表します。<br>基本の表現ですが、似た形と混同しやすいので要注意。
JLPT_N2_LK_Gr_461,言語知識,文法,文の文法1,5,調査の結果 ______ 、新製品の開発方針を決定する予定だ。,に基づいて,に応じた,に反して,にわたって,に基づいて,正解は「に基づいて」です。<br>「〜に基（もと）づいて」は、「〜を基準（きじゅん）や根拠（こんきょ）にして」という意味を表（あらわ）します。<br>「〜に応（おう）じて」は変化や条件に合わせるときに使います。<br>「〜に反（はん）して」は予想や決定と反対になることを表します。<br>「〜にわたって」は範囲（はんい）や期間を表します。<br>発展レベル。ここは差がつく一問。余裕があれば覚えておきましょう。
JLPT_N2_LK_Gr_462,言語知識,文法,文の文法1,1,彼は体が疲れている ______ 、一言も不満を言わずに働き続けた。,にもかかわらず,のおかげで,のせいで,といっても,にもかかわらず,正解は「にもかかわらず」です。<br>「〜にもかかわらず」は、「〜という状況（じょうきょう）なのに、実際には反対（はんたい）の行動（こうどう）をする」という意味を表（あらわ）します。<br>「〜のおかげで」は良い理由（りゆう）のときに使います。<br>「〜のせいで」は悪い理由のときに使います。<br>「〜といっても」は限定（げんてい）や補足（ほそく）を表します。<br>まずここから。絶対に覚えたい基本の形です。
JLPT_N2_LK_Gr_463,言語知識,文法,文の文法1,4,親として、子供の将来を心配しないでは ______ 。,いられない,すまない,おかない,つきない,いられない,正解は「いられない」です。<br>「動詞（どうし）のナイ形＋ないではいられない」は、「自然（しぜん）と感情（かんじょう）がわき起こり、抑（おさ）えることができない」という意味を表（あらわ）します。<br>「〜ないではすまない」は立場上「〜しなければならない」という意味です。<br>「〜ないではおかない」は「絶対に〜させる」という意志を表します。<br>やや難しい応用レベル。ここまで解ければ上位層です。
JLPT_N2_LK_Gr_464,言語知識,文法,文の文法2,3,この地域は、______ ______ __★__ ______ 美しい場所として知られている。,四季を通じて,自然が,豊かな,景色が,豊かな,正解は「豊かな」です。<br>正しい文章（ぶんしょう）は「この地域は、四季を通じて自然が豊かな景色が美しい場所として知られている。」となります。<br>「〜を通（とお）じて」は「期間（きかん）全体（ぜんたい）にわたって」という意味を表（あらわ）します。<br>語順（ごじゅん）は「四季（しき）を通じて（1） → 自然（しぜん）が（2） → 豊（ゆた）かな（3） → 景色（けしき）が（4）」となります。したがって、★（3番目）に入る語句は「豊かな」になります。<br>標準レベル。ここが安定して解けるとN2合格が見えてきます。
JLPT_N2_LK_Gr_465,言語知識,文法,文の文法2,1,昨日の夜は ______ ______ __★__ ______ 寝てしまった。,つけたまま,テレビを,疲れていて,うっかり,テレビを,正解は「テレビを」です。<br>正しい文章（ぶんしょう）は「昨日の夜は疲れていてうっかりテレビをつみたまま寝てしまった。」となります。<br>「動詞（どうし）のタ形＋まま」は、「〜の状態（じょうたい）を保（たも）ったまま別のことをする」という意味を表（あらわ）します。<br>語順（ごじゅん）は「疲（つか）れていて（3） → うっかり（4） → テレビを（2） → つけたまま（1）」となります。したがって、★（3番目）に入る語句は「テレビを」になります。<br>落とせない基礎レベル。確実に正解しておきましょう。
JLPT_N2_LK_Gr_466,言語知識,文法,文の文法2,5,彼の不用意な発言は、______ ______ __★__ ______ 批判を浴びた。,のみならず,社内,取引先からも,において,のみならず,正解は「のみならず」です。<br>正しい文章（ぶんしょう）は「彼の不用意な発言は、社内においてのみならず取引先からも批判を浴びた。」となります。<br>「〜においてのみならず」は、「〜だけでなく、さらに広い範囲で」という意味を表（あらわ）します。<br>語順（ごじゅん）は「社内（2） → において（4） → のみならず（1） → 取引先からも（3）」となります。したがって、★（3番目）に入る語句は「のみならず」になります。<br>発展レベル。N1にもつながる難問です。今は「こんな表現もある」と知っておけば十分。
JLPT_N2_LK_Gr_467,言語知識,文法,文の文法2,2,事故の原因について、______ ______ __★__ ______ 得ない。,慎重に,調査を,さらに,進めざるを,さらに,正解は「さらに」です。<br>正しい文章（ぶんしょう）は「事故の原因について、慎重に調査をさらに進めざるを得ない。」となります。<br>「動詞（どうし）のナイ形＋ざるを得（え）ない」は、「理由（りゆう）があってどうしても〜しなければならない」という意味を表（あらわ）します。<br>語順（ごじゅん）は「慎重（しんちょう）に（1） → 調査（ちょうさ）を（2） → さらに（3） → 進（すす）めざるを（4）」となります。したがって、★（3番目）に入る語句は「さらに」になります。<br>よく出る基本レベル。パターンで覚えてしまいましょう。
JLPT_N2_LK_Gr_468,言語知識,文法,文章の文法,4,近年、AI技術の進化が目覚ましい。 ______ 、生活が便利になる一方で、個人情報の扱いについての議論も深まっている。空欄に入る最も適切なものを選びなさい。,たしかに,その結果,すなわち,あるいは,たしかに,正解は「たしかに」です。<br>「たしかに」は、「一度相手（あいて）や事実（じじつ）を認（みと）めたうえで、しかし...と別の視点（してん）を出す」ときによく使われます。「たしかに〜一方で…」という構文（こうぶん）を作るため正しいです。<br>「その結果（けっか）」は因果（いんが）関係（かんけい）を表します。<br>「すなわち」は言い換えを表します。<br>「あるいは」は選択（せんたく）を表します。<br>応用レベル。一度で正解できたら自信を持ってよい問題です。
JLPT_N2_LK_Gr_469,言語知識,文法,文章の文法,3,グローバル化が進む現代社会においては、異文化を理解する姿勢が不可欠である。自分の価値観だけに固執するべき ______ 。空欄に入る最も適切なものを選びなさい。,ではない,にすぎない,わけがない,はずがない,ではない,正解は「ではない」です。<br>「〜べきではない」は、「〜してはいけない」「〜しないほうがいい」という禁止（きんし）や忠告（ちゅうこく）の意味を表（あらわ）します。「自分の価値観（かちかん）だけに固執（こしゅう）するべきではない」となるので正しいです。<br>「〜にすぎない」は「ただ〜だけだ」という意味です。<br>「〜わけがない」「〜はずがない」は強（つよ）い否定（ひてい）の推測（すいそく）を表し、文脈（ぶんみゃく）に合いません。<br>実際の試験でよく問われる標準レベルの問題です。
JLPT_N2_LK_Gr_470,言語知識,文法,文の文法1,3,皆（みな）さんのご協力 ______ 、このプロジェクトの成功（せいこう）はあり得（え）ませんでした。,抜きには,めぐっては,ともなって,もとづいて,抜きには,正解は「抜きには」です。<br>「〜抜き（ぬき）には」は、「もし〜がなかったら、あとのことが成立（せいりつ）しない」という意味（いみ）を表（あらわ）します。<br>「〜をめぐって」は議論（ぎろん）などの中心（ちゅうしん）を表します。<br>「〜にともなって」は一緒（いっしょ）に変化（へんか）することを表します。<br>「〜にもとづいて」は基準（きじゅん）や事実（じじつ）をもとにするときに使います。<br>標準レベル。前後の文脈をていねいに読むのがコツです。
JLPT_N2_LK_Gr_471,言語知識,文法,文の文法1,1,大事な会議（かいぎ）に遅刻（ちこく）する ______ 。,わけにはいかない,はずがない,にちがいない,しかない,わけにはいかない,正解は「わけにはいかない」です。<br>「〜わけにはいかない」は、「社会（しゃかい）的なルールや立場（たちば）から考えて、〜することはできない」という意味を表（あらわ）します。<br>「〜はずがない」や「〜にちがいない」は推測（すいそく）を表す表現（ひょうげん）です。<br>「〜しかない」は「それしか方法（ほうほう）がない」という意味です。<br>N2の土台になる文法です。迷わず選べるようにしておきたいところ。
JLPT_N2_LK_Gr_472,言語知識,文法,文の文法1,4,彼は自分の身（み）の潔白（けっぱく）を証明（しょうめい）し ______ 、あらゆる証拠（しょうこ）を集（あつ）めた。,んがため,んばかりに,まじき,つつも,んがため,正解は「んがため」です。<br>「動詞（どうし）のナイ形（けい）＋んがため（に）」は、「〜という強い目的（もくてき）を持って」という意味を表（あらわ）します。「証明（しょうめい）せんがため」で「証明するために」という意味になります。<br>「〜んばかりに」は「今にも〜しそうな様子（ようす）で」という意味です。<br>「〜まじき」は「〜してはいけない」という意味の修飾（しゅうしょく）表現です。<br>「〜つつも」は「〜と分かっていながら」という意味です。<br>応用レベル。意外と難しい問題なので、間違えても気にしすぎないこと。
JLPT_N2_LK_Gr_473,言語知識,文法,文の文法1,2,大学進学（しんがく） ______ 、一人暮らし（ひとりぐらし）を始めた。,をきっかけに,に際して,に応じて,にわたって,をきっかけに,正解は「をきっかけに」です。<br>「〜をきっかけに」は、「ある出来事（できごと）が理由（りゆう）となって、新しい行動（こうどう）や変化（へんか）が始まる」という意味を表（あらわ）します。<br>「〜に際（さい）して」は特別なことをする直前（ちょくぜん）に使います。<br>「〜に応（おう）じて」は変化に合わせるときに使います。<br>「〜にわたって」は広い範囲（はんい）を表します。<br>基本レベル。意味の違いを一度整理しておくと安心です。
JLPT_N2_LK_Gr_474,言語知識,文法,文の文法2,5,急（きゅう）な用事（ようじ）が入（はい）ってしまったため、______ ______ __★__ ______ 行（い）けない。,旅行に,行こうにも,楽しみに,していた,旅行に,正解は「旅行に」です。<br>正しい文章（ぶんしょう）は「急な用事が入ってしまったため、楽しみにしていた旅行に行こうにも行けない。」となります。<br>「動詞（どうし）の意向（いこう）形（けい）＋にも＋可能（かのう）形のナイ形」で、「〜しようとしても、理由（りゆう）があってできない」という意味を表（あらわ）します。<br>語順（ごじゅん）は「楽（たの）しみに（3） → していた（4） → 旅行（りょこう）に（1） → 行（い）こうにも（2）」となります。したがって、★（3番目）に入る語句は「旅行に」になります。<br>発展レベル。かなり難しいので、間違えても落ち込む必要はありません。
JLPT_N2_LK_Gr_475,言語知識,文法,文の文法2,2,この地域では、______ ______ __★__ ______ 盛んだ。,果物の,みかんを,栽培が,はじめとする,果物の,正解は「果物の」です。<br>正しい文章（ぶんしょう）は「この地域では、みかんをはじめとする果物の栽培が盛んだ。」となります。<br>「〜をはじめとする＋名詞（めいし）」は、「〜を代表（だいひょう）として」という意味を表（あらわ）します。<br>語順（ごじゅん）は「みかんを（2） → はじめとする（4） → 果物（くだもの）の（1） → 栽培（さいばい）が（3）」となります。したがって、★（3番目）に入る語句は「果物の」になります。<br>基本レベル。確実に得点したい一問です。
JLPT_N2_LK_Gr_476,言語知識,文法,文の文法2,4,日本へ ______ ______ __★__ ______ 続けている。,勉強を,毎日,来て以来,日本語の,日本語の,正解は「日本語の」です。<br>正しい文章（ぶんしょう）は「日本へ来て以来毎日日本語の勉強を続けている。」となります。<br>「動詞（どうし）のテ形＋以来（いらい）」は、「〜してから今までずっと同じ状態（じょうたい）が続いている」という意味を表（あらわ）します。<br>語順（ごじゅん）は「来（き）て以来（いらい）（3） → 毎日（まいにち）（2） → 日本語（にほんご）の（4） → 勉強（べんきょう）を（1）」となります。したがって、★（3番目）に入る語句は「日本語の」になります。<br>応用レベル。文脈を最後まで読まないと選びきれないタイプです。
JLPT_N2_LK_Gr_477,言語知識,文法,文の文法2,3,新商品の ______ ______ __★__ ______ 行った。,市場調査を,発売に,念入りな,あたって,念入りな,正解は「念入りな」です。<br>正しい文章（ぶんしょう）は「新商品の発売にあたって念入りな市場調査を行った。」となります。<br>「名詞（めいし）＋にあたって」は、「〜をする特別な時に事前に準備（じゅんび）をする」という意味を表（あらわ）します。<br>語順（ごじゅん）は「発売（はつばい）に（2） → あたって（4） → 念入（ねんい）りな（3） → 市場（しじょう）調査（ちょうさ）を（1）」となります。したがって、★（3番目）に入る語句は「念入りな」になります。<br>標準レベル。本番で合否を分けやすいタイプの問題です。
JLPT_N2_LK_Gr_478,言語知識,文法,文章の文法,1,毎日の散歩は、健康（けんこう）維持（いじ）にとても効果的（こうかてき）だ。 ______ 、無理をして体を痛めては意味がない。自分のペースで続けることが大切だ。空欄に入る最も適切なものを選びなさい。,ただし,なぜなら,つまり,その結果,ただし,正解は「ただし」です。<br>「ただし」は、前に述べたことに対して、条件（じょうけん）や補足（ほそく）の注意（ちゅうい）点を付け加えるときに使う接続詞（せつぞくし）です。「効果的だが、無理はダメだ」という条件を足しているので正しいです。<br>「なぜなら」は理由（りゆう）を説明するときに使います。<br>「つまり」は要約（ようやく）や言い換えに使います。<br>「その結果（けっか）」は因果（いんが）関係（かんけい）を表します。<br>基礎レベル。ここを固めておくと後がぐっと楽になります。
JLPT_N2_LK_Gr_479,言語知識,文法,文章の文法,5,伝統技術の継承（けいしょう）が危ぶまれている。後継者不足という課題（かだい）を解決しない限り、この文化は ______ 。空欄に入る最も適切なものを選びなさい。,衰退していかざるを得ないだろう,衰退していくわけにはいかないだろう,衰退していくにすぎないだろう,衰退していくはずがないだろう,衰退していかざるを得ないだろう,正解は「衰退していかざるを得ないだろう」です。<br>「〜ざるを得（え）ない」は、「状況（じょうきょう）から考えて、どうしても〜という結果（けっか）になってしまう」という意味を表（あらわ）します。「解決しない限り衰退してしまう」という論理（ろんり）の流れになるので正しいです。<br>「〜わけにはいかない」は「やってはいけない」という意味になり文脈に合いません。<br>「〜にすぎない」は「ただ〜だけだ」という意味です。<br>「〜はずがない」は強い否定（ひてい）の推測（すいそく）になり、逆の意味になってしまいます。<br>発展レベル。硬い書き言葉で使われる表現です。読んで意味が分かれば合格ライン。
JLPT_N2_LK_Gr_480,言語知識,文法,文の文法1,3,新製品の発売 ______ 、関係者向けの発表会が行われた。,に先立って,に伴って,に反して,に際して,に先立って,正解は「に先立って」です。<br>「〜に先立（さきだ）って」は、「〜をする前に、あらかじめ準備（じゅんび）として〜をする」という意味（いみ）を表（あらわ）します。<br>「〜に伴（ともな）って」は一緒（いっしょ）に変化（へんか）するときに使います。<br>「〜に反（はん）して」は予想（よそう）と反対（はんたい）になるときに使います。<br>「〜に際（さい）して」は特別なことを始める直前（ちょくぜん）に使います。<br>標準レベル。ここが安定して解けるとN2合格が見えてきます。
JLPT_N2_LK_Gr_481,言語知識,文法,文の文法1,1,今日は休んだ同僚の ______ 、私が残業をすることになった。,かわりに,せいで,おかげで,ために,かわりに,正解は「かわりに」です。<br>「〜のかわりに」は、「〜をしないで、別のことをする／別の人がする」という意味を表（あらわ）します。<br>「〜のせいで」は悪い理由（りゆう）のときに使います。<br>「〜のおかげで」は良い理由のときに使います。<br>「〜のために」は目的（もくてき）や理由を表します。<br>まずここから。絶対に覚えたい基本の形です。
JLPT_N2_LK_Gr_482,言語知識,文法,文の文法1,5,東京公演 ______ 、全国ツアーがスタートした。,を皮切りに,を通じて,に基づいて,に即して,を皮切りに,正解は「を皮切りに」です。<br>「〜を皮切（かわき）りに（して）」は、「〜から始まって、同じようなことが次々（つぎつぎ）に起こる」という意味を表（あらわ）します。「東京公演（とうきょうこうえん）を皮切りに全国（ぜんこく）で展開（てんかい）する」となるので正しいです。<br>「〜を通（とお）して」は手段（しゅだん）や期間（きかん）を表します。<br>「〜に基（もと）づいて」は基準（きじゅん）や事実（じじつ）をもとにするときに使います。<br>「〜に即（そく）して」は事実やルールに合わせるときに使います。<br>発展（はってん）的な表現（ひょうげん）の使い分けを問う問題です。<br>発展レベル。ここは差がつく一問。余裕があれば覚えておきましょう。
JLPT_N2_LK_Gr_483,言語知識,文法,文の文法1,2,約束した ______ 、最後までやり遂げるべきだ。,からには,おかげで,ついでに,と言っても,からには,正解は「からには」です。<br>「動詞（どうし）の普通形（ふつうけい）＋からには」は、「〜という強い理由（りゆう）があるのだから、当然（とうぜん）〜するべきだ」という意味を表（あらわ）します。<br>「〜のおかげで」は感謝（かんしゃ）や良い結果の理由を表します。<br>「〜ついでに」は別のことを一緒（いっしょ）にするときに使います。<br>「〜と言（い）っても」は事実と違う印象（いんしょう）を言うときに使います。<br>基本の表現ですが、似た形と混同しやすいので要注意。
JLPT_N2_LK_Gr_484,言語知識,文法,文の文法1,4,もう二度とあのような失敗は繰り返す ______ と、強く心に誓った。,まい,まじき,わけがない,っこない,まい,正解は「まい」です。<br>「動詞（どうし）の辞書形（じしょけい）／ナイ形＋まい」は、「絶対に〜しないでおこう」という強い否定（ひてい）の意志（いし）を表（あらわ）します。<br>「〜まじき」は「〜してはいけない」という意味の修飾（しゅうしょく）表現です。<br>「〜わけがない」や「〜っこない」は「絶対に〜ない」という推測（すいそく）を表し、自分の意志を心に誓（ちか）う文脈（ぶんみゃく）には合いません。<br>やや難しい応用レベル。ここまで解ければ上位層です。
JLPT_N2_LK_Gr_485,言語知識,文法,文の文法2,2,台風の ______ ______ __★__ ______ 乱れている。,影響で,交通機関が,各地の,乱れている,交通機関が,正解は「交通機関が」です。<br>正しい文章（ぶんしょう）は「台風の影響で各地の交通機関が乱れている。」となります。<br>「名詞（めいし）＋の影響（えいきょう）で」で「〜が原因（げんいん）となって」という意味を表（あらわ）します。<br>語順（ごじゅん）は「影響（えいきょう）で（1） → 各地（かくち）の（3） → 交通（こうつう）機関（きかん）が（2） → 乱（みだ）れている（4）」となります。したがって、★（3番目）に入る語句は「交通機関が」になります。<br>よく出る基本レベル。パターンで覚えてしまいましょう。
JLPT_N2_LK_Gr_486,言語知識,文法,文の文法2,4,理由が ______ ______ __★__ ______ 変わりはない。,どうあれ,約束に,遅れたことに,重要な,約束に,正解は「約束に」です。<br>正しい文章（ぶんしょう）は「理由はどうあれ重要な約束に遅れたことに変わりはない。」となります。<br>「名詞（めいし）＋はどうあれ」は、「〜がどうであっても関係（かんけい）なく」という意味を表（あらわ）します。<br>語順（ごじゅん）は「どうあれ（1） → 重要（じゅうよう）な（4） → 約束（やくそく）に（2） → 遅（おく）れたことに（3）」となります。したがって、★（3番目）に入る語句は「約束に」になります。<br>応用レベル。一度で正解できたら自信を持ってよい問題です。
JLPT_N2_LK_Gr_487,言語知識,文法,文の文法2,1,雨が ______ ______ __★__ ______ 集まった。,降っている,にもかかわらず,多くの,人が,多くの,正解は「多くの」です。<br>正しい文章（ぶんしょう）は「雨が降っているにもかかわらず多くの人が集まった。」となります。<br>「〜にもかかわらず」は、「〜なのに」「〜という状況（じょうきょう）と反対（はんたい）に」という意味を表（あらわ）します。<br>語順（ごじゅん）は「降（ふ）っている（1） → にもかかわらず（2） → 多（おお）くの（3） → 人（ひと）が（4）」となります。したがって、★（3番目）に入る語句は「多くの」になります。<br>落とせない基礎レベル。確実に正解しておきましょう。
JLPT_N2_LK_Gr_488,言語知識,文法,文章の文法,3,若者の活字離れが言われて久しい。 ______ 、電子書籍の普及により読書スタイルそのものが変化しているとも言える。空欄に入る最も適切なものを選びなさい。,しかしながら,その結果,要するに,例えば,しかしながら,正解は「しかしながら」です。<br>「しかしながら」は、前に述べたことに対して、反対（はんたい）の内容（ないよう）や別の視点（してん）を伝えるときに使う接続詞（せつぞくし）です。「活字離（かつじばな）れと言われるが、電子書籍（でんししょせき）で読んでいる」という逆説（ぎゃくせつ）の流れになるので正しいです。<br>「その結果（けっか）」は因果（いんが）関係（かんけい）を表します。<br>「要（よう）するに」はまとめを表します。<br>「例（たと）えば」は例を表します。<br>実際の試験でよく問われる標準レベルの問題です。
JLPT_N2_LK_Gr_489,言語知識,文法,文章の文法,5,環境保護の観点から、過剰な包装を見直す動きが広がっている。企業は環境負荷を減らす努力を ______ 。空欄に入る最も適切なものを選びなさい。,怠るわけにはいかないだろう,怠るにすぎないだろう,怠らざるをえないだろう,怠るはずがないだろう,怠るわけにはいかないだろう,正解は「怠るわけにはいかないだろう」です。<br>「〜わけにはいかない」は、「立場（たちば）や責任（せきにん）から考えて、〜することはできない」という意味を表（あらわ）します。環境（かんきょう）を守るために「努力（どりょく）を怠（おこた）ることはできない」という主張（しゅちょう）になるので正しいです。<br>「〜にすぎない」は「ただ〜だけだ」という意味です。<br>「〜ざるをえない」は「仕方（しかた）なく〜する」という意味で、「怠（おこた）らざるをえない（仕方なく怠る）」となってしまい意味が反対になります。<br>「〜はずがない」は推測（すいそく）の表現で、筆者（ひっしゃ）の呼びかけに合いません。<br>発展レベル。N1にもつながる難問です。今は「こんな表現もある」と知っておけば十分。
JLPT_N2_LK_Gr_490,言語知識,文法,文の文法1,2,新しい事業（じぎょう）を始める ______ 、入念（にゅうねん）な計画（けいかく）を立てた。,に際して,にかげて,に応じた,に沿って,に際して,正解は「に際して」です。<br>「〜に際（さい）して」は、「〜をする特別な時に」「〜を始める前に」という意味を表（あらわ）します。<br>「〜にかけて」は範囲（はんい）を表します。<br>「〜に応じて」は変化（へんか）に合わせるときに使います。<br>「〜に沿（そ）って」は方針（ほうしん）などに合わせるときに使います。<br>基本レベル。意味の違いを一度整理しておくと安心です。
JLPT_N2_LK_Gr_491,言語知識,文法,文の文法1,4,社長（しゃちょう）の決定（けってい）には、従（した）がわざる ______ 。,得ない,いかない,しかない,かねない,得ない,正解は「得ない」です。<br>「動詞（どうし）のナイ形（けい）＋ざるを得（え）ない」で、「自分の気持ちとは関係（かんけい）なく、どうしても〜しなければならない」という意味を表（あらわ）します。<br>「〜わけにはいかない」や「〜しかない」は「ざる」の後ろに直接（ちょくぜん）つなぐことができません。<br>「〜かねない」は悪いことが起きる可能性があるという意味です。<br>応用レベル。意外と難しい問題なので、間違えても気にしすぎないこと。
JLPT_N2_LK_Gr_492,言語知識,文法,文の文法1,1,彼は日本語を習い始めてまだ半年 ______ 、とても上手に話すことができる。,にしては,にかげて,にあたって,にともなって,にしては,正解は「にしては」です。<br>「〜にしては」は、「〜という事実（じじつ）から予想（よそう）されることと違（ちが）って」という意味を表（あらわ）します。「半年（はんとし）にしては上手（じょうず）だ」で「半年のわりに上手だ」という意味になります。<br>「〜にかけて」は範囲（はんい）を表します。<br>「〜にあたって」は特別なことをする直前（ちょくぜん）に使います。<br>「〜にともない/にともなって」は一緒（いっしょ）に変化（へんか）することを表します。<br>N2の土台になる文法です。迷わず選べるようにしておきたいところ。
JLPT_N2_LK_Gr_493,言語知識,文法,文の文法1,3,結果（けっか）の良（よ）し悪（あ）し ______ 、最後まで全力を尽くしたことを褒（ほ）めたい。,はともかく,に反して,に沿って,につれて,はともかく,正解は「はともかく」です。<br>「〜はともかく」は、「〜のことは今は考えないで／問題にしないで」という意味を表（あらわ）します。<br>「〜に反（はん）して」は予想（よそう）と反対（はんたい）になる時に使います。<br>「〜に沿（そ）って」は計画などに合わせる時に使います。<br>「〜につれて」は一緒に変化する時に使います。<br>標準レベル。前後の文脈をていねいに読むのがコツです。
JLPT_N2_LK_Gr_494,言語知識,文法,文の文法1,5,彼は自（みずか）らの夢（ゆめ）を実現（じつげん）させ ______ 、昼夜（ちゅうや）を問わず努力（どりょく）を重ねている。,んがため,んばかりに,まじき,つつも,んがため,正解は「んがため」です。<br>「動詞（どうし）のナイ形（けい）＋んがため（に）」は、「〜という強い目的（もくてき）を持って」という意味を表（あらわ）します。「実現（じつげん）させんがため」で「実現させるために」という意味になります。<br>「〜んばかりに」は「今にも〜しそうな様子（ようす）で」という意味です。<br>「〜まじき」は「〜してはいけない」という意味です。<br>「〜つつも」は「〜と分かっていながら」という意味です。<br>発展レベル。かなり難しいので、間違えても落ち込む必要はありません。
JLPT_N2_LK_Gr_495,言語知識,文法,文の文法2,2,この地域では ______ ______ __★__ ______ 破壊されつつある。,伴って,自然環境が,開発に,急速に,自然環境が,正解は「自然環境が」です。<br>正しい文章（ぶんしょう）は「この地域では開発に伴って自然環境が急速に破壊されつつある。」となります。<br>「名詞（めいし）＋に伴（ともな）って」で「〜と一緒に」という意味を表（あらわ）します。<br>語順（ごじゅん）は「開発（かいはつ）に（3） → 伴（ともな）って（1） → 自然（しぜん）環境（かんきょう）が（2） → 急速（きゅうそく）に（4）」となります。したがって、★（3番目）に入る語句は「自然環境が」になります。<br>社会（しゃかい）的な変化（へんか）を表す基本的な問題です。<br>基本レベル。確実に得点したい一問です。
JLPT_N2_LK_Gr_496,言語知識,文法,文の文法2,4,結果は ______ ______ __★__ ______ 意味がある。,尽くしたことに,どうあれ,全力を,自分なりに,全力を,正解は「全力を」です。<br>正しい文章（ぶんしょう）は「結果はどうあれ自分なりに全力を尽くしたことに意味がある。」となります。<br>「名詞（めいし）＋はどうあれ」は、「〜がどうであっても関係（かんけい）なく」という意味を表（あらわ）します。<br>語順（ごじゅん）は「どうあれ（2） → 自分（じぶん）なりに（4） → 全力（ぜんりょく）を（3） → 尽（つく）くしたことに（1）」となります。したがって、★（3番目）に入る語句は「全力を」になります。<br>応用レベル。文脈を最後まで読まないと選びきれないタイプです。
JLPT_N2_LK_Gr_497,言語知識,文法,文の文法2,1,雨が ______ ______ __★__ ______ 行ってこよう。,うちに,降らない,買い物に,早く,早く,正解は「早く」です。<br>正しい文章（ぶんしょう）は「雨が降らないうちに早く買い物に行ってこよう。」となります。<br>「動詞（どうし）のナイ形（けい）＋うちに」は、「〜状態（じょうたい）が変わる前に」という意味を表（あらわ）します。<br>語順（ごじゅん）は「降（ふ）らない（2） → うちに（1） → 早く（4） → 買い物（かいもの）に（3）」となります。したがって、★（3番目）に入る語句は「早く」になります。<br>基礎レベル。ここを固めておくと後がぐっと楽になります。
JLPT_N2_LK_Gr_498,言語知識,文法,文章の文法,3,新しいプロジェクトを成功（せいこう）させるためには、チーム全員（ぜんいん）の協力（きょうりょく）が不可欠（ふかけつ）だ。 ______ 、一人ひとりが自分の役割（やくわり）を理解（りかい）し、責任（せきにん）を持って行動（こうどう）することが求められる。空欄に入る最も適切なものを選びなさい。,したがって,しかしながら,例えば,一方で,したがって,正解は「したがって」です。<br>「したがって」は、「前で述べた理由（りゆう）や原因（げんいん）から、当然（とうぜん）そうなる」という結果（けっか）や結論（けつろん）をつなぐ接続詞（せつぞくし）です。チームの協力が必要だから「だから一人ひとりの行動が求められる」となるので正しいです。<br>「しかしながら」は逆説（ぎゃくせつ）を表します。<br>「例（たと）えば」は具体的（ぐたいてき）な例を挙げるときに使います。<br>「一方（いっぽう）で」は対比（たいひ）を表します。<br>標準レベル。本番で合否を分けやすいタイプの問題です。
JLPT_N2_LK_Gr_499,言語知識,文法,文章の文法,5,人工知能（じんこうちのう）の飛躍（ひやく）的な発展（はってん）により、私たちの生活（せいかつ）はより便利（べんり）になった。しかし同時に、従来の雇用（こよう）構造（こうぞう）が大きく変化（へんか）することは避けられない。私たちは技術（ぎじゅつ）の進歩（しんぽ）を受け入れつつ、新たな社会（しゃかい）システムを構築（こうちく） ______ 。空欄に入る最も適切なものを選びなさい。,していかざるを得ないだろう,していくわけにはいかないだろう,していくにすぎないだろう,していくほかないわけではない,していかざるを得ないだろう,正解は「していかざるを得ないだろう」です。<br>「〜ざるを得（え）ない」は、「状況（じょうきょう）から考えて、どうしても〜しなければならない」という意味を表（あらわ）します。雇用構造が変化する以上、新しいシステムを作らざるを得ないという筆者（ひっしゃ）の推測（すいそく）・主張（しゅちょう）になるので正しいです。<br>「〜わけにはいかない（やってはいけない）」や「〜にすぎない（ただ〜だけだ）」は文脈（ぶんみゃく）に合いません。<br>「〜ほかないわけではない」は二重（にじゅう）否定（ひてい）で意味が複雑（ふくざつ）になり不自然（ふしぜん）です。<br>発展レベル。硬い書き言葉で使われる表現です。読んで意味が分かれば合格ライン。
JLPT_N2_LK_Gr_500,言語知識,文法,文の文法1,3,市の再開発（さいかいはつ）事業（じぎょう）を ______ 、この地域（ちいき）の経済（けいざい）は急速（きゅうそく）に発展（はってん）した。,を契機に,に際して,に応じて,に沿って,を契機に,正解は「を契機に」です。<br>「〜を契機（けいき）に」は、「〜をきっかけとして、良い変化（へんか）が起こる」という意味（いみ）を表（あらわ）します。<br>「〜に際（さい）して」は特別なことを始める直前（ちょくぜん）に使います。<br>「〜に応じて」は変化や要望に合わせるときに使います。<br>「〜に沿（そ）って」は計画などに合わせるときに使います。<br>標準レベル。ここが安定して解けるとN2合格が見えてきます。
JLPT_N2_LK_Gr_501,言語知識,文法,文の文法1,1,彼はまだ子ども ______ 行動（こうどう）をとることがある。,っぽい,がち,ぎみ,だらけ,っぽい,正解は「っぽい」です。<br>「名詞（めいし）＋っぽい」は、「〜のような性質（せいしつ）がある」「〜のように見える」という意味を表（あらわ）します。「子どもっぽい」で「大人の年齢（ねんれい）なのに子どものようだ」という意味になります。<br>「〜がち」は「回数（かいすう）が多い」という意味です。<br>「〜ぎみ」は「少しそういう傾向（けいこう）がある」という意味です。<br>「〜だらけ」は「汚（きたな）いものがたくさんある」という意味です。<br>まずここから。絶対に覚えたい基本の形です。
JLPT_N2_LK_Gr_502,言語知識,文法,文の文法1,5,警察官（けいさつかん）にある ______ 犯罪（はんざい）行為（こうい）に関与（かんよ）していたことが発覚（はっかく）した。,まじき,べからざる,ざる,がたき,まじき,正解は「まじき」です。<br>「名詞（めいし）＋にあるまじき＋名詞」は、「その立場（たちば）や職業（しょくぎょう）として、やってはいけない強い否定（ひてい）」を表（あらわ）します。<br>「〜べからざる」は「許（ゆる）されない」という意味ですが、「名詞＋にあるべからざる」という形では使いません。<br>「〜ざる」は「〜ない」という意味の古い言葉です。<br>「〜がたき」は「〜するのが難（むずか）しい」という意味です。<br>発展レベル。ここは差がつく一問。余裕があれば覚えておきましょう。
JLPT_N2_LK_Gr_503,言語知識,文法,文の文法1,2,マニュアルの指示（しじ） ______ 作業（さぎょう）を進めてください。,に沿って,に応じて,を通じて,にわたって,に沿って,正解は「に沿って」です。<br>「名詞（めいし）＋に沿（そ）って」は、「方針（ほうしん）や計画（けいかく）、ルールから外（はず）れないように合わせる」という意味を表（あらわ）します。<br>「〜に応（おう）じて」は条件（じょうけん）の変化（へんか）に合わせるときに使います。<br>「〜を通（とお）して」は期間（きかん）や手段（しゅだん）を表します。<br>「〜にわたって」は広い範囲（はんい）や期間を表します。<br>基本の表現ですが、似た形と混同しやすいので要注意。
JLPT_N2_LK_Gr_504,言語知識,文法,文の文法1,4,上司（じょうし）の許可（きょか）を ______ 、この書類（しょるい）を提出（ていしゅつ）することはできない。,得てからでないと,得るにつれて,得たかと思うと,得るばかりか,得てからでないと,正解は「得てからでないと」です。<br>「〜てからでないと」は、「まずAをしなければ、次にBをすることはできない」という条件（じょうけん）を表（あらわ）します。<br>「〜につれて」は一緒（いっしょ）に変化（へんか）することを表します。<br>「〜たかと思うと」は、あることが起こったすぐ後に別のことが起こる様子（ようす）を表します。<br>「〜ばかりか」は「〜だけでなく」という意味です。<br>やや難しい応用レベル。ここまで解ければ上位層です。
JLPT_N2_LK_Gr_505,言語知識,文法,文の文法2,2,この図書館には ______ ______ __★__ ______ 本が置いてある。,英語,をはじめとする,多くの,外国語の,外国語の,正解は「外国語の」です。<br>正しい文章（ぶんしょう）は「この図書館には英語をはじめとする外国語の多くの本が置いてある。」となります。<br>「名詞（めいし）＋をはじめとする＋名詞」は、「〜を代表（だいひょう）として」という意味を表（あらわ）します。<br>語順（ごじゅん）は「英語（1） → をはじめとする（2） → 外国語の（4） → 多くの（3）」となります。したがって、★（3番目）に入る語句は「外国語の」になります。<br>よく出る基本レベル。パターンで覚えてしまいましょう。
JLPT_N2_LK_Gr_506,言語知識,文法,文の文法2,4,彼の ______ ______ __★__ ______ ありえない。,協力,ぬきでは,プロジェクトの,成功は,プロジェクトの,正解は「プロジェクトの」です。<br>正しい文章（ぶんしょう）は「彼の協力ぬきではプロジェクトの成功はありえない。」となります。<br>「名詞（めいし）＋ぬきでは」は、「もし〜がなかったら、あとのことが成り立たない」という意味を表（あらわ）します。<br>語順（ごじゅん）は「協力（1） → ぬきでは（2） → プロジェクトの（3） → 成功は（4）」となります。したがって、★（3番目）に入る語句は「プロジェクトの」になります。<br>応用レベル。一度で正解できたら自信を持ってよい問題です。
JLPT_N2_LK_Gr_507,言語知識,文法,文の文法2,1,先生が ______ ______ __★__ ______ 合格できた。,教えてくれた,親切に,おかげで,試験に,おかげで,正解は「おかげで」です。<br>正しい文章（ぶんしょう）は「先生が親切に教えてくれたおかげで試験に合格できた。」となります。<br>「動詞（どうし）＋おかげで」は、「〜が良い理由（りゆう）となって良い結果（けっか）になった」という感謝（かんしゃ）を表（あらわ）します。<br>語順（ごじゅん）は「親切に（2） → 教えてくれた（1） → おかげで（3） → 試験に（4）」となります。したがって、★（3番目）に入る語句は「おかげで」になります。<br>落とせない基礎レベル。確実に正解しておきましょう。
JLPT_N2_LK_Gr_508,言語知識,文法,文章の文法,3,当店（とうてん）では、明日（あした）から秋の感謝（かんしゃ）セールを開催（かいさい）いたします。全商品（ぜんしょうひん）が20％オフとなる大変（たいへん）お得（とく）な期間（きかん）です。 ______ 、セール期間中（ちゅう）は混雑（こんざつ）が予想（よそう）されるため、入場（にゅうじょう）制限（せいげん）を行う場合（ばあい）がございます。空欄に入る最も適切なものを選びなさい。,なお,なぜなら,つまり,ただし,なお,正解は「なお」です。<br>「なお」は、前に述べた文に対して、さらに補足（ほそく）情報や注意（ちゅうい）事項（じこう）を付け加えるときに使う接続詞（せつぞくし）です。<br>「なぜなら」は理由（りゆう）を説明（せつめい）するときに使います。<br>「つまり」は要約（ようやく）や言い換えをするときに使います。<br>「ただし」は条件（じょうけん）や例外（れいがい）を詳しく言うときに使います。<br>実際の試験でよく問われる標準レベルの問題です。
JLPT_N2_LK_Gr_509,言語知識,文法,文章の文法,5,地域の伝統（でんとう）行事（ぎょうじ）は、過疎化（かそか）や高齢化（こうれいか）の影響（えいきょう）で存続（そんぞく）が危ぶまれている。しかし、この貴重（きちょう）な文化（ぶんか）を ______ とする若者（わかもの）たちの熱心（ねっしん）な活動（かつどう）により、少しずつ活気（かっき）を取り戻しつつある。空欄に入る最も適切なものを選びなさい。,衰退させまい,衰退させるわけにはいかない,衰退させるにちがいない,衰退させるべきだ,衰退させまい,正解は「衰退させまい」です。<br>「〜まい」は「〜しないでおこう」という否定（ひてい）の意志（いし）を表（あらわ）します。「〜まいとする」の形で「〜しないように努力（どりょく）する」という意味になり、「衰退（すいたい）させまいとする」で「衰退させないようにしようとする」という意味になるため正しいです。<br>「〜わけにはいかない」や「〜にちがいない」、「〜べきだ」は後ろの「とする」に直接（ちょくぜん）つなぐ形として不自然（ふしぜん）です。<br>発展レベル。N1にもつながる難問です。今は「こんな表現もある」と知っておけば十分。
JLPT_N2_LK_Gr_510,言語知識,文法,文の文法1,3,市民の強い要望 ______ 、新しい図書館が建設されることになった。,に応えて,にもかかわらず,に基づいて,に際して,に応えて,正解は「に応えて」です。<br>「〜に応（こた）えて」は、「期待（きたい）や要望（ようぼう）に合わせて行動する」という意味を表（あらわ）します。<br>「〜にもかかわらず」は「〜なのに」という反対（はんたい）の結果（けっか）を表します。<br>「〜に基（もと）づいて」は基準（きじゅん）や事実（じじつ）をもとにする時に使います。<br>「〜に際（さい）して」は特別なことをする直前（ちょくぜん）に使います。<br>標準レベル。前後の文脈をていねいに読むのがコツです。
JLPT_N2_LK_Gr_511,言語知識,文法,文の文法1,1,毎日しっかり練習しているのだから、次の試合は彼らのチームが勝つ ______ 。,にちがいない,わけがない,おそれがある,かもしれない,にちがいない,正解は「にちがいない」です。<br>「〜にちがいない」は、「きっと〜だと思う」と強く推測（すいそく）するときに使います。<br>「〜わけがない」は「絶対に〜ない」という強い否定（ひてい）を表します。<br>「〜おそれがある」は悪いことが起きる可能性（かのうせい）を表します。<br>「〜かもしれない」は推測（すいそく）の気持ちが弱いです。<br>N2の土台になる文法です。迷わず選べるようにしておきたいところ。
JLPT_N2_LK_Gr_512,言語知識,文法,文の文法1,5,大型台風の接近により、イベントは中止を ______ 。,余儀なくされた,余儀なくさせた,禁じえなかった,避けるしかなかった,余儀なくされた,正解は「余儀なくされた」です。<br>「〜を余儀（よぎ）なくされる」は、「自分の意志（いし）ではなく、他（ほか）の理由（りゆう）で仕方（しかた）なく〜という状態（じょうたい）にされる」という意味を表（あらわ）します。「中止（ちゅうし）を余儀なくされた」で「仕方なく中止にされた」という意味になります。<br>「〜を余儀なくさせた」は主語（しゅご）が「台風」などの原因（げんいん）になるときに使います。<br>「〜を禁（きん）じえなかった」は感情（かんじょう）をおさえられない時に使います。<br>「〜避（さ）けるしかなかった」は意味が近いですが、「中止を〜」に直接（ちょくぜん）つなぐ形として不自然（ふしぜん）です。<br>発展レベル。かなり難しいので、間違えても落ち込む必要はありません。
JLPT_N2_LK_Gr_513,言語知識,文法,文の文法1,2,年を取る ______ 、体の健康に気をつけるようになった。,につれて,に向かって,をこめて,を目的に,につれて,正解は「につれて」です。<br>「〜につれて」は、「一方（いっぽう）の変化（へんか）と一緒に、もう一方も変化する」という意味を表（あらわ）します。<br>「〜に向（む）かって」は方向（ほうこう）や目標（もくひょう）を表します。<br>「〜をこめて」は気持ちを入れる時に使います。<br>「〜を目的に」は理由（りゆう）や目的を表します。<br>変化（へんか）を表す基本的な問題です。<br>基本レベル。意味の違いを一度整理しておくと安心です。
JLPT_N2_LK_Gr_514,言語知識,文法,文の文法2,4,一度引き受けた ______ ______ __★__ ______ 責任を持って最後までやるべきだ。,仕事である,からには,自分の,途中で投げ出さず,からには,正解は「からには」です。<br>正しい文章（ぶんしょう）は「一度引き受けた自分の仕事であるからには途中で投げ出さず責任を持って最後までやるべきだ。」となります。<br>「名詞（めいし）＋である＋からには」は、「〜という強い理由（りゆう）があるのだから、当然（とうぜん）〜するべきだ」という意味を表（あらわ）します。<br>語順（ごじゅん）は「自分（じぶん）の（3） → 仕事（しごと）である（1） → からには（2） → 途中で投げ出さず（4）」となります。したがって、★（3番目）に入る語句は「からには」になります。<br>応用レベル。意外と難しい問題なので、間違えても気にしすぎないこと。
JLPT_N2_LK_Gr_515,言語知識,文法,文の文法2,2,彼は ______ ______ __★__ ______ 多くの友人を作った。,を通して,スポーツ,さまざまな,人々と,さまざまな,正解は「さまざまな」です。<br>正しい文章（ぶんしょう）は「彼はスポーツを通してさまざまな人と多くの友人を作った。」となります。<br>「名詞（めいし）＋を通して（をとおして）」は、「〜を手段（しゅだん）や間接（かんせつ）的なあいだに入れて」という意味を表（あらわ）します。<br>語順（ごじゅん）は「スポーツ（2） → を通して（1） → さまざまな（3） → 人々と（4）」となります。したがって、★（3番目）に入る語句は「さまざまな」になります。<br>基本レベル。確実に得点したい一問です。
JLPT_N2_LK_Gr_516,言語知識,文法,文の文法2,5,今回の調査では ______ ______ __★__ ______ 意見が詳しく分析された。,に至るまで,子どもから,幅広い世代の,お年寄りに,に至るまで,正解は「に至るまで」です。<br>正しい文章（ぶんしょう）は「今回の調査では子どもからお年寄りに至るまで幅広い世代の意見が詳しく分析された。」となります。<br>「〜から〜に至（いた）るまで」は、「〜から〜という広い範囲（はんい）のすべて」という意味を表（あらわ）します。<br>語順（ごじゅん）は「子どもから（2） → お年寄りに（4） → に至るまで（1） → 幅広い世代の（3）」となります。したがって、★（3番目）に入る語句は「に至るまで」になります。<br>発展レベル。硬い書き言葉で使われる表現です。読んで意味が分かれば合格ライン。
JLPT_N2_LK_Gr_517,言語知識,文法,文の文法2,1,この地域では ______ ______ __★__ ______ 抱えている。,をはじめ,人口減少,とする,様々な課題を,とする,正解は「とする」です。<br>正しい文章（ぶんしょう）は「この地域では人口減少をはじめとする様々な課題を抱えている。」となります。<br>「〜をはじめとする」は、「〜を代表（だいひょう）として、その他（た）にも色々（いろいろ）ある」という意味を表（あらわ）します。<br>語順（ごじゅん）は「人口減少（2） → をはじめ（1） → とする（3） → 様々な課題を（4）」となります。したがって、★（3番目）に入る語句は「とする」になります。<br>代表例（だいひょうれい）を挙（あ）げる文法の基本（きほん）的な組み立て問題です。<br>基礎レベル。ここを固めておくと後がぐっと楽になります。
JLPT_N2_LK_Gr_518,言語知識,文法,文章の文法,3,健康を維持するためには、バランスの良い食事、適度な運動、そして十分な睡眠が欠かせない。 ______ 、毎日の生活習慣を整えることが最も大切ちなのだ。空欄に入る最も適切なものを選びなさい。,要するに,例えば,その反面,あるいは,要するに,正解は「要するに」です。<br>「要（よう）するに」は、それまでに述べた内容（ないよう）をまとめて「つまり〜ということだ」と言い換（か）える時に使う接続詞（せつぞくし）です。食事や運動などの話を「生活習慣を整えることだ」と要約（ようやく）しているので正しいです。<br>「例（たと）えば」は具体的（ぐたいてき）な例を挙げるときに使います。<br>「その反面（はんめん）」は反対の性質（せいしつ）を比べるときに使います。<br>「あるいは」は選択（せんたく）を表します。<br>標準レベル。本番で合否を分けやすいタイプの問題です。
JLPT_N2_LK_Gr_519,言語知識,文法,文章の文法,4,近年、若者の活字離れが指摘されているが、SNSなどを通じて文章を読む機会自体はむしろ増えている。単に「本を読まない」ということだけで、現代人の読解力が低下していると結論づける ______ 。空欄に入る最も適切なものを選びなさい。,わけにはいかないだろう,にちがいないだろう,ほかないだろう,ざるを得ないだろう,わけにはいかないだろう,正解は「わけにはいかないだろう」です。<br>「〜わけにはいかない」は、「〜という理由（りゆう）があるから、簡単に〜することはできない」という意味を表（あらわ）します。SNSで文章を読む機会が増えているのだから「簡単に読解力が下がったと結論づけることはできない」という主張（しゅちょう）になるので正しいです。<br>「〜にちがいない」は強く推測（すいそく）するときに使います。<br>「〜ほかない」や「〜ざるを得（え）ない」は「他に方法がないから仕方なく〜する」という意味になり、文脈（ぶんみゃく）に合いません。<br>応用レベル。文脈を最後まで読まないと選びきれないタイプです。
JLPT_N2_LK_Gr_520,言語知識,文法,文の文法1,2,感謝（かんしゃ）の気持ち ______ 手紙を書きました。,をこめて,を通して,をもとに,にともなって,をこめて,正解は「をこめて」です。<br>「〜をこめて」は、「気持ちや願いをその中に入れて」という意味を表（あらわ）します。「感謝（かんしゃ）の気持ちをこめて」という組み合わせでよく使います。<br>「〜を通して（をとおして）」は手段（しゅだん）や期間（きかん）を表します。<br>「〜をもとに」は材料（ざいりょう）や基本（きほん）を表します。<br>「〜にともなって」は一緒（いっしょ）に変化（へんか）することを表します。<br>基本の表現ですが、似た形と混同しやすいので要注意。
JLPT_N2_LK_Gr_521,言語知識,文法,文の文法1,4,こんなに難しい問題は、私には解（と）け ______ 。,っこない,かねない,そうにない,わけがない,っこない,正解は「っこない」です。<br>「〜っこない」は、「絶対に〜できない」「絶対に〜するはずがない」と強い否定（ひてい）を表（あらわ）します。「私には解（と）けっこない」で「絶対に解くことができない」という意味になります。<br>「〜かねない」は「悪い結果（けっか）になる可能性がある」という意味です。<br>「〜そうにない」は可能性が低いことを表しますが、接続（せつぞく）が「解け」という可能（かのう）形（けい）には合いません。<br>「〜わけがない」も接続の形が合わず、「解けるわけがない」となります。<br>やや難しい応用レベル。ここまで解ければ上位層です。
JLPT_N2_LK_Gr_522,言語知識,文法,文の文法1,1,連絡（れんらく）先（さき）が分からないので、連絡（れんらく）の ______ 。,しようがない,しかねない,するほかない,しがちだ,しようがない,正解は「しようがない」です。<br>「〜ようがない」は、「〜する方法（ほうほう）がない」「〜したくてもできない」という意味を表（あらわ）します。「動詞（どうし）のます形（けい）＋ようがない」の形で使います。「連絡のしようがない」は「連絡する方法がない」という意味になります。<br>「〜しかねない」は悪いことが起こる可能性があるという意味です。<br>「〜するほかない」は「それしか方法（ほうほう）がない（それをする）」という意味なので反対になります。<br>「〜がちだ」は回数（かいすう）が多いことを表します。<br>まずここから。絶対に覚えたい基本の形です。
JLPT_N2_LK_Gr_523,言語知識,文法,文の文法1,3,明日は大事（だいじ）な試験（しけん）があるのだから、今夜は遅（おそ）くまで遊（あそ）んでいる ______ 。,わけにはいかない,にちがいない,ほかない,にすぎない,わけにはいかない,正解は「わけにはいかない」です。<br>「〜わけにはいかない」は、「社会（しゃかい）的なルールや立場（たちば）から考えて、〜することはできない」という意味を表（あらわ）します。<br>「〜にちがいない」は強く推測（すいそく）するときに使います。<br>「〜ほかない」は「それしか方法（ほうほう）がない」という意味です。<br>「〜にすぎない」は「ただ〜だけだ」という意味です。<br>標準レベル。ここが安定して解けるとN2合格が見えてきます。
JLPT_N2_LK_Gr_524,言語知識,文法,文の文法2,5,この実験（じっけん）の成功（せいこう）は、 ______ ______ __★__ ______ 重要な意味（いみ）を持つ。,人間の,かかわる,生命に,きわめて,かかわる,正解は「かかわる」です。<br>正しい文章（ぶんしょう）は「この実験の成功は、人間の生命にかかわるきわめて重要な意味を持つ。」となります。<br>「名詞（めいし）＋にかかわる」は、「〜という重大（じゅうだい）なことに関係（かんけい）する」という意味を表（あらわ）します。<br>語順（ごじゅん）は「人間（にんげん）の（1） → 生命（せいめい）に（3） → かかわる（2） → きわめて（4）」となります。したがって、★（3番目）に入る語句は「かかわる」になります。<br>発展レベル。ここは差がつく一問。余裕があれば覚えておきましょう。
JLPT_N2_LK_Gr_525,言語知識,文法,文の文法2,2,今後の予定（よてい）は ______ ______ __★__ ______ 場合（ばあい）があります。,天候,変更に,次第で,なる,変更に,正解は「変更に」です。<br>正しい文章（ぶんしょう）は「今後の予定は天候次第で変更になる場合があります。」となります。<br>「名詞（めいし）＋次第（しだい）で」は、「〜によって決まる」という意味を表（あらわ）します。<br>語順（ごじゅん）は「天候（てんこう）（1） → 次第（しだい）で（3） → 変更（へんこう）に（2） → なる（4）」となります。したがって、★（3番目）に入る語句は「変更に」になります。<br>条件（じょうけん）による変化（へんか）を表す基本的な問題です。<br>よく出る基本レベル。パターンで覚えてしまいましょう。
JLPT_N2_LK_Gr_526,言語知識,文法,文の文法2,3,新しい ______ ______ __★__ ______ 十分な調査（ちょうさ）を行った。,事業を,あたって,始めるに,事前に,あたって,正解は「あたって」です。<br>正しい文章（ぶんしょう）は「新しい事業を始めるにあたって事前に十分な調査を行った。」となります。<br>「動詞（どうし）の辞書形（じしょけい）＋にあたって」は、「〜をする特別な時に」という意味を表（あらわ）します。<br>語順（ごじゅん）は「事業（じぎょう）を（1） → 始（はじ）めるに（3） → あたって（2） → 事前（じぜん）に（4）」となります。したがって、★（3番目）に入る語句は「あたって」になります。<br>実際の試験でよく問われる標準レベルの問題です。
JLPT_N2_LK_Gr_527,言語知識,文法,文の文法2,1,友達（ともだち）が ______ ______ __★__ ______ 無事（ぶじ）に終わりました。,助けて,おかげで,くれた,作業が,おかげで,正解は「おかげで」です。<br>正しい文章（ぶんしょう）は「友達が助けてくれたおかげで作業が無事に終わりました。」となります。<br>「動詞（どうし）の普通形（ふつうけい）＋おかげで」は、「〜が良い理由（りゆう）となって」という感謝（かんしゃ）の気持ちを表（あらわ）します。<br>語順（ごじゅん）は「助（たす）けて（1） → くれた（3） → おかげで（2） → 作業（さぎょう）が（4）」となります。したがって、★（3番目）に入る語句は「おかげで」になります。<br>落とせない基礎レベル。確実に正解しておきましょう。
JLPT_N2_LK_Gr_528,言語知識,文法,文章の文法,4,インターネットの普及（ふきゅう）によって、世界中（せかいじゅう）の情報をすぐに得（え）られるようになった。 ______ 、偽（にせ）の情報に惑（まど）わされるリスクも高まっている。空欄に入る最も適切なものを選びなさい。,その一方で,その結果,その上,それどころか,その一方で,正解は「その一方で」です。<br>「その一方で（いっぽうで）」は、「ある事柄（ことがら）があるのと同時に、別の面（めん）では〜という対立（たいりつ）する事実（じじつ）もある」というときにつなぐ表現（ひょうげん）です。便利（べんり）になった良い面と、リスクが高まった悪い面を比（くら）べているので正しいです。<br>「その結果（けっか）」は因果（いんが）関係（かんけい）を表します。<br>「その上（うえ）」は付け加（くわ）えるときに使います。<br>「それどころか」は前の事柄を強く否定して、さらに極端（きょくたん）なことを言うときに使います。<br>応用レベル。一度で正解できたら自信を持ってよい問題です。
JLPT_N2_LK_Gr_529,言語知識,文法,文章の文法,5,近年（きんねん）、環境（かんきょう）問題（もんだい）への関心（かんしん）が高まっている。一人ひとりが日常（にちじょう）生活（せいかつ）の中でできることから取り組んでいくことが求められている。地球（ちきゅう）の未来（みらい）を守るためには、私たちが行動を ______ 。空欄に入る最も適切なものを選びなさい。,起こさざるを得ないだろう,起こすにすぎないのだろう,起こすわけにはいかないのだろう,起こさないわけにはいかないだろう,起こさないわけにはいかないだろう,正解は「起こさないわけにはいかないだろう」です。<br>「〜ないわけにはいかない」は、「立場（たちば）や義務（ぎむ）から考えて、絶対に〜しなければならない」という意味を表（あらわ）します。地球環境（かんきょう）を守るために行動を起こす義務があるという主張（しゅちょう）になるので正しいです。<br>「〜ざるを得（え）ない」は「嫌（いや）だが〜するしかない」という消極的（しょうきょくてき）なニュアンスがあるため、この積極的（せっきょくてき）な呼びかけには合いません。<br>「〜にすぎない」や「〜わけにはいかない（やってはいけない）」は文脈（ぶんみゃく）に合いません。<br>発展レベル。N1にもつながる難問です。今は「こんな表現もある」と知っておけば十分。
JLPT_N2_LK_Gr_530,言語知識,文法,文の文法1,1,この町は一年 ______ 多くの観光客（かんこうきゃく）が訪（おとず）れます。,を通じて,にかげて,に応じた,に沿って,を通じて,正解は「を通じて」です。<br>「〜を通じて（をつうじて）」は、「その期間（きかん）ずっと」という意味（いみ）を表（あらわ）します。「一年を通じて」で「一年中（いちねんじゅう）」という意味になります。<br>「〜にかけて」は範囲（はんい）を表すので不適切（ふてきてつ）です。<br>「〜に応じた」は変化（へんか）に合わせる時に使います。<br>「〜に沿って（にそって）」は計画（けいかく）や川などに合わせる時に使います。<br>N2の土台になる文法です。迷わず選べるようにしておきたいところ。
JLPT_N2_LK_Gr_531,言語知識,文法,文の文法1,2,今夜から明日の朝 ______ 、強い雨が降るでしょう。,にかげて,にわたって,にあたって,に際して,にかげて,正解は「にかえて」です。<br>「〜にかけて」は、「AからBまでのおおよその時間（じかん）や場所（ばしょ）」を表（あらわ）します。「今夜（こんや）から明日の朝（あさ）」という時間の大まかな範囲（はんい）を示すので正しいです。<br>「〜にわたって」は全体の期間（きかん）や回数（かいすう）の大きさを強調（きょうちょう）する時に使います。<br>「〜にあたって」や「〜に際（さい）して」は、特別な出来事（できごと）をする直前（ちょくぜん）に使う表現（ひょうげん）です。<br>基本レベル。意味の違いを一度整理しておくと安心です。
JLPT_N2_LK_Gr_532,言語知識,文法,文の文法1,3,このまま準備（じゅんび）を怠（おこた）ると、大きな事故（じこ）につながり ______ 。,かねない,がちだ,えない,がたい,かねない,正解は「かねない」です。<br>「〜かねない」は、「悪い結果（けっか）になる可能性がある（かのうせいがある）」という意味を表（あらわ）します。「事故につながるかもしれない」という心配（しんぱい）を表すので正しいです。<br>「〜がちだ」は回数（かいすう）が多いことを表します。<br>「〜えない」は「〜できない」という意味です。<br>「〜がたい」は「〜するのが難しい（むずかしい）」という意味です。<br>標準（ひょうじゅん）的なN2文法の意味を選ぶ問題です。<br>標準レベル。前後の文脈をていねいに読むのがコツです。
JLPT_N2_LK_Gr_533,言語知識,文法,文の文法1,4,彼の成功（せいこう）は、たゆまぬ努力（どりょく）の成果（せいか） ______ 。,にほかならない,にすぎない,にかわらない,に限らない,にほかならない,正解は「にほかならない」です。<br>「〜にほかならない」は、「それ以外（いがい）の何ものでもない」と強い断定（だんてい）を表（あらわ）します。「努力の成果だ」と強調（きょうちょう）しているので正しいです。<br>「〜にすぎない」は「ただ〜だけだ」という意味なので合いません。<br>「〜にかわらない」は文法的に不自然（ふしぜん）です。<br>「〜に限（かぎ）らない」は「〜だけとは言えない」という意味になります。<br>応用レベル。意外と難しい問題なので、間違えても気にしすぎないこと。
JLPT_N2_LK_Gr_534,言語知識,文法,文の文法1,5,医者（いしゃ）として、患者（かんじゃ）の秘密（ひみつ）を外部（がいぶ）に漏（も）らすのは ______ 行為（こうい）だ。,あるまじき,あるはずの,あらざる,ありえない,あるまじき,正解は「あるまじき」です。<br>「〜あるまじき」は、「立場（たちば）や職業（しょくぎょう）から考えて、絶対にやってはいけない」という意味を表（あらわ）します。「名詞（めいし）＋にあるまじき＋名詞」の形で使い、「医者としてやってはいけない行為（こうい）」となるため正しいです。<br>「〜あるはずの」や「〜ありえない」は後ろの名詞に直接（ちょくせつ）つなぐ形として不自然（ふしぜん）です。<br>「〜あらざる」は「〜ではない」という意味の硬い言葉（ことば）で意味が合いません。<br>発展レベル。かなり難しいので、間違えても落ち込む必要はありません。
JLPT_N2_LK_Gr_535,言語知識,文法,文の文法2,1,高齢化（こうれいか）が ______ ______ __★__ ______ 医療費（いりょうひ）の負担（ふたん）が増加（ぞうか）している。,進む,に,伴って,社会で,伴って,正解は「伴って」です。<br>正しい文章（ぶんしょう）は「高齢化が進むに伴って社会で医療費の負担が増加している。」となります。<br>「動詞（どうし）の辞書形（じしょけい）＋に伴（ともな）って」で「〜と一緒に変化（へんか）する」という意味を表（あらわ）します。<br>語順（ごじゅん）は「進（すす）む（1） → に（2） → 伴（ともな）って（3） → 社会（しゃかい）で（4）」となります。したがって、★（3番目）に入る語句は「伴って」になります。<br>これは接続の形を確かめる基礎（きそ）的なレベルの問題です。<br>基礎レベル。ここを固めておくと後がぐっと楽になります。
JLPT_N2_LK_Gr_536,言語知識,文法,文の文法2,2,どんなに ______ ______ __★__ ______ 会社を休むわけにはいかない。,大事な,会議が,あっても,忙しくても,会議が,正解は「会議が」です。<br>正しい文章（ぶんしょう）は「どんなに忙しくても大事な会議があっても会社を休むわけにはいかない。」となります。<br>「どんなに〜ても」の形と「〜わけにはいかない（義務（ぎむ）や理由（りゆう）があって〜できない）」を組み合わせます。<br>語順（ごじゅん）は「忙（いそが）しくても（4） → 大事（だいじ）な（1） → 会議（かいぎ）が（2） → あっても（3）」となります。したがって、★（3番目）に入る語句は「会議が」になります。<br>基本レベル。確実に得点したい一問です。
JLPT_N2_LK_Gr_537,言語知識,文法,文の文法2,3,新しい ______ ______ __★__ ______ 議論（ぎろん）が続（つづ）いている。,空港の,建設を,めぐって,住民の間で,めぐって,正解は「めぐって」です。<br>正しい文章（ぶんしょう）は「新しい空港の建設をめぐって住民の間で議論が続いている。」となります。<br>「名詞（めいし）＋をめぐって」は「〜を中心（ちゅうしん）にして争（あらそ）いや議論（ぎろん）が起こる」という意味を表（あらわ）します。<br>語順（ごじゅん）は「空港（くうこう）の（1） → 建設（けんせつ）を（2） → めぐって（3） → 住民（じゅうみん）の間（あいだ）で（4）」となります。したがって、★（3番目）に入る語句は「めぐって」になります。<br>標準レベル。本番で合否を分けやすいタイプの問題です。
JLPT_N2_LK_Gr_538,言語知識,文法,文章の文法,4,最近（さいきん）はAI技術（ぎじゅつ）が進歩（しんぽ）し、翻訳（ほんやく）の精度（せいど）が向上（こうじょう）している。 ______ 、完璧（かんぺき）な翻訳ができるわけではなく、人間の確認（かくにん）は不可欠（ふかけつ）だ。空欄に入る最も適切なものを選びなさい。,だからといって,したがって,それどころか,その結果,だからといって,正解は「だからといって」です。<br>「だからといって」は、「〜という理由（りゆう）があっても、だからといって一概（いちがい）に〜とは言えない」という逆説（ぎゃくせつ）的な判断（はんだん）を表（あらわ）します。AIが進歩しても「完璧だとは言えない」と後ろで打ち消（け）しているので正しいです。<br>「したがって」や「その結果（けっか）」は順接（じゅんせつ）の接続詞（せつぞくし）なので文脈（ぶんみゃく）に合いません。<br>「それどころか」は前の事柄（ことがら）をさらに強く否定（ひてい）・強調するときに使います。<br>応用レベル。文脈を最後まで読まないと選びきれないタイプです。
JLPT_N2_LK_Gr_539,言語知識,文法,文章の文法,5,グローバル化が進む現代社会（げんだいしゃかい）において、異文化（いぶんか）を理解（りかい）する姿勢（しせい）は、かつてないほど重要（じゅうよう）になってきている。互（たが）いの違（ちが）いを認（みと）め合うことこそが、平和（へいわ）への第一歩（だいいっぽ）である ______ 。空欄に入る最も適切なものを選びなさい。,と言っても過言ではない,と言わざるを得ない,にすぎないのではないか,にほかならないわけではない,と言っても過言ではない,正解は「と言っても過言ではない」です。<br>「〜と言（い）っても過言（かごん）ではない」は、「〜と言っても言い過ぎではない（まさにその通りだ）」と強く評価（ひょうか）・主張（しゅちょう）する文末（ぶんまつ）表現（ひょうげん）です。<br>「〜と言わざるを得（え）ない」は「本当（ほんとう）は避けたいが、〜と言わなければならない」という消極的（しょうきょくてき）なニュアンスになります。<br>「〜にすぎない」や「〜わけではない」は否定的な意味になり文脈に合いません。<br>発展レベル。硬い書き言葉で使われる表現です。読んで意味が分かれば合格ライン。
JLPT_N2_LK_Gr_540,言語知識,文法,文の文法1,3,どんなに苦（くる）しくても、最後まで諦める（あきらめる） ______ 。,べきではない,わけがない,はずがない,に違いない,べきではない,この問題（もんだい）は標準（ひょうじゅん）的なレベルの問題です。<br>正解（せいかい）は「べきではない」です。「〜してはいけない / 〜しない方がいい」という義務（ぎむ）や忠告（ちゅうこく）を表（あらわ）します。<br>「わけがない」と「はずがない」は「絶対に〜ない」という強い否定（ひてい）の推測（すいそく）なので文脈（ぶんみゃく）に合いません。<br>「に違いない（にちがいない）」は「きっと〜だ」という強い確信（かくしん）を表すので不自然（ふしぜん）です。<br>標準レベル。ここが安定して解けるとN2合格が見えてきます。
JLPT_N2_LK_Gr_541,言語知識,文法,文の文法1,1,雨が降（ふ）らない ______ 、野菜（やさい）の値段（ねだん）が高くなっている。,せいで,おかげで,とおりに,次第で,せいで,この問題はとても基本（きほん）的なレベルの問題です。<br>正解は「せいで」です。「〜が原因（げんいん）で悪い結果（けっか）になった」という意味を表します。<br>「おかげで」は良い結果のときに使うので不自然です。<br>「とおりに」は「〜と同じように」という意味なので合いません。<br>「次第（しだい）で」は「〜によって決まる」という意味なので不適切（ふてきせつ）です。<br>まずここから。絶対に覚えたい基本の形です。
JLPT_N2_LK_Gr_542,言語知識,文法,文の文法1,5,失敗（しっぱい）を恐れる（おそれる） ______ 、新しいことに挑戦（ちょうせん）できないでいる。,あまり,のみならず,かたがた,がてら,あまり,正解は「あまり」です。「とても〜すぎるために（悪い結果になる）」という意味を表します。感情（かんじょう）や状態（じょうたい）を表す言葉につきます。<br>「のみならず」は「〜だけでなく」という意味なので合いません。<br>「かたがた」は「〜の目的（もくてき）も兼ねて（かねて）」という意味の挨拶（あいさつ）表現なので不自然です。<br>「がてら」は「〜するついでに」という意味なので不適切です。<br>発展レベル。ここは差がつく一問。余裕があれば覚えておきましょう。
JLPT_N2_LK_Gr_543,言語知識,文法,文の文法1,2,この部屋（へや）には、許可（きょか）なく入る ______ 。,べからず,ことになっている,わけにはいかない,おそれがある,べからず,この問題は基礎（きそ）的な文法問題です。<br>正解は「べからず」です。「〜してはいけない」という強い禁止（きんし）を表す掲示（けいじ）やルールで使う表現です。<br>「ことになっている」は予定（よてい）や規則（きそく）を表しますが、強い禁止の決まり文句としては「べからず」が適切です。<br>「わけにはいかない」は個人的（こじんてき）な立場（たちば）から〜できないという意味なので合いません。<br>「おそれがある」は「悪いことが起こるかもしれない」という意味なので不自然です。<br>基本の表現ですが、似た形と混同しやすいので要注意。
JLPT_N2_LK_Gr_544,言語知識,文法,文の文法1,4,最新（さいしん）のデータ ______ 、今後の計画（けいかく）を立てる。,に基づいて,に応じて,に際して,に反して,に基づいて,正解は「に基づいて（にもとづいて）」です。「〜を基準（きじゅん）や土台（どだい）にして」という意味を表します。<br>「に応じて（におうじて）」は「〜の変化（へんか）に合わせて」という意味なので不自然です。<br>「に際して（にさいして）」は「〜するときに」という意味なので合いません。<br>「に反して（にはんして）」は「〜と反対（はんたい）に」という意味なので間違いです。<br>やや難しい応用レベル。ここまで解ければ上位層です。
JLPT_N2_LK_Gr_545,言語知識,文法,文の文法2,2,彼は ______ ______ __★__ ______ 合格した。,体調を,くずしていた,にもかかわらず,試験に,にもかかわらず,この問題は基本（きほん）的な並べ替え問題です。<br>正しい並べ替えは「彼は 体調を[1] くずしていた[2] にもかかわらず[3] 試験に[4] 合格した。」となります。<br>「〜にもかかわらず」は「〜なのに」という逆接（ぎゃくせつ）を表します。「体調をくずしていた」の後ろにつながります。したがって、3番目（★）に入るのは「にもかかわらず」です。<br>よく出る基本レベル。パターンで覚えてしまいましょう。
JLPT_N2_LK_Gr_546,言語知識,文法,文の文法2,4,どれほど ______ ______ __★__ ______ 諦めてはいけない。,困難な,状況に,あろうと,途中で,あろうと,この問題は応用（おうよう）的な並べ替え問題です。<br>正しい並べ替えは「どれほど 困難な[1] 状況に[2] あろうと[3] 途中で[4] 諦めてはいけない。」となります。<br>「〜にあろうと」は「〜という状態（じょうたい）であっても」という意味を表します。「どれほど〜ても」という形を作ります。したがって、3番目（★）に入るのは「あろうと」です。<br>応用レベル。一度で正解できたら自信を持ってよい問題です。
JLPT_N2_LK_Gr_547,言語知識,文法,文の文法2,3,理由の ______ ______ __★__ ______ 許されない。,いかんを,問わず,どのような,不正行為も,どのような,この問題は標準（ひょうじゅん）的な並べ替え問題です。<br>正しい並べ替えは「理由の いかんを[1] 問わず[2] どのような[3] 不正行為も[4] 許されない。」となります。<br>「〜いかんを問わず（いかんをとわず）」は「〜がどうであっても関係（かんけい）なく」という意味を表します。後ろには「どのような〜も」がつながります。したがって、3番目（★）に入るのは「どのような」です。<br>実際の試験でよく問われる標準レベルの問題です。
JLPT_N2_LK_Gr_548,言語知識,文法,文章の文法,1,最近は、若者の間でレトロなデザインのカメラが人気を集めている。スマホで手軽に写真が撮れる時代になった。 ______ 、あえて手間のかかるフィルムカメラを選ぶ人が増えているのだ。,しかし,だから,なぜなら,たとえば,しかし,この問題は基本（きほん）的な文章の問題です。<br>正解は「しかし」です。前の文で「スマホで手軽（てがる）に撮れる」と述べていますが、後ろの文では「手間のかかるカメラを選ぶ人が増えている」という反対の内容を言っているので、逆説（ぎゃくせつ）の「しかし」が合います。<br>「だから」は結果（けっか）を表すので不自然です。<br>「なぜなら」は理由（りゆう）を表すので合いません。<br>「たとえば」は例（れい）をあげるときに使うので不適切です。<br>落とせない基礎レベル。確実に正解しておきましょう。
JLPT_N2_LK_Gr_549,言語知識,文法,文章の文法,5,環境（かんきょう）問題への取り組みは、一企業の努力だけで解決できるものではない。一人ひとりが意識を変え、日常生活の中で持続可能な行動を実践していく必要がある。地球の未来を守るためには、私たち自身の行動 ______ と言えるだろう。,にかかっている,にすぎない,にほかならない,に決まっている,にかかっている,正解は「にかかっている」です。「〜にかかっている」は「〜によって結果（けっか）が決まる」という意味を表します。<br>「にすぎない」は「ただ〜だけだ」という意味なので文脈に合いません。<br>「にほかならない」は「まさに〜だ（断定）」という意味ですが、「〜ためには」という目的（もくてき）の文節（ぶんせつ）と接続（せつぞく）が合いません。<br>「に決まっている」は確信（かくしん）を表しますが、文章の締めくくり（しめくくり）として不自然です。<br>発展レベル。N1にもつながる難問です。今は「こんな表現もある」と知っておけば十分。
JLPT_N2_LK_Gr_550,言語知識,文法,文の文法1,1,彼はスポーツ ______ すばらしい成績（せいせき）を残（のこ）した。,において,に基づいて,に沿って,に応じで,において,この問題（もんだい）は基本（きほん）的な文法（ぶんぽう）です。<br>正解（せいかい）は「において」です。「〜で / 〜の分野（ぶんや）で」という意味（いみ）を表（あらわ）します。名詞（めいし）につきます。<br>「に基づいて（にもとづいて）」は「〜を基準（きじゅん）にして」という意味なので合いません。<br>「に沿って（にそって）」は「〜の計画（けいかく）や方針（ほうしん）に合わせて」という意味なので不自然（ふしぜん）です。<br>「に応じて（におうじて）」は「〜の変化（へんか）に合わせて」という意味なので間違い（まちがい）です。<br>N2の土台になる文法です。迷わず選べるようにしておきたいところ。
JLPT_N2_LK_Gr_551,言語知識,文法,文の文法1,3,皆（みな）さんの協力（きょうりょく） ______ 、この成功（せいこう）はあり得（え）なかった。,を抜きにしては,を通じては,を巡っては,を背景に,を抜きにしては,正解は「を抜きにしては（をぬきにしては）」です。「〜がなかったら / 〜を除（のぞ）いては」という意味を表し、後ろには否定（ひてい）や不可能なことを表す表現が来ます。<br>「を通じては（をつうじては）」は「〜を間に挟んで（はさんで）」という意味なので文脈（ぶんみゃく）に合いません。<br>「を巡っては（をめぐっては）」は「〜について議論（ぎろん）や対立（たいりつ）がある」という意味なので不自然です。<br>「を背景（はいけい）に」は「〜という事情（じじょう）があって」という意味なので不適切（ふてきせつ）です。<br>標準レベル。前後の文脈をていねいに読むのがコツです。
JLPT_N2_LK_Gr_552,言語知識,文法,文の文法1,4,厳しい（きびしい）情勢（じょうせい） ______ 、彼（かれ）は冷静（れいせい）さを失（うしな）わなかった。,にあって,に即して,にかかわって,にも増して,にあって,この問題は応用（おうよう）的なレベルの問題です。<br>正解は「にあって」です。「〜という特別な状況（じょうきょう）や立場（たちば）で」という意味を表す硬い（かたい）表現です。<br>「に即して（にそくして）」は「〜の事実（じじつ）やルールに合わせて」という意味なので合いません。<br>「にかかわって」は「〜に関係（かんけい）して / 〜に影響（えいきょう）して」という意味なので不自然です。<br>「にも増して（にもまして）」は「〜以上に」という比較（ひかく）を表すので間違いです。<br>応用レベル。意外と難しい問題なので、間違えても気にしすぎないこと。
JLPT_N2_LK_Gr_553,言語知識,文法,文の文法1,2,彼は日本に住（す）んで長い ______ 、あまり日本語が話（はな）せない。,にしては,に基づいて,に反して,に伴って,にしては,正解は「にしては」です。「〜という事実（じじつ）から予想（よそう）されることと違って（ちがって）」という意味を表します。<br>「に基づいて（にもとづいて）」は「〜を元にして」という意味なので合いません。<br>「に反して（にはんして）」は名詞につく表現で、「予想や期待（きたい）と逆（ぎゃく）に」という意味なので接続（せつぞく）が違います。<br>「に伴って（にともなって）」は「〜と一緒に変化（へんか）する」という意味なので不自然です。<br>基本レベル。意味の違いを一度整理しておくと安心です。
JLPT_N2_LK_Gr_554,言語知識,文法,文の文法1,5,夢（ゆめ）を実現（じつげん）させ ______ 、彼（かれ）は昼夜（ちゅうや）を問（と）わず働き続けた。,んがため,まじく,ぬがゆえに,つつも,んがため,正解は「んがため」です。「〜という強い目的（もくてき）のために」という意味を表す古い硬い表現です。動詞（どうし）のナイ形につきます（「する」は「せんがため」）。<br>「まじく」は「〜してはいけない / 〜できない」という意味の否定推測（ひていすいそく）なので合いません。<br>「ぬがゆえに」は理由（りゆう）を表す古風な形ですが、文脈（ぶんみゃく）に合いません。<br>「つつも」は「〜と思いながらも（逆接）」という意味なので不適切です。<br>発展レベル。かなり難しいので、間違えても落ち込む必要はありません。
JLPT_N2_LK_Gr_555,言語知識,文法,文の文法2,3,______ ______ __★__ ______ 人が集まった。,大勢の,降っている,にもかかわらず,雨が,にもかかわらず,この問題は標準（ひょうじゅん）的な並べ替え問題です。<br>正しい並べ替えは「雨が[4] 降っている[2] にもかかわらず[3] 大勢の[1] 人が集まった。」となります。<br>「〜にもかかわらず」は「〜なのに / 〜という状況（じょうきょう）に関係なく」という意味です。「降っている」の後ろにつながります。したがって、3番目（★）に入るのは「にもかかわらず」です。<br>標準レベル。本番で合否を分けやすいタイプの問題です。
JLPT_N2_LK_Gr_556,言語知識,文法,文の文法2,5,______ ______ __★__ ______ 自己管理を怠ってはならない。,者は,常に,プロの,選手たる,者は,正しい並べ替えは「プロの[3] 選手たる[4] 者は[1] 常に[2] 自己管理を怠（おこた）ってはならない。」となります。<br>「〜たる」は「〜という立場（たちば）や資格（しかく）を持つ」という意味の硬い（かたい）表現で、名詞と名詞をつなぎます（「選手たる者」）。「者（もの）は」の後ろに副詞（ふくし）の「常に」がつながります。したがって、3番目（★）に入るのは「者は」です。<br>発展レベル。硬い書き言葉で使われる表現です。読んで意味が分かれば合格ライン。
JLPT_N2_LK_Gr_557,言語知識,文法,文の文法2,1,______ ______ __★__ ______ しまった。,本を,友達に,なくして,借りた,本を,この問題は基本（きほん）的な並べ替え問題です。<br>正しい並べ替えは「友達に[2] 借りた[4] 本を[1] なくして[3] しまった。」となります。<br>「借りた」が修飾（しゅうしょく）する名詞「本を」が入り、動詞「なくしてしまった」へつながります。非常に基本（きほん）的な文の組み立てです。したがって、3番目（★）に入るのは「本を」です。<br>基礎レベル。ここを固めておくと後がぐっと楽になります。
JLPT_N2_LK_Gr_558,言語知識,文法,文章の文法,2,読書（どくしょ）は、知見（ちけん）を広げるだけでなく、思考力（しこうりょく）を高める効果（こうか）もあります。 ______ 、毎日少しずつでも本を読む習慣（しゅうかん）をつけることが大切（たいせつ）です。,したがって,しかし,なぜなら,たとえば,したがって,この問題は標準（ひょうじゅん）的でわかりやすい文章の問題です。<br>正解は「したがって」です。前の文で「読書には良い効果（こうか）がある」という理由（りゆう）を述べ、後ろの文で「だから〜することが大切だ」という結論（けつろん）を導（みちび）いているので、結果（けっか）・結論を表す「したがって」が適（てき）しています。<br>「しかし」は逆説（ぎゃくせつ）なので合いません。<br>「なぜなら」は理由（りゆう）を後から説明（せつめい）するときに使うので不自然です。<br>「たとえば」は例（れい）をあげるときに使うので間違いです。<br>基本レベル。確実に得点したい一問です。
JLPT_N2_LK_Gr_559,言語知識,文法,文章の文法,4,近年、若者の活字離れ（かつじばなれ）が叫（さけ）ばれている。 ______ 、本当に読書量が減（へ）っているのかというと、電子書籍（でんししょせき）の普及（ふきゅう）を考慮（こうりょ）すれば一概（いちがい）には言えない。,果たして,まさに,決して,あいにく,果たして,正解は「果たして（はたして）」です。「果たして〜だろうか / 〜だろうか（疑問（ぎもん））」の形で、「本当にそうなのだろうか」と疑問（ぎもん）や疑い（うたがい）を投げかける（なげかける）表現です。<br>「まさに」は「ちょうど / 本当に（強調（きょうちょう））」という意味なので合いません。<br>「決して」は後ろに打ち消し（否定）の言葉が来るため接続が不適切です。<br>「あいにく」は都合（つごう）が悪いとき（残念（ざんねん）な気持ち）に使うので不自然です。<br>応用レベル。文脈を最後まで読まないと選びきれないタイプです。
JLPT_N2_LK_Gr_560,言語知識,文法,文の文法1,2,散々（さんざん）迷（まよ）った ______ 、結局（けっきょく）何も買わなかった。,あげく,おかげで,とおりに,次第,あげく,この問題（もんだい）は基本（きほん）的なN2文法です。<br>正解（せいかい）は「あげく」です。「いろいろ〜したあとに、悪い結果（けっか）になった」という意味（いみ）を表（あらわ）します。動詞（どうし）のた形（けい）＋「あげく」の形で使います。<br>「おかげで」は良い結果のときに使うので不自然（ふしぜん）です。<br>「とおりに」は「同じように」という意味なので合いません。<br>「次第（しだい）」は「〜したらすぐに」という意味なので間違い（まちがい）です。<br>基本の表現ですが、似た形と混同しやすいので要注意。
JLPT_N2_LK_Gr_561,言語知識,文法,文の文法1,4,申し訳ございませんが、私の立場（たちば）では判断（はんだん） ______ 。,かねます,得ます,かねません,かねました,かねます,正解は「かねます」です。「〜かねる」は「〜するのが難しい / 〜できない」という意味の丁寧（ていねい）な表現（ひょうげん）です。動詞のます形から「ます」をとった形につきます。<br>「得（え）ます」は「〜できる」という意味なので文脈（ぶんみゃく）に合いません。<br>「かねません」は「〜するかもしれない（悪いこと）」という意味なので不適切（ふてきせつ）です。<br>「かねました」は過去形（かこけい）なのでここでは使いません。<br>やや難しい応用レベル。ここまで解ければ上位層です。
JLPT_N2_LK_Gr_562,言語知識,文法,文の文法1,1,日本の歴史（れきし） ______ 調（しら）べています。,について,にあたって,に沿って,に反して,について,この問題はとても基本（きほん）的な問題です。<br>正解は「について」です。「〜をテーマとして」という意味を表します。<br>「にあたって」は「〜をするときに（特別な準備（じゅんび）をする）」という意味なので不自然です。<br>「に沿（そ）って」は「〜の計画（けいかく）やルール通りに」という意味なので合いません。<br>「に反（はん）して」は「〜と反対（はんたい）に」という意味なので間違いです。<br>まずここから。絶対に覚えたい基本の形です。
JLPT_N2_LK_Gr_563,言語知識,文法,文の文法1,3,このプロジェクトは我が社（しゃ） ______ 非常に重要（じゅうよう）な意味（いみ）を持っている。,にとって,に向けて,に応じて,に際して,にとって,正解は「にとって」です。「〜の立場（たちば）から見ると / 〜の評価（ひょうか）では」という意味を表します。<br>「に向けて（にむけて）」は「〜を目標（もくひょう）にして」という意味なので合いません。<br>「に応じて（におうじて）」は「〜に合わせて変化（へんか）する」という意味なので不自然です。<br>「に際して（にさいして）」は「〜するときに」という意味なので不適切です。<br>標準レベル。ここが安定して解けるとN2合格が見えてきます。
JLPT_N2_LK_Gr_564,言語知識,文法,文の文法1,5,今年の景気（けいき）は、後半（こうはん）にかけて徐々（じょじょ）に回復（かいふく）していく ______ 。,ものと思われる,ことになっている,わけにはいかない,ことはない,ものと思われる,正解は「ものと思われる」です。「〜だと考えられる」という客観（きゃっかん）的な推測（すいそく）を表す硬い（かたい）表現です。<br>「ことになっている」は規則（きそく）や予定（よてい）を表すため不自然です。<br>「わけにはいかない」は「理由（りゆう）があって〜できない」という意味なので合いません。<br>「ことはない」は「〜する必要（ひつよう）はない」という意味なので間違いです。<br>発展レベル。ここは差がつく一問。余裕があれば覚えておきましょう。
JLPT_N2_LK_Gr_565,言語知識,文法,文の文法2,2,彼は ______ ______ __★__ ______ 部屋を出て行った。,一言も,言わずに,言葉を,お礼の,一言も,この問題は基本（きほん）的な並べ替え問題です。<br>正しい並べ替えは「彼は お礼の[4] 言葉を[3] 一言も[1] 言わずに[2] 部屋を出て行った。」となります。<br>「一言も〜ない（ひとことも〜ない）」で否定（ひてい）を強調（きょうちょう）します。「お礼の言葉（おれいのことば）」というつながりから自然（しぜん）な文を作ります。したがって、3番目（★）に入るのは「一言も」です。<br>よく出る基本レベル。パターンで覚えてしまいましょう。
JLPT_N2_LK_Gr_566,言語知識,文法,文の文法2,4,どんなに ______ ______ __★__ ______ 後悔するだろう。,あろうとも,困難な,途中であきらめれば,状況に,あろうとも,この問題は応用（おうよう）的な並べ替え問題です。<br>正しい並べ替えは「どんなに 困難な[2] 状況に[4] あろうとも[1] 途中であきらめれば[3] 後悔するだろう。」となります。<br>「〜にあろうとも」は「〜という状態（じょうたい）であっても」という意味の硬い（かたい）表現です。「どんなに〜ても」という条件（じょうけん）を作ります。したがって、3番目（★）に入るのは「あろうとも」です。<br>応用レベル。一度で正解できたら自信を持ってよい問題です。
JLPT_N2_LK_Gr_567,言語知識,文法,文の文法2,3,失敗を ______ ______ __★__ ______ 成長することはできない。,避けていては,恐れる,あまり,挑戦することを,挑戦することを,この問題は標準（ひょうじゅん）的な並べ替え問題です。<br>正しい並べ替えは「失敗を 恐れる[2] あまり[3] 挑戦することを[4] 避けていては[1] 成長することはできない。」となります。<br>「〜あまり」は「とても〜すぎるために（悪い結果になる）」という意味です。動詞の辞書形（じしょけい）につくので「恐れる（おそれる）あまり」となります。したがって、3番目（★）に入るのは「挑戦することを」です。<br>実際の試験でよく問われる標準レベルの問題です。
JLPT_N2_LK_Gr_568,言語知識,文法,文章の文法,1,健康（けんこう）のために運動（うんどう）を始める人が増えています。ウォーキングなどは手軽（てがる）にできる運動です。 ______ 、無理（むり）な運動は怪我（けが）のもとになるので注意（ちゅうい）が必要です。,しかし,だから,なぜなら,たとえば,しかし,この問題は基本（きほん）的な接続詞（せつぞくし）の問題です。<br>正解は「しかし」です。前の文では運動の良い点を述べていますが、後ろの文では「注意が必要だ」という反対の内容を言っているので、逆説（ぎゃくせつ）の「しかし」が合います。<br>「だから」は結果を言うときに使うので不自然です。<br>「なぜなら」は理由を言うときに使うので合いません。<br>「たとえば」は例（れい）を出すときに使うので不適切です。<br>落とせない基礎レベル。確実に正解しておきましょう。
JLPT_N2_LK_Gr_569,言語知識,文法,文章の文法,5,近年のAI技術の発達には目を見張るものがある。社会の便利さが増す一方で、人間の仕事が奪われる懸念（けねん）も存在する。技術の進歩をただ受け入れる ______ 、人間ならではの役割とは何かを考え直す時期に来ているのではないだろうか。,だけにとどまらず,にすぎず,に際して,のもとで,だけにとどまらず,正解は「だけにとどまらず」です。「〜だけにとどまらず…」は「〜の範囲（はんい）だけで終わらないで、さらに…」という意味を表します。<br>「にすぎず」は「〜にすぎない（ただ〜だけだ）」という意味なので文脈に合いません。<br>「に際して（にさいして）」は「〜するときに」という意味なので不自然です。<br>「のもとで」は「〜の指導（しどう）や影響（えいきょう）を受けて」という意味なので不適切です。<br>発展レベル。N1にもつながる難問です。今は「こんな表現もある」と知っておけば十分。
JLPT_N2_LK_Gr_570,言語知識,文法,文の文法1,1,お申し込みの ______ 、こちらの書類（しょるい）をご提出（ていしゅつ）ください。,際,最中,あまり,たび,際,この問題（もんだい）は基本（きほん）的な文法（ぶんぽう）です。<br>正解（せいかい）は「際（さい）」です。「〜際（に）」は「〜のとき」という意味（いみ）で、丁寧（ていねい）な表現（ひょうげん）です。名詞（めいし）＋「の際」の形で使（つか）います。<br>「最中（さいちゅう）」は「ちょうど〜している最中」という意味なので合（あ）いません。<br>「あまり」は「とても〜すぎて」という意味なので合（あ）いません。<br>「たび」は「〜するときはいつも」という意味なので不自然（ふしぜん）です。<br>N2の土台になる文法です。迷わず選べるようにしておきたいところ。
JLPT_N2_LK_Gr_571,言語知識,文法,文の文法1,2,毎日あんなに練習（れんしゅう）しているのだから、彼（かれ）なら合格（ごうかく）する ______ 。,に違いない,わけがない,はずがない,どころではない,に違いない,正解は「に違いない」です。「きっと〜だと思う」という強（つよ）い推測（すいそく）を表（あらわ）します。<br>「わけがない」と「はずがない」は「絶対に〜ない」という否定（ひてい）の意味（いみ）になるため、文脈（ぶんみゃく）に合いません。<br>「どころではない」は「〜できる状況（じょうきょう）ではない」という意味なので間違い（まちがい）です。<br>基本レベル。意味の違いを一度整理しておくと安心です。
JLPT_N2_LK_Gr_572,言語知識,文法,文の文法1,3,私は友人（ゆうじん） ______ 、新しい趣味（しゅみ）を見つけました。,を通じて,を込めて,をめぐって,を契機に,を通じて,正解は「を通じて（をつうじて）」です。「〜を間に挟んで（はさんで） / 〜の媒介（ばいかい）で」という意味を表します。<br>「を込めて（をこめて）」は「気持ち（きもち）を入れて」という意味なので不自然です。<br>「をめぐって」は「〜について議論（ぎろん）や対立（たいりつ）がある」という意味なので合いません。<br>「を契機に（をけいきに）」は「〜をきっかけに」という意味で、後ろには変化（へんか）を表す動詞が来ることが多いです。ここでは友人を間に挟んで知り合った文脈なので「を通じて」が最も適しています。<br>標準レベル。前後の文脈をていねいに読むのがコツです。
JLPT_N2_LK_Gr_573,言語知識,文法,文の文法1,4,天候（てんこう）が悪化（あっか）したため、イベントは中止（ちゅうし）に ______ 。,せざるを得ない,するわけにはいかない,するはずがない,しかねない,せざるを得ない,正解は「せざるを得ない（せざるをおえない）」です。「〜しなければならない / 他に方法（ほうほう）がない」という意味を表します。「する」の否定形（ひていけい）は「せざるを得ない」になります。<br>「するわけにはいかない」は「気持ちや状況から考えて〜できない」という意味になり、反対の意味になってしまいます。<br>「するはずがない」は「絶対に〜ない」という意味なので不自然です。<br>「しかねない」は「〜するかもしれない（悪い結果）」という意味ですが、文脈上すでに中止を決めた判断を表すため合いません。<br>応用レベル。意外と難しい問題なので、間違えても気にしすぎないこと。
JLPT_N2_LK_Gr_574,言語知識,文法,文の文法1,5,皆様（みなさま）の今後のご活躍（かつやく）とご健康（けんこう）を祈（いの）っ ______ 。,てやまない,てはならない,てたまらない,てはいられない,てやまない,正解は「てやまない」です。「心から強く〜し続ける」という意味で、主に「祈る（いのる）」「願う（ねがう）」などの動詞と一緒に使われる硬い（かたい）表現です。<br>「てはならない」は「禁止（きんし）」を表すため不適切（ふてきせつ）です。<br>「てたまらない」は「がまんできないほど〜だ」という感情（かんじょう）を表す表現なので合いません。<br>「てはいられない」は「〜のままではいられない」という意味なので間違いです。<br>発展レベル。かなり難しいので、間違えても落ち込む必要はありません。
JLPT_N2_LK_Gr_575,言語知識,文法,文の文法2,1,どんなに ______ ______ __★__ ______ いかない。,忙しくても,約束を,守らない,わけには,守らない,この問題は基本（きほん）的な文の組み立て問題です。<br>正しい並べ替えは「どんなに 忙しくても[1] 約束を[2] 守らない[3] わけには[4] いかない。」となります。<br>「〜わけにはいかない」は「社会的（しゃかいてき）なルールや立場（たちば）から考えて〜できない」という意味です。「約束を守らない（やくそくをまもらない）」の形がつながり、3番目（★）に入るのは「守らない」です。<br>基礎レベル。ここを固めておくと後がぐっと楽になります。
JLPT_N2_LK_Gr_576,言語知識,文法,文の文法2,3,やると ______ ______ __★__ ______ 頑張りたい。,決めた,からには,最後まで,あきらめずに,最後まで,この問題は標準（ひょうじゅん）的な並べ替え問題です。<br>正しい並べ替えは「やると 決めた[1] からには[2] 最後まで[3] あきらめずに[4] 頑張りたい。」となります。<br>「〜からには」は「〜だから、当然（とうぜん）〜する」という強い決意（けつい）を表します。動詞の普通形（ふつうけい）に接続するので「決めた」が最初に来ます。したがって、3番目（★）に入る語句は「最後まで」です。<br>標準レベル。本番で合否を分けやすいタイプの問題です。
JLPT_N2_LK_Gr_577,言語知識,文法,文の文法2,4,彼の成功（せいこう）は、 ______ ______ __★__ ______ にほかならない。,長年に,わたる,努力の,結果,努力の,この問題は応用（おうよう）的な並べ替え問題です。<br>正しい並べ替えは「彼の成功は、長年に[1] わたる[2] 努力の[3] 結果[4] にほかならない。」となります。<br>「〜にほかならない」は「まさに〜だ / 〜以外（いがい）の何ものでもない」という意味で断定（だんてい）します。「長年にわたる（ながねんにわたる）」は期間（きかん）を表す名詞につき、「努力（どりょく）の結果（けっか）」につながります。したがって、3番目（★）に入るのは「努力の」です。<br>応用レベル。文脈を最後まで読まないと選びきれないタイプです。
JLPT_N2_LK_Gr_578,言語知識,文法,文章の文法,2,最近（さいきん）は、オンラインで習（なら）い事（ごと）をする人が増（ふ）えています。時間（じかん）や場所（ばしょ）を選（えら）ばずに学（まな）べるからです。 ______ 、家（いえ）にいながら専門的（せんもんてき）な知識（ちしき）が身（み）につくという利点（りてん）もあります。,さらに,しかし,その結果,なぜなら,さらに,この問題は標準（ひょうじゅん）的で分かりやすい文章の文法です。<br>正解は「さらに」です。前（まえ）の文で「時間や場所を選ばない」という良い点（利点）を述べており、後ろの文でも「専門的な知識が身につく」というもう一つの利点を付け加えているので、情報の追加（ついか）を表す「さらに」が最も適しています。<br>「しかし」は反対の意見を言うときに使うので合いません。<br>「その結果」は原因と結果を表すときに使うので合いません。<br>「なぜなら」は理由（りゆう）を説明するときに使うので不適切（ふてきせつ）です。<br>基本レベル。確実に得点したい一問です。
JLPT_N2_LK_Gr_579,言語知識,文法,文章の文法,5,人（ひと）は誰（だれ）しも失敗（しっぱい）をすることがあります。大事（だいじ）なのは、そこから何を学ぶかということです。失敗を恐（おそ）れて挑戦（ちょうせん）しない ______ 、失敗から学んで次（つぎ）に活（い）かす方が成長（せいちょう）できます。,くらいなら,にくらべて,かわりに,に反して,くらいなら,正解は「くらいなら」です。「〜くらいなら…の方がいい」という形で、「〜という悪い状況（じょうきょう）になるよりは、…の方がずっと良い」という比較（ひかく）の気持ちを表します。<br>「にくらべて」は単純（たんじゅん）な2つの物の比較なので、この文脈には不自然です。<br>「かわりに」は交替（こうたい）や補償（ほしょう）を表すため合いません。<br>「に反して（にはんして）」は予想（よそう）や期待（きたい）と逆（ぎゃく）の結果になることを表すので不適切です。<br>発展レベル。硬い書き言葉で使われる表現です。読んで意味が分かれば合格ライン。
JLPT_N2_LK_Gr_580,言語知識,文法,文の文法1,3,我が国の伝統芸能には、歌舞伎 ______ 、能や狂言など世界的に高く評価されているものが数多くある。,をはじめ,を巡って,をもとに,に沿って,をはじめ,「〜をはじめ（として）」は、「代表的なものをひとつ挙げて、他にも同類のものがあることを示す」文法表現です。<br><br>・「をはじめ」：代表例として歌舞伎を挙げる文脈に適しているため正解です。<br>・「を巡って」：議論などの中心テーマを表すため合いません。<br>・「をもとに」：素材や基準を表すため合いません。<br>・「に沿って」：方針や基準に従うことを表すため合いません。<br>標準レベル。ここが安定して解けるとN2合格が見えてきます。
JLPT_N2_LK_Gr_581,言語知識,文法,文の文法1,1,スープが温かい ______ 、どうぞ召し上がってください。,うちに,ついでに,あいだに,あとで,うちに,「〜うちに」は、「〜の状態が変化する前に」という意味を表す基礎的な文法です。<br><br>・「うちに」：温かい状態が冷めないうちにという意味になるため正解です。<br>・「ついでに」：主目的に付随して行うことを表すので不適です。<br>・「あいだに」：期間の幅を表すためこの文脈では不自然です。<br>・「あとで」：時間の前後関係を表すため合いません。<br>まずここから。絶対に覚えたい基本の形です。
JLPT_N2_LK_Gr_582,言語知識,文法,文の文法1,5,どのような理由が何 ______ 、約束を一方的に破ることは許されない。,であれ,にもかかわらず,を問わず,に応じた,であれ,「〜であれ（〜であれ）」は、「〜であっても」という仮定・譲歩を表すN2の難度の高い文法表現です。疑問語（何）と接続して「何であれ（＝何であっても）」という強い文脈を作ります。<br><br>・「であれ」：「何であれ」でどんな理由であってもという意味になるため正解です。<br>・「にもかかわらず」：確定した事実に接続するため不適です。<br>・「を問わず」：「理由を問わず」とは言いますが「何」の後には接続しません。<br>・「に応じた」：変化や状況への対応を表すため合いません。<br>発展レベル。ここは差がつく一問。余裕があれば覚えておきましょう。
JLPT_N2_LK_Gr_583,言語知識,文法,文の文法1,2,新商品の発売 ______ 、全国規模でのプロモーション活動が開始された。,に際して,に反して,に応じて,につれて,に際して,「〜に際（さい）して」は、「〜をする時に / 〜にあたって」という意味を表す文法表現です。<br><br>・「に際して」：発売という特別な機会・段階を表すため正解です。<br>・「に反して」：予想や期待と逆になることを表すため合いません。<br>・「に応じて」：変化に応じる意味なので合いません。<br>・「につれて」：一方の変化に伴うもう一方の変化を表すため合いません。<br>基本の表現ですが、似た形と混同しやすいので要注意。
JLPT_N2_LK_Gr_584,言語知識,文法,文の文法1,4,休日にテレビを見る ______ 見ていたら、偶然昔の友人が出演している番組が始まった。,ともなく,と言わずに,とばかりに,とともに,ともなく,「〜ともなく（〜ともなしに）」は、「特に意識や目的を持たずに〜していると」という状態を表す文法です。動詞の辞書形＋ともなくの形で使われます。<br><br>・「ともなく」：ぼんやりと無意識に見ている様子を表すため正解です。<br>・「と言わずに」：場所や時間を限定せず全体に及ぶことを表すので合いません。<br>・「とばかりに」：今にも〜しそうな態度を表すので合いません。<br>・「とともに」：〜と一緒に・〜と同時にという意味なので合いません。<br>やや難しい応用レベル。ここまで解ければ上位層です。
JLPT_N2_LK_Gr_585,言語知識,文法,文の文法2,2,彼は ______ ______ __★__ ______ 努力を重ねている。,プロの,選手を,目指して,日々,目指して,修飾関係と文脈の繋がりを問う基本的な並べ替え問題です。<br>文を正しく組み立てると、「彼はプロの選手を目指して日々努力を重ねている。」となります。<br><br>【正しい順番】<br>1. プロの<br>2. 選手を<br>3. ★ 目指して<br>4. 日々<br><br>したがって、★の位置に入る語句は「目指して」となります。<br>よく出る基本レベル。パターンで覚えてしまいましょう。
JLPT_N2_LK_Gr_586,言語知識,文法,文の文法2,4,悪天候により ______ ______ __★__ ______ 変更を余儀なくされた。,飛行機の,定期便は,当初の,運航ルートの,当初の,「〜を余儀なくされた（＝無理に〜させられた）」というN2重要文法を含む並べ替え問題です。<br>文を正しく組み立てると、「悪天候により飛行機の定期便は当初の運航ルートの変更を余儀なくされた。」となります。<br><br>【正しい順番】<br>1. 飛行機の<br>2. 定期便は<br>3. ★ 当初の<br>4. 運航ルートの<br><br>したがって、★の位置に入る語句は「当初の」となります。<br>応用レベル。一度で正解できたら自信を持ってよい問題です。
JLPT_N2_LK_Gr_587,言語知識,文法,文の文法2,5,万が一の災害に ______ ______ __★__ ______ 越したことはない。,備えて,十分な,準備をしておく,に,準備をしておく,「〜に越したことはない（＝〜のが一番良い・安全だ）」というN2の高度な表現を含む並べ替え問題です。<br>文を正しく組み立てると、「万が一の災害に備えて十分な準備をしておくに越したことはない。」となります。難度の高い問題です。<br><br>【正しい順番】<br>1. 備えて<br>2. 十分な<br>3. ★ 準備をしておく<br>4. に<br><br>したがって、★の位置に入る語句は「準備をしておく」となります。<br>発展レベル。N1にもつながる難問です。今は「こんな表現もある」と知っておけば十分。
JLPT_N2_LK_Gr_588,言語知識,文法,文章の文法,3,近年、働き方改革の一環としてリモートワークと出社を組み合わせたハイブリッド型の勤務形態を導入する企業が増えている。通勤時間の削減や業務効率の向上といった多くのメリットが報告されている。 [ 1 ] 、対面でのコミュニケーション機会が減少したことにより、組織のエンゲージメント低下やチームの一体感の維持が課題として浮き彫りになってきた。双方の特性を理解した柔軟なマネジメント手法の確立が求められている。<br><br>問： [ 1 ] に入る最も適切なものはどれか。,その一方で,その結果,したがって,なぜなら,その一方で,「その一方で」は、リモートワークのメリット（通勤削減・効率化）に対して、対比的に生じている課題（コミュニケーション減少・一体感低下）を提示する適切な接続語です。<br><br>・「その一方で」：プラス面と対比させた課題提示を行っているため正解です。<br>・「その結果」：直接的な結果の提示ではないため不自然です。<br>・「したがって」：結論誘導ではないため合いません。<br>・「なぜなら」：理由説明ではないため合いません。<br>実際の試験でよく問われる標準レベルの問題です。
JLPT_N2_LK_Gr_589,言語知識,文法,文章の文法,1,近年、働き方改革の一環としてリモートワークと出社を組み合わせたハイブリッド型の勤務形態を導入する企業が増えている。通勤時間の削減や業務効率の向上といった多くのメリットが報告されている。その一方で、対面でのコミュニケーション機会が減少したことにより、組織のエンゲージメント低下やチームの一体感の維持が課題として浮き彫りになってきた。双方の特性を理解した柔軟なマネジメント手法の確立が今後さらに重要に [ 2 ] 。<br><br>問： [ 2 ] に入る最も適切なものはどれか。,なるのではないだろうか,なるわけがない,なるにすぎない,なるはずがない,なるのではないだろうか,「〜のではないだろうか」は、主張や提言をやわらかく読者に投げかける筆者の表現です。<br><br>・「なるのではないだろうか」：主張・展望を自然に提示しているため正解です。<br>・「なるわけがない」：強固な否定になり不適です。<br>・「なるにすぎない」：限定表現になり不適です。<br>・「なるはずがない」：強い否定になり不適です。<br>落とせない基礎レベル。確実に正解しておきましょう。
JLPT_N2_LK_Gr_590,言語知識,文法,文の文法1,2,大雨 ______ 、河川の水位が急激に上昇した。,に伴い,に先立ち,にかかって,にあたって,に伴い,「〜に伴（ともな）い」は、「〜とともに / 〜の変化に応じて」という意味を表す文法表現です。<br>大雨という事象に付随して水位が上がったという文脈に適しています。<br><br>・「に伴い」：一方が起こるのと同時に他方が生じることを表すため正解です。<br>・「に先立ち」：「〜の前にあらかじめ」という意味なので合いません。<br>・「にかかって」：依存・影響を表す表現なので合いません。<br>・「にあたって」：「〜をする機会・段階で」という意味なので合いません。<br>基本レベル。意味の違いを一度整理しておくと安心です。
JLPT_N2_LK_Gr_591,言語知識,文法,文の文法1,4,彼は周囲の反対を押し切って起業した ______ 、必ず事業を成功させてみせると意気込んでいる。,からには,ものの,ところが,ついでに,からには,「〜からには」は、「〜という事実・決意がある以上は、当然〜する（覚悟だ）」という意味を表すN2の重要文法です。<br><br>・「からには」：強い意志や決意を導くため正解です。<br>・「ものの」：逆接（「〜だが」）を表すので不自然です。<br>・「ところが」：予想外の展開を表す接続詞なので接続として不適です。<br>・「ついでに」：ついでに行う意味なので合いません。<br>応用レベル。意外と難しい問題なので、間違えても気にしすぎないこと。
JLPT_N2_LK_Gr_592,言語知識,文法,文の文法1,1,忙しい毎日だが、健康のために１時間 ______ は散歩するようにしている。,くらい,だけ,しか,ほど,くらい,「〜くらい（くらいは）」は、概算や最低限の程度を表す基本的な文法です。<br><br>・「くらい」：最低限その程度の時間を表すため正解です。<br>・「だけ」：限定を表し、この文脈ではやや不自然です。<br>・「しか」：否定（〜ない）を伴うため不適です。<br>・「ほど」：概算を表しますが「１時間ほどは」より「１時間くらいは」が自然です。<br>N2の土台になる文法です。迷わず選べるようにしておきたいところ。
JLPT_N2_LK_Gr_593,言語知識,文法,文の文法1,5,締め切りが目前に迫っている ______ 、どのような困難があろうとも本日中に原稿を完成させなければならない。,以上は,あまり,あげく,かたわら,以上は,「〜以上（は）」は、「〜という事実・状況であるのだから、当然〜しなければならない」という義務や強い意志を表す文法表現です。難度の高い問題です。<br><br>・「以上は」：「〜という事態である以上は」と後続の義務・決意に繋がるため正解です。<br>・「あまり」：感情の高ぶりによる結果を表すため不適です。<br>・「あげく」：悪い結果になった結末を表すため不適です。<br>・「かたわら」：並行して別の活動を行う意味なので合いません。<br>発展レベル。かなり難しいので、間違えても落ち込む必要はありません。
JLPT_N2_LK_Gr_594,言語知識,文法,文の文法1,3,今年度の売り上げ目標の達成に向けて、社員一丸 ______ 業務に取り組んでいる。,となって,とみられて,とすれば,といっても,となって,「〜一丸（いちがん）となって」は、「組織や人々が一つにまとまって」という意味を表す慣用文法表現です。<br><br>・「となって」：「社員一丸となって」でまとまりを作る表現になるため正解です。<br>・「とみられて」「とすれば」「といっても」：いずれも文脈に合いません。<br>標準レベル。前後の文脈をていねいに読むのがコツです。
JLPT_N2_LK_Gr_595,言語知識,文法,文の文法2,3,彼の説明は ______ ______ __★__ ______ 分かりやすかった。,専門用語を,一切使わず,誰にでも,非常に,誰にでも,否定表現を伴う副詞と修飾構造の並べ替え問題です。<br>文を正しく組み立てると、「彼の説明は専門用語を一切使わず誰にでも非常に分かりやすかった。」となります。<br><br>【正しい順番】<br>1. 専門用語を<br>2. 一切使わず<br>3. ★ 誰にでも<br>4. 非常に<br><br>したがって、★の位置に入る語句は「誰にでも」となります。<br>標準レベル。本番で合否を分けやすいタイプの問題です。
JLPT_N2_LK_Gr_596,言語知識,文法,文の文法2,1,日曜日なので ______ ______ __★__ ______ 過ごした。,どこにも,出かけずに,家で,ゆっくり,家で,基礎的な文構造の並べ替え問題です。<br>文を正しく組み立てると、「日曜日なのでどこにも出かけずに家でゆっくり過ごした。」となります。<br><br>【正しい順番】<br>1. どこにも<br>2. 出かけずに<br>3. ★ 家で<br>4. ゆっくり<br><br>したがって、★の位置に入る語句は「家で」となります。<br>基礎レベル。ここを固めておくと後がぐっと楽になります。
JLPT_N2_LK_Gr_597,言語知識,文法,文の文法2,4,新プロジェクトの立ち上げは ______ ______ __★__ ______ 計画を進める必要がある。,多大なリスクを,伴うだけに,細心の注意を払って,慎重に,細心の注意を払って,「〜だけに（＝〜という理由だからこそ）」という条件表現を含む並べ替え問題です。<br>文を正しく組み立てると、「新プロジェクトの立ち上げは多大なリスクを伴うだけに細心の注意を払って慎重に計画を進める必要がある。」となります。<br><br>【正しい順番】<br>1. 多大なリスクを<br>2. 伴うだけに<br>3. ★ 細心の注意を払って<br>4. 慎重に<br><br>したがって、★の位置に入る語句は「細心の注意を払って」となります。<br>応用レベル。文脈を最後まで読まないと選びきれないタイプです。
JLPT_N2_LK_Gr_598,言語知識,文法,文章の文法,5,近年、都市部における緑地空間の保全や創出が注目を集めている。公園や街路樹の整備は、市民に安らぎを与えるだけでなく、都市熱の緩和や防災機能の向上など、多様な効果をもたらす。 [ 1 ] 、開発に伴う樹木の伐採や維持管理費用の増大など、緑地の確保には多くの現実的な課題が立ちはだかっている。持続可能な都市作りに向けて、行政と市民、企業が連携した包括的な取り組みが不可欠である。<br><br>問： [ 1 ] に入る最も適切なものはどれか。,しかしながら,その結果,したがって,なぜなら,しかしながら,「しかしながら」は、緑地のメリットに対して「課題も存在する」という対比的・問題提起的な展開を導く適切な接続語です。難度の高い問題です。<br><br>・「しかしながら」：プラス効果から現実の課題へと文脈を転換させるため正解です。<br>・「その結果」：因果関係ではないため不自然です。<br>・「したがって」：論理的帰結ではないため合いません。<br>・「なぜなら」：理由説明ではないため合いません。<br>発展レベル。硬い書き言葉で使われる表現です。読んで意味が分かれば合格ライン。
JLPT_N2_LK_Gr_599,言語知識,文法,文章の文法,2,近年、都市部における緑地空間の保全や創出が注目を集めている。公園や街路樹の整備は、市民に安らぎを与えるだけでなく、都市熱の緩和や防災機能の向上など、多様な効果をもたらす。しかしながら、開発に伴う樹木の伐採や維持管理費用の増大など、緑地の確保には多くの現実的な課題が立ちはだかっている。持続可能な都市作りに向けて、行政と市民、企業が連携した包括的な取り組みが今後さらに求められる [ 2 ] 。<br><br>問： [ 2 ] に入る最も適切なものはどれか。,のではないだろうか,わけがない,にすぎない,はずがない,のではないだろうか,「〜のではないだろうか」は、筆者の主張や問題意識をやわらかく投げかける文末表現です。<br><br>・「のではないだろうか」：主張・提案を自然に表すため正解です。<br>・「わけがない」：強い否定になり不適です。<br>・「にすぎない」：限定表現になり不適です。<br>・「はずがない」：強い否定になり不適です。<br>基本レベル。確実に得点したい一問です。
JLPT_N2_LK_Gr_600,言語知識,文法,文の文法1,1,毎日これだけ練習したのだから、明日の試合は彼らのチームが勝つに ______ 。,きまっている,すぎない,ともなわない,かかわらない,きまっている,正解は「きまっている」です。<br>「〜にきまっている」は、「絶対に〜だと思う」という強い確信（かくしん）を表（あらわ）す基本（きほん）的な表現です。<br>「〜にすぎない」は「ただ〜だけだ」、「〜にともなわない」は「一緒（いっしょ）に起こらない」、「〜にかかわらない」は「関係（かんけい）がない」という意味になり、文脈（ぶんみゃく）に合いません。<br>まずここから。絶対に覚えたい基本の形です。
JLPT_N2_LK_Gr_601,言語知識,文法,文の文法1,2,新しい事業を開始する ______ 、地域の住民に説明会を開いた。,にあたって,にともなって,に応じて,に反して,にあたって,正解は「にあたって」です。<br>「〜にあたって」は、「特別なことを始める時に」という意味を表す表現です。<br>「〜にともなって」は「〜と一緒に変化（へんか）して」、「〜に応じて（おうじて）」は「〜に合わせて」、「〜に反して（はんして）」は「〜と反対（はんたい）に」という意味なので、不適切（ふてきせつ）です。<br>基本の表現ですが、似た形と混同しやすいので要注意。
JLPT_N2_LK_Gr_602,言語知識,文法,文の文法1,3,新しい劇場の建設地 ______ 、市議会で活発な議論が行われている。,をめぐって,をはじめ,を通じて,を込めて,をめぐって,正解は「をめぐって」です。<br>「〜をめぐって」は、一つの問題（もんだい）や話題（わだい）を中心（ちゅうしん）にして、議論（ぎろん）や対立（たいりつ）が起こることを表す標準（ひょうじゅん）的なN2表現です。<br>「〜をはじめ」は代表（だいひょう）例を挙げる時、「〜を通じて（つうじて）」は手段（しゅだん）や期間を表す時、「〜を込めて（こめて）」は気持ちを入れる時に使うため間違いです。<br>標準レベル。ここが安定して解けるとN2合格が見えてきます。
JLPT_N2_LK_Gr_603,言語知識,文法,文の文法1,4,医者として、患者の個人情報を外部に漏らすなど ______ 行為だ。,あるまじき,ありがちな,あり得ない,ありそうな,あるまじき,正解は「あるまじき」です。<br>「〜あるまじき」は、「その立場（たちば）にある者として絶対（ぜったい）にしてはいけない」という意味の発展（はってん）的な表現で、後ろに名詞（めいし）がきます。<br>「〜ありがちな」や「〜ありそうな」は可能性（かのうせい）を表すため意味が合わず、「〜あり得（え）ない」は述語（じゅつご）として使われることが多いため接続（せつぞく）が不自然（ふしぜん）です。<br>やや難しい応用レベル。ここまで解ければ上位層です。
JLPT_N2_LK_Gr_604,言語知識,文法,文の文法2,1,明日は ______ ______ __★__ ______ わけにはいかない。,大切な,あるのだから,試験が,休む,あるのだから,正解は「あるのだから」です。<br>正しい文章（ぶんしょう）は「明日は [大切な] [試験が] [★あるのだから] [休む] わけにはいかない。」となります。<br>「大切な」は名詞の「試験」を説明（せつめい）し、「試験があるのだから」で理由（りゆう）を表します。その後に動詞（どうし）の「休む」がついて「休むわけにはいかない（休むことができない）」につながります。基本（きほん）的な文の組み立て問題です。<br>落とせない基礎レベル。確実に正解しておきましょう。
JLPT_N2_LK_Gr_605,言語知識,文法,文の文法2,3,この映画は ______ ______ __★__ ______ 作られている。,起きた,に基づいて,実際に,事件,事件,正解は「事件」です。<br>正しい文章（ぶんしょう）は「この映画は [実際に] [起きた] [★事件] [に基づいて] 作られている。」となります。<br>「実際に」が動詞の「起きた」を修飾（しゅうしょく）し、「起きた事件」という名詞節（めいしせつ）を作ります。そして「事件に基づいて（〜を基準（きじゅん）にして）」という文法表現（ひょうげん）につながります。標準（ひょうじゅん）的な並べ替え問題です。<br>実際の試験でよく問われる標準レベルの問題です。
JLPT_N2_LK_Gr_606,言語知識,文法,文の文法2,5,彼の冗談が ______ ______ __★__ ______ いられなかった。,おかしくて,笑わないで,あまりにも,は,笑わないで,正解は「笑わないで」です。<br>正しい文章（ぶんしょう）は「彼の冗談が [あまりにも] [おかしくて] [★笑わないで] [は] いられなかった。」となります。<br>「あきれるほど・非常に」を意味する「あまりにも」が「おかしくて」にかかり、文末の「〜ないではいられない（気持ちを抑（おさ）えられない）」という高度（こうど）な文法と結びつきます。<br>発展レベル。ここは差がつく一問。余裕があれば覚えておきましょう。
JLPT_N2_LK_Gr_607,言語知識,文法,文章の文法,2,文章中の [ 1768 ] に入る最も適切なものを選びなさい。<br><br>【文章】<br>近年、技術の発達によってAIがさまざまな分野で活用されるようになった。仕事の効率が上がる一方で、人間の仕事が奪われるのではないかという懸念の声もある。[ 1768 ] 、AIは人間の仕事をすべて代行できるわけではない。,しかし,したがって,たとえば,あるいは,しかし,正解は「しかし」です。<br>前（まえ）の文では「懸念（けねん：心配（しんぱい）すること）の声がある」と述（の）べ、後ろの文では「すべて代行（だいこう）できるわけではない」と逆（ぎゃく）の内容（ないよう）を伝（つた）えています。前後の文章をつなぐ反対（はんたい）の意味（逆接：ぎゃくせつ）を表す「しかし」が適切です。<br>「したがって」は結果（けっか）、「たとえば」は具体例（ぐたいれい）、「あるいは」は選択（せんたく）を表すので不適切です。<br>よく出る基本レベル。パターンで覚えてしまいましょう。
JLPT_N2_LK_Gr_608,言語知識,文法,文章の文法,4,文章中の [ 1769 ] に入る最も適切なものを選びなさい。<br><br>【文章】<br>AIは過去のデータに基づいて判断することは得意だが、感情を理解したり創造的なアイデアを出したりすることは苦手だからだ。[ 1769 ] 特徴を理解した上で、人間とAIが協力していくことが大切である。,このような,それほど,これに対して,あのように,このような,正解は「このような」です。<br>直前（ちょくぜん）で説明（せつめい）された「得意（とくい）なことと苦手（にがて）なこと」という内容（ないよう）を指（さ）して、後ろの名詞（めいし）「特徴（とくちょう）」を修飾（しゅうしょく）しています。<br>「このような＋名詞」は、直前の具体的内容を受ける応用（おうよう）的な指示（しじ）表現です。<br>応用レベル。一度で正解できたら自信を持ってよい問題です。
JLPT_N2_LK_Gr_609,言語知識,文法,文章の文法,5,文章中の [ 1770 ] に入る最も適切なものを選びなさい。<br><br>【文章】<br>私たちがAIを恐れるのではなく、適切に利用していくこと [ 1770 ] 。,にほかならない,にすぎない,が求められている,ざるを得ない,が求められている,正解は「が求められている」です。<br>文章（ぶんしょう）全体のまとめとして、「私たちが〜していくこと」に続く受動（じゅどう）表現の「が求められている（必要（ひつよう）とされている）」が最も適しています。<br>「〜にほかならない」は「まさに〜だ」、「〜にすぎない」は「ただ〜だけだ」、「〜ざるを得（え）ない」は「どうしても〜しなければならない」という意味になり、高度（こうど）な文末展開（てんかい）として不自然（ふしぜん）です。<br>発展レベル。N1にもつながる難問です。今は「こんな表現もある」と知っておけば十分。
JLPT_N2_LK_Gr_610,言語知識,文法,文の文法1,2,彼は大病を患ったこと ______ 、健康管理に気をつけるようになった。,を契機に,を問わず,をこめて,をめざして,を契機に,正解は「を契機に」です。<br>「〜を契機（けいき）に」は、「〜をいい機会（きかい）として・〜をきっかけに」という意味を表（あらわ）します。<br>「〜を問（と）わず」は「関係（かんけい）なく」、「〜をこめて」は「気持ちを入れて」、「〜をめざして」は「目標（もくひょう）にして」という意味になり、不適切（ふてきせつ）です。<br>基本レベル。意味の違いを一度整理しておくと安心です。
JLPT_N2_LK_Gr_611,言語知識,文法,文の文法1,4,自分の夢を果たす ______ 、彼は昼夜を問わず研究に没頭している。,んがため,っこない,かねない,ざるを得ない,んがため,正解は「んがため」です。<br>「〜んがため（に）」は、「〜という強い目的（もくてき）のために」という意味を表す硬（かた）い表現です。動詞（どうし）のナイ形（けい）に接続（せつぞく）します。<br>「〜っこない」は強い否定（ひてい）、「〜かねない」は悪い結果（けっか）の可能性（かのうせい）、「〜ざるを得（え）ない」は義務（ぎむ）を表すため間違いです。<br>応用レベル。意外と難しい問題なので、間違えても気にしすぎないこと。
JLPT_N2_LK_Gr_612,言語知識,文法,文の文法1,1,彼は日本に住んでまだ半年 ______ 、とても自然な日本語を話す。,にしては,にとっても,にくべて,にしたがって,にしては,正解は「にしては」です。<br>「〜にしては」は、「〜という事実（じじつ）から予想（よそう）されることと違（ちが）って」という意味を表す基本的な表現です。<br>「〜にとっても」は「〜の立場（たちば）から見（み）ても」、「〜にくべて」は誤表記（ごひょうき）、「〜にしたがって」は「〜と一緒に変化（へんか）して」という意味なので合いません。<br>N2の土台になる文法です。迷わず選べるようにしておきたいところ。
JLPT_N2_LK_Gr_613,言語知識,文法,文の文法1,3,現代の生活において、携帯電話 ______ 話を進めることはできない。,抜きでは,沿っては,込めては,基ついては,抜きでは,正解は「抜きでは」です。<br>「〜抜き（ぬき）では」は、「〜がない状態（じょうたい）では（後のことができない）」という意味を表す標準（ひょうじゅん）的な表現です。<br>「〜沿（そ）っては」は方針（ほうしん）などに合わせること、「〜込（こ）めては」は気持ちを入れること、「〜基（もと）づいては」は事実などを基準（きじゅん）にすることを表すため、文脈（ぶんみゃく）に合いません。<br>標準レベル。前後の文脈をていねいに読むのがコツです。
JLPT_N2_LK_Gr_614,言語知識,文法,文の文法2,3,どんなに ______ ______ __★__ ______ べきだ。,努力する,問題であっても、,諦めずに,難しい,諦めずに,正解は「諦めずに」です。<br>正しい文章（ぶんしょう）は「どんなに [難しい] [問題であっても、] [★諦めずに] [努力する] べきだ。」となります。<br>「どんなに〜であっても（どれほど〜でも）」という文型（ぶんけい）を作ります。その後に副詞（ふくし）的に「諦（あきら）めずに」がついて、最後の「努力（どりょく）するべきだ」につながります。標準的な組み立て問題です。<br>標準レベル。本番で合否を分けやすいタイプの問題です。
JLPT_N2_LK_Gr_615,言語知識,文法,文の文法2,5,新商品の ______ ______ __★__ ______ 意見を集めた。,開発にあたり,消費者の,担当者は,多様な,多様な,正解は「多様な」です。<br>正しい文章（ぶんしょう）は「新商品の [開発にあたり] [担当者は] [★多様な] [消費者の] 意見を集めた。」となります。<br>「〜にあたり（〜をする時に）」という特別な場面（ばめん）を表す文法表現（ひょうげん）の後（うし）ろに、主語（しゅご）の「担当者（たんとうしゃ）は」がきます。そして「多様（たよう）な（いろいろな）」が「消費者の意見」を説明（せつめい）します。発展（はってん）的な組み立て問題です。<br>発展レベル。かなり難しいので、間違えても落ち込む必要はありません。
JLPT_N2_LK_Gr_616,言語知識,文法,文の文法2,1,雨が ______ ______ __★__ ______ 集まった。,降っている,多くの人が,かかわらず、,にも,かかわらず、,正解は「かかわらず、」です。<br>正しい文章（ぶんしょう）は「雨が [降っている] [にも] [★かかわらず、] [多くの人が] 集まった。」となります。<br>「〜にもかかわらず（〜なのに）」は、予想（よそう）と反対（はんたい）の結果（けっか）になることを表す基本的（きほんてき）な表現です。最後に「多くの人が集まった」という主語と動詞がきます。<br>基礎レベル。ここを固めておくと後がぐっと楽になります。
JLPT_N2_LK_Gr_617,言語知識,文法,文章の文法,2,文章中の [ 1778 ] に入る最も適切なものを選びなさい。<br><br>【文章】<br>リモートワークの普及により、通勤時間が減って自分の時間が増えたという人が多い。[ 1778 ] 、家と職場の区別がつかなくなり、ストレスを感じる人もいる。,一方で,したがって,ただし,つまり,一方で,正解は「一方で」です。<br>前（まえ）の文では「時間が増（ふ）えた」という良い点（てん）を述（の）べ、後ろの文では「ストレスを感じる」という反対（はんたい）の側面（そくめん）を述べています。<br>二つの事柄（ことがら）を比較（ひかく）して並（なら）べる「一方で（いっぽうで）」が適切です。「したがって」は結果（けっか）、「ただし」は条件（じょうけん）、「つまり」は要約（ようやく）を表すため間違いです。<br>基本レベル。確実に得点したい一問です。
JLPT_N2_LK_Gr_618,言語知識,文法,文章の文法,4,文章中の [ 1779 ] に入る最も適切なものを選びなさい。<br><br>【文章】<br>このように、新しい働き方にはメリットとデメリットの両面が存在する。私たちは自分の生活スタイルに合わせて、働き方を工夫して選択していかなければならない。[ 1779 ] 。,ではないだろうか,わけがない,はずがない,にすぎない,ではないだろうか,正解は「ではないだろうか」です。<br>「〜のではないだろうか」は、筆者（ひっしゃ）が自分の意見（いけん）をやわらかく主張（しゅちょう）する文末（ぶんまつ）表現です。<br>文章（ぶんしょう）の最後（さいご）で「〜選択（せんたく）していかなければならないのではないだろうか」と述べることで、読者（どくしゃ）に問いかけながら意見を伝えています。「〜わけがない」や「〜はずがない」は強い否定（ひてい）、「〜にすぎない」は限定（げんてい）を表すため不自然（ふしぜん）です。<br>応用レベル。文脈を最後まで読まないと選びきれないタイプです。
JLPT_N2_LK_Gr_619,言語知識,文法,文章の文法,5,文章中の [ 1780 ] に入る最も適切なものを選びなさい。<br><br>【文章】<br>最近では、社会の変化に合わせて企業の評価制度も見直されつつある。[ 1780 ] 、個人の成果や能力をより重視する傾向が強まっている。,これに伴い,これに反して,これを契機に,これを踏まえて,これに伴い,正解は「これに伴い」です。<br>「〜に伴（とも）ない」は、「〜という変化（へんか）と一緒に、別の変化が起こる」ことを表す高度（こうど）な表現です。<br>「評価制度（ひょうかせいど）の見直し」という変化に伴って、「個人の成果（せいか）を重視（じゅうし）する傾向（けいこう）」が強まっているという関係（かんけい）を表します。「これに反して」は反対、「これを契機に」はきっかけ、「これを踏（ふ）まえて」は考慮（こうりょ）することを表すため、文脈（ぶんみゃく）に一番合うのは「これに伴い」です。<br>発展レベル。硬い書き言葉で使われる表現です。読んで意味が分かれば合格ライン。
JLPT_N2_LK_Gr_620,言語知識,文法,文の文法1,1,この地方では、秋から冬 ______ 強い風が吹くことが多い。,にかけて,に沿って,に応じて,に比べて,にかけて,正解は「にかけて」です。<br>「〜から〜にかけて」は、「およその時間（じかん）や場所（ばしょ）の範囲（はんい）」を表（あらわ）す基本（きほん）的な表現です。<br>「〜に沿（そ）って」は道などに合わせること、「〜に応（おう）じて」は変化に合わせること、「〜に比（くら）べて」は比較（ひかく）を表すため不適切（ふてきせつ）です。<br>まずここから。絶対に覚えたい基本の形です。
JLPT_N2_LK_Gr_621,言語知識,文法,文の文法1,4,経験豊富な彼女 ______ 、この難しいプロジェクトのリーダーが務まる人物はいない。,をおいて,をもって,を踏まえて,にかかわって,をおいて,正解は「をおいて」です。<br>「〜をおいて（〜ない）」は、「〜のほかに（適当（てきとう）な人やものはいない）」という意味を表す発展（はってん）的な表現です。<br>「〜をもって」は手段（しゅだん）や限界（げんかい）、「〜を踏（ふ）まえて」は考慮（こうりょ）すること、「〜にかかわって」は関係（かんけい）することを表すため間違いです。<br>やや難しい応用レベル。ここまで解ければ上位層です。
JLPT_N2_LK_Gr_622,言語知識,文法,文の文法1,2,台風が近づく ______ 、風と雨が強まってきた。,につれて,に反して,に際して,に先立って,につれて,正解は「につれて」です。<br>「〜につれて」は、「一方（いっぽう）の変化（へんか）と一緒に、もう一方も自然（しぜん）に変化する」という意味を表す表現です。<br>「〜に反（はん）して」は反対のこと、「〜に際（さい）して」は特別な時、「〜に先立（さきだ）って」は準備（じゅんび）の時を表すため合いません。<br>基本の表現ですが、似た形と混同しやすいので要注意。
JLPT_N2_LK_Gr_623,言語知識,文法,文の文法1,5,親から預かった大切なお金をギャンブルで失うなど、許す ______ 行為だ。,まじき,っこない,かねる,べくもない,まじき,正解は「まじき」です。<br>「〜まじき」は、「〜の立場（たちば）や道徳（どうとく）として決してやってはいけない」という意味を表す高度（こうど）な表現です。<br>「〜っこない」は強い否定（ひてい）、「〜かねる」は難しい気持ち、「〜べくもない」は〜できないという意味になり、後ろの名詞（めいし）「行為（こうい）」に直接（ちょくせつ）つながる形として不適切（ふてきせつ）です。<br>発展レベル。ここは差がつく一問。余裕があれば覚えておきましょう。
JLPT_N2_LK_Gr_624,言語知識,文法,文の文法2,3,山田さんは ______ ______ __★__ ______ ことにしている。,忙しくても,体を動かす,どんなに,毎日,毎日,正解は「毎日」です。<br>正しい文章（ぶんしょう）は「山田さんは [どんなに] [忙しくても] [★毎日] [体を動かす] ことにしている。」となります。<br>「どんなに〜ても（どれほど〜でも）」という文型（ぶんけい）を作り、その後に「毎日（まいにち）体を動かす」という習慣（しゅうかん）を表す表現が続（つづ）きます。標準（ひょうじゅん）的な組み立て問題です。<br>標準レベル。ここが安定して解けるとN2合格が見えてきます。
JLPT_N2_LK_Gr_625,言語知識,文法,文の文法2,1,風邪を引いたときは、 ______ ______ __★__ ______ ほうがいい。,寝た,無理を,早く,しないで,早く,正解は「早く」です。<br>正しい文章（ぶんしょう）は「風邪（かぜ）を引いたときは、 [無理を] [しないで] [★早く] [寝た] ほうがいい。」となります。<br>「無理（むり）をしないで（〜しないで）」という条件（じょうけん）に、「早く寝（ね）たほうがいい」というアドバイスがつながります。基本（きほん）的な文の組み立て問題です。<br>落とせない基礎レベル。確実に正解しておきましょう。
JLPT_N2_LK_Gr_626,言語知識,文法,文の文法2,4,彼のアドバイスが ______ ______ __★__ ______ できたのだ。,乗り越えることが,あったからこそ,この難局を,私たちは,この難局を,正解は「この難局を」です。<br>正しい文章（ぶんしょう）は「彼のアドバイスが [あったからこそ] [私たちは] [★この難局を] [乗り越えることが] できたのだ。」となります。<br>「〜からこそ（特別な理由（りゆう）を強調（きょうちょう）する表現）」を使い、「この難局（なんきょく：難しい状況（じょうきょう））を乗り越（こ）える」という目的語（もくてきご）と動詞の関係を組み立てます。応用（おうよう）的な問題です。<br>応用レベル。一度で正解できたら自信を持ってよい問題です。
JLPT_N2_LK_Gr_627,言語知識,文法,文章の文法,3,文章中の [ 1788 ] に入る最も適切なものを選びなさい。<br><br>【文章】<br>近年、環境問題に対する人々の意識が高まっている。ごみの分別や節電に取り組む家庭が増えてきた。[ 1788 ] 、企業においても環境に配慮した製品の開発が急速に進められている。,また,なぜなら,ただし,したがって,また,正解は「また」です。<br>前（まえ）の文では「家庭（かてい）での取り組み」を言い、後ろの文では「企業（きぎょう）での取り組み」を付け加えています。情報を付け加える接続詞（せつぞくし）の「また」が適切（てきせつ）です。<br>「なぜなら」は理由（りゆう）、「ただし」は条件（じょうけん）、「したがって」は結果（けっか）を表すため間違いです。<br>実際の試験でよく問われる標準レベルの問題です。
JLPT_N2_LK_Gr_628,言語知識,文法,文章の文法,2,文章中の [ 1789 ] に入る最も適切なものを選びなさい。<br><br>【文章】<br>このような取り組みは、地球の未来を守るために欠かせないものとなっている。一人ひとりの小さな行動が積み重なること [ 1789 ] 、大きな変化を生み出すことができるのだ。,によって,に比べて,に反して,にともなって,によって,正解は「によって」です。<br>「〜によって」は、「手段（しゅだん）や方法（ほうほう）、原因（げんいん）」を表す基本（きほん）的な文法です。<br>「小さな行動が積み重（かさ）なること」を手段・方法として、「大きな変化（へんか）を生み出すことができる」という結果（けっか）につながっています。<br>「〜に比（くら）べて」は比較、「〜に反（はん）して」は反対の表現なので不適切です。<br>よく出る基本レベル。パターンで覚えてしまいましょう。
JLPT_N2_LK_Gr_629,言語知識,文法,文章の文法,5,文章中の [ 1790 ] に入る最も適切なものを選びなさい。<br><br>【文章】<br>環境保護の活動は、一朝一夕で成果が出るものではない。途中で諦めることなく、長期的な視点を持って努力を続けていくこと [ 1790 ] 。,が望まれている,にすぎない,わけがない,にほかならない,が望まれている,正解は「が望まれている」です。<br>「〜こと＋が望（のぞ）まれている」は、「社会（しゃかい）や人々から〜することが期待（きたい）されている」という意味を表す文末（ぶんまつ）表現です。<br>文章のまとめとして、「長期（ちょうき）的な視点（してん）を持って努力（どりょく）を続けること」が必要（ひつよう）だと強く主張（しゅちょう）しています。「〜にすぎない」は限定（げんてい）、「〜わけがない」は否定（ひてい）を表すため文脈に合いません。<br>発展レベル。N1にもつながる難問です。今は「こんな表現もある」と知っておけば十分。
JLPT_N2_LK_Gr_630,言語知識,文法,文の文法1,2,開発計画の変更 ______ 、近隣の住民と自治体の間で話し合いが続いている。,をめぐって,にわたって,を通じて,をはじめ,をめぐって,正解は「をめぐって」です。<br>「〜をめぐって」は、「一つの問題（もんだい）や対立（たいりつ）を中心（ちゅうしん）にして」という意味を表（あらわ）します。<br>「〜にわたって」は範囲（はんい）の広さ、「〜を通（つう）じて」は手段（しゅだん）や期間（きかん）、「〜をはじめ」は代表（だいひょう）例を挙げる時に使うため不適切（ふてきせつ）です。<br>基本レベル。意味の違いを一度整理しておくと安心です。
JLPT_N2_LK_Gr_631,言語知識,文法,文の文法1,5,資金不足のため、新工場の建設プロジェクトは一時中断 ______ 。,を余儀なくされた,ざるを得なかった,かねなかった,ずにはいられなかった,を余儀なくされた,正解は「を余儀（よぎ）なくされた」です。<br>「〜を余儀なくされる」は、「他の選択肢（せんたくし）がなく、不本意（ふほんい）ながらその状態（じょうたい）にさせられる」という意味を表す高度（こうど）な表現です。他動詞（たどうし）の受身（うけみ）形をとります。<br>「〜ざるを得（え）なかった」は主語（しゅご）が人の行動（こうどう）の時に使うため、文脈（ぶんみゃく）に合いません。<br>発展レベル。かなり難しいので、間違えても落ち込む必要はありません。
JLPT_N2_LK_Gr_632,言語知識,文法,文の文法1,1,市役所では、参加者の年齢 ______ 適切なプログラムを提供している。,に応じて,に基づいて,に反して,にともなって,に応じて,正解は「に応（おう）じて」です。<br>「〜に応じて」は、「〜の変化（へんか）や違い、条件（じょうけん）に合わせて」という意味を表す基本（きほん）的な表現です。<br>「〜に基準（きじゅん）を置く」ことを言う「〜に基（もと）づいて」や、「反対（はんたい）」を表す「〜に反（はん）して」は不適切です。<br>N2の土台になる文法です。迷わず選べるようにしておきたいところ。
JLPT_N2_LK_Gr_633,言語知識,文法,文の文法1,3,引き受けた ______ 、最後まで責任を持ってやり遂げなければならない。,からには,だけに,ばかりに,ものなら,からには,正解は「からには」です。<br>「〜からには」は、「〜という事実（じじつ）があるのだから、当然（とうぜん）〜する」という強い決意（けつい）や義務（ぎむ）を表す標準（ひょうじゅん）的な表現です。<br>「〜だけに」は理由（りゆう）と相応（ふさわ）しい結果、「〜ばかりに」は悪い結果の原因（げんいん）を表すため適しません。<br>標準レベル。前後の文脈をていねいに読むのがコツです。
JLPT_N2_LK_Gr_634,言語知識,文法,文の文法2,4,どんなに ______ ______ __★__ ______ やめるわけにはいかない。,大変でも,引き受けた,以上は,途中で,以上は,正解は「以上は」です。<br>正しい文章（ぶんしょう）は「どんなに [大変でも] [引き受けた] [★以上は] [途中で] やめるわけにはいかない。」となります。<br>「引き受けた以上（いじょう）は（〜したのだから当然）」という強い決意を表すN2文法を含んでいます。応用的（おうようてき）な組み立て問題です。<br>応用レベル。意外と難しい問題なので、間違えても気にしすぎないこと。
JLPT_N2_LK_Gr_635,言語知識,文法,文の文法2,2,______ ______ __★__ ______ 出発しましょう。,出来次第,準備が,会場へ,すぐに,すぐに,「〜次第（＝〜したらすぐに）」という完了後の素早い行動を表す表現です。<br>文を正しく組み立てると、「準備が出来次第すぐに会場へ出発しましょう。」となります。<br><br>【正しい順番】<br>1. 準備が<br>2. 出来次第<br>3. ★ すぐに<br>4. 会場へ<br><br>したがって、★の位置に入る語句は「すぐに」となります。<br>基本レベル。確実に得点したい一問です。
JLPT_N2_LK_Gr_636,言語知識,文法,文の文法2,5,プロとして ______ ______ __★__ ______ かねない。,信用を,発言は,失い,無責任な,信用を,正解は「信用を」です。<br>正しい文章（ぶんしょう）は「プロとして [無責任な] [発言は] [★信用を] [失い] かねない。」となります。<br>「〜かねない（悪い結果になる可能性がある）」という文末（ぶんまつ）表現と、「信用（しんよう）を失（うし）なう」という熟語（じゅくご）の結びつきを正しく理解する必要があります。<br>発展レベル。硬い書き言葉で使われる表現です。読んで意味が分かれば合格ライン。
JLPT_N2_LK_Gr_637,言語知識,文法,文章の文法,1,文章中の [ 1798 ] に入る最も適切なものを選びなさい。<br><br>【文章】<br>読書は知的な好奇心を刺激し、思考力を養うために非常に効果的である。[ 1798 ] 、忙しい毎日の中で読書の時間を確保することは容易ではない。,しかし,だから,例えば,また,しかし,正解は「しかし」です。<br>前の文では「効果的（こうかてき）だ」という良い面（めん）を挙げ、後ろの文では「確保（かくほ）は難しい」という反対（はんたい）の面を述べています。逆接（ぎゃくせつ）の接続詞（せつぞくし）「しかし」が最も基本（きほん）的で適切です。<br>基礎レベル。ここを固めておくと後がぐっと楽になります。
JLPT_N2_LK_Gr_638,言語知識,文法,文章の文法,3,文章中の [ 1799 ] に入る最も適切なものを選びなさい。<br><br>【文章】<br>そこで、通勤時間や就寝前のわずかなスキマ時間を活用することが推奨されている。毎日わずか15分であっても、継続すること [ 1799 ] 年間で大きな差となって現れるからだ。,によって,に対して,に反して,を問わず,によって,正解は「によって」です。<br>「〜によって」は「手段（しゅだん）や方法（ほうほう）、原因（げんいん）」を表します。<br>「継続（けいぞく）すること」を手段・方法として、「大きな差となって現（あらわ）れる」という結果につながる関係を示しています。<br>標準レベル。本番で合否を分けやすいタイプの問題です。
JLPT_N2_LK_Gr_639,言語知識,文法,文章の文法,4,文章中の [ 1800 ] に入る最も適切なものを選びなさい。<br><br>【文章】<br>自分の興味のある分野から無理なく始め、少しずつ読書を習慣化していくこと [ 1800 ] 。,なのかなのではないだろうか,わけがない,はずがない,にすぎない,なのかなのではないだろうか,正解は「なのかなのではないだろうか」です。<br>「〜のではないだろうか」は、筆者（ひっしゃ）の主張（しゅちょう）をやわらかく伝（つた）える表現です。<br>文章の締めくくりとして「〜習慣化（しゅうかんか）していくことが大切（たいせつ）なのではないだろうか」と述べる展開（てんかい）が最も自然です。<br>応用レベル。文脈を最後まで読まないと選びきれないタイプです。
JLPT_N2_LK_Gr_640,言語知識,文法,文の文法1,1,市の指導書 ______ 、防災訓練を実施した。,に沿って,に反して,に際して,にかかわって,に沿って,正解は「に沿って」です。<br>「〜に沿（そ）って」は、「〜の方針（ほうしん）やルールにしたがって」という意味を表（あらわ）す基本（きほん）的な表現です。<br>「〜に反（はん）して」は反対、「〜に際（さい）して」は特別（とくべつ）な時、「〜にかかわって」は関係（かんけい）することを表すため不適切（ふてきせつ）です。<br>まずここから。絶対に覚えたい基本の形です。
JLPT_N2_LK_Gr_641,言語知識,文法,文の文法1,4,今回の実験が成功したのは、チーム全員の地道な努力の成果 ______ 。,にほかならない,にすぎない,に相違ない,に基づいている,にほかならない,正解は「にほかならない」です。<br>「〜にほかならない」は、「まさに〜だ・それ以外（いがい）の何ものでもない」と強い断定（だんてい）を表す応用（おうよう）的な表現です。<br>「〜にすぎない」は「ただ〜だけだ」、「〜に相違（そうい）ない」は「確信（かくしん）がある」、「〜に基（もと）づいている」は基準（きじゅん）を表すため、強い強調（きょうちょう）の文脈には合いません。<br>やや難しい応用レベル。ここまで解ければ上位層です。
JLPT_N2_LK_Gr_642,言語知識,文法,文の文法1,2,親切な通行人が道を教えてくれた ______ 、迷わずに目的地に着くことができた。,おかげで,せいで,せいか,あげく,おかげで,正解は「おかげで」です。<br>「〜おかげで」は、良い結果（けっか）になった理由（りゆう）や原因（げんいん）を表す標準（ひょうじゅん）的な表現です。<br>「〜せいで」や「〜せいか」は悪い結果や不確実（ふかくじつ）な原因を表し、「〜あげく」は残念（ざんねん）な結果を表すため不適切です。<br>基本の表現ですが、似た形と混同しやすいので要注意。
JLPT_N2_LK_Gr_643,言語知識,文法,文の文法1,5,前もって連絡してくれれば準備できた ______ 、急に来られても対応できない。,ものを,ことに,ものの,ところを,ものを,正解は「ものを」です。<br>「〜ものを」は、「〜すればよかったのに、実際（じっさい）は違（ちが）って残念（ざんねん）だ」という不満（ふまん）や後悔（こうかい）の気持ちを表す高度（こうど）な表現です。<br>「〜ことに」は感情（かんじょう）の強調、「〜ものの」は事実（じじつ）の逆接（ぎゃくせつ）、「〜ところを」は感謝（かんしゃ）やお詫びの文脈（ぶんみゃく）で使うため不自然です。<br>発展レベル。ここは差がつく一問。余裕があれば覚えておきましょう。
JLPT_N2_LK_Gr_644,言語知識,文法,文の文法2,3,今夜から ______ ______ __★__ ______ 恐れがある。,明日の朝にかけて,関東地方では,大雨が,降る,大雨が,正解は「大雨が」です。<br>正しい文章（ぶんしょう）は「今夜から [明日の朝にかけて] [関東地方では] [★大雨が] [降る] 恐れがある。」となります。<br>「時間（じかん）の範囲（はんい）」を表す「〜から〜にかけて」を使い、その後に場所（ばしょ）と主語（しゅご）の「大雨が」、動詞の「降る」がつながります。標準（ひょうじゅん）的な組み立て問題です。<br>標準レベル。ここが安定して解けるとN2合格が見えてきます。
JLPT_N2_LK_Gr_645,言語知識,文法,文の文法2,1,明日は ______ ______ __★__ ______ わけにはいかない。,大事な,会議が,あるから,遅刻する,あるから,正解は「あるから」です。<br>正しい文章（ぶんしょう）は「明日は [大事な] [会議が] [★あるから] [遅刻する] わけにはいかない。」となります。<br>「大事な会議があるから」で理由（りゆう）を説明し、「〜わけにはいかない（〜できない）」という文末（ぶんまつ）表現につながる基本（きほん）的な問題です。<br>落とせない基礎レベル。確実に正解しておきましょう。
JLPT_N2_LK_Gr_646,言語知識,文法,文の文法2,5,このコンテストは ______ ______ __★__ ______ 応募できる。,年齢や,国籍,を問わず,誰でも,を問わず,正解は「を問わず」です。<br>正しい文章（ぶんしょう）は「このコンテストは [年齢や] [国籍] [★を問わず] [誰でも] 応募できる。」となります。<br>「〜を問（と）わず（〜に関係（かんけい）なく）」という高度（こうど）な表現を使い、「誰でも応募できる」という言葉につなげます。<br>発展レベル。N1にもつながる難問です。今は「こんな表現もある」と知っておけば十分。
JLPT_N2_LK_Gr_647,言語知識,文法,文章の文法,2,文章中の [ 1808 ] に入る最も適切なものを選びなさい。<br><br>【文章】<br>健康を維持するためには、毎日のバランスの良い食事と適度な運動が不可欠である。しかし、多忙な現代人にとって、これらを毎日実践することは容易ではない。[ 1808 ] 、生活習慣病のリスクが高まっていると言われている。,その結果,なぜなら,ただし,一方で,その結果,正解は「その結果」です。<br>前（まえ）の文で「実践（じっせん）することが容易（ようい）ではない（難しい）」と原因（げんいん）を述べ、後ろの文で「リスクが高（たか）まっている」という結果（けっか）を述べています。<br>原因と結果をつなぐ基本（きほん）的な接続詞（せつぞくし）「その結果」が最も自然です。「なぜなら」は理由、「ただし」は条件、「一方で」は比較を表すため適しません。<br>よく出る基本レベル。パターンで覚えてしまいましょう。
JLPT_N2_LK_Gr_648,言語知識,文法,文章の文法,3,文章中の [ 1809 ] に入る最も適切なものを選びなさい。<br><br>【文章】<br>運動をする時間が取れない場合は、一駅分歩いたり階段を使ったりするだけでも効果がある。特別なスポーツすることだけが運動ではなく、日常の工夫 [ 1809 ] 。,にすぎないのだ,も大切なのである,をめぐってである,にともなうのだ,も大切なのである,正解は「も大切なのである」です。<br>「〜だけが運動ではなく、日常（にちじょう）の工夫（くふう）も大切（たいせつ）なのである」という標準（ひょうじゅん）的な展開（てんかい）になります。<br>「〜にすぎない」は限定（げんてい）、「〜をめぐって」は議論（ぎろん）の対象、「〜にともなう」は伴随（ばんずい）を表すため、文脈（ぶんみゃく）に合いません。<br>実際の試験でよく問われる標準レベルの問題です。
JLPT_N2_LK_Gr_649,言語知識,文法,文章の文法,4,文章中の [ 1810 ] に入る最も適切なものを選びなさい。<br><br>【文章】<br>自分の生活スタイルに合った方法を見つけ、無理のない範囲で少しずつ習慣化していく努力を怠る [ 1810 ] 。,わけにはいかないだろう,っこないだろう,にすぎないだろう,わけがないだろう,わけにはいかないだろう,正解は「わけにはいかないだろう」です。<br>「努力（どりょく）を怠（おこた）る（なまける）わけにはいかない（〜してはいけない）」という強い主張（しゅちょう）で文章（ぶんしょう）を締めくくっています。<br>「〜わけにはいかない」は立場（たちば）や責任（せきにん）から「〜できない」という意味を表す発展（はってん）的な表現です。<br>応用レベル。一度で正解できたら自信を持ってよい問題です。
JLPT_N2_LK_Gr_650,言語知識,文法,文の文法1,2,この地域には、富士山 ______ 多くの有名な観光地がある。,をはじめ,をこめて,をもとに,をめぐって,をはじめ,正解は「をはじめ」です。<br>「〜をはじめ（として）」は、「代表（だいひょう）的なものを一つ挙（あ）げる」時に使う基本（きほん）的な表現です。<br>「〜をこめて」は感情（かんじょう）を入れる時、「〜をもとに」は材料（ざいりょう）や基準（きじゅん）、「〜をめぐって」は議論（ぎろん）の話題（わだい）を表すため不適切（ふてきせつ）です。<br>基本レベル。意味の違いを一度整理しておくと安心です。
JLPT_N2_LK_Gr_651,言語知識,文法,文の文法1,4,東京公演 ______ 、彼の全国ツアーが華やかにスタートした。,を皮切りに,を際して,を込めて,をもって,を皮切りに,正解は「を皮切り（かわきり）に」です。<br>「〜を皮切りに（して）」は、「一つの出来事（できごと）を出発点（しゅっぱつてん）として、同じような行動（こうどう）が連続（れんぞく）して起こる」という意味を表（あらわ）す応用（おうよう）的な表現です。<br>「〜を際（さい）して」は誤り、「〜を込（こ）めて」は気持ちを入れること、「〜をもって」は手段（しゅだん）や期限（きげん）を表すため不適切です。<br>応用レベル。意外と難しい問題なので、間違えても気にしすぎないこと。
JLPT_N2_LK_Gr_652,言語知識,文法,文の文法1,1,この建物は、有名な建築家 ______ 設計された。,によって,に比べて,に反して,に沿って,によって,正解は「によって」です。<br>「（受動形（じゅどうけい）とともに使って）〜によって」は、「受動（じゅどう）の動作（どうさ）を行う人や組織（そしき）」を表す基本（きほん）的な表現です。<br>「〜に比（くら）べて」は比較（ひかく）、「〜に反（はん）して」は反対、「〜に沿（そ）って」は方針（ほうしん）などに合わせることを表すため合いません。<br>N2の土台になる文法です。迷わず選べるようにしておきたいところ。
JLPT_N2_LK_Gr_653,言語知識,文法,文の文法1,5,本日の営業は、午後6時 ______ 終了とさせていただきます。,を限りに,を中心に,をきっかけに,をもとにして,を限りに,正解は「を限（かぎ）りに」です。<br>「〜を限りに」は、「〜の時間を最後（さいご）として（これまでの状態（じょうたい）を終わらせる）」という意味を表す高度（こうど）な表現です。<br>「〜を中心（ちゅうしん）に」は真ん中、「〜をきっかけに」は動機（どうき）、「〜をもとにして」は材料（ざいりょう）を表すため、時間を区切る（くぎる）文脈（ぶんみゃく）には適しません。<br>発展レベル。かなり難しいので、間違えても落ち込む必要はありません。
JLPT_N2_LK_Gr_654,言語知識,文法,文の文法2,3,どんなに ______ ______ __★__ ______ べきではない。,怠る,連絡を,忙しくても,重要な,連絡を,正解は「連絡を」です。<br>正しい文章（ぶんしょう）は「どんなに [忙しくても] [重要な] [★連絡を] [怠る] べきではない。」となります。<br>「どんなに〜ても（どれほど〜でも）」という文型（ぶんけい）に、「重要（じゅうよう）な連絡（れんらく）を怠（おこた）る（忘れる・なまける）」という目的語（もくてきご）と動詞（どうし）の関係（かんけい）がつながり、最後の「〜べきではない」に結びつきます。標準（ひょうじゅん）的な問題です。<br>標準レベル。前後の文脈をていねいに読むのがコツです。
JLPT_N2_LK_Gr_655,言語知識,文法,文の文法2,1,会議の ______ ______ __★__ ______ 話し合った。,詳しく,について,日程,担当者と,担当者と,「〜について（話題）」と、動作の相手を表す「〜と」を組み合わせる基本的な問題です。<br>文を正しく組み立てると、「会議の日程について担当者と詳しく話し合った。」となります。<br><br>【正しい順番】<br>1. 日程<br>2. について<br>3. ★ 担当者と<br>4. 詳しく<br><br>したがって、★の位置に入る語句は「担当者と」となります。<br>基礎レベル。ここを固めておくと後がぐっと楽になります。
JLPT_N2_LK_Gr_656,言語知識,文法,文の文法2,4,長年の ______ ______ __★__ ______ 夢を果たすことができた。,ついに,努力が,実を結び、,継続的な,実を結び、,正解は「実を結び、」です。<br>正しい文章（ぶんしょう）は「長年の [継続的な] [努力が] [★実を結び、] [ついに] 夢を果たすことができた。」となります。<br>「実（み）を結（むす）ぶ（良い結果（けっか）になる）」という慣用（かんよう）表現を含（ふく）む応用（おうよう）的な組み立て問題です。<br>応用レベル。文脈を最後まで読まないと選びきれないタイプです。
JLPT_N2_LK_Gr_657,言語知識,文法,文章の文法,2,文章中の [ 1818 ] に入る最も適切なものを選びなさい。<br><br>【文章】<br>コミュニケーションにおいて、相手の話を最後までしっかり聴くことが重要である。途中で遮らずに聴くことで、相手の真意を正確に理解できるからだ。[ 1818 ] 、聞き上手になることが良好な人間関係を築く第一歩となるのだ。,つまり,しかし,例えば,ただし,つまり,正解は「つまり」です。<br>前（まえ）の文で「相手の真意（しんい）を正確（せいかく）に理解（りかい）できる」と述べ、後ろの文で「聞き上手になることが第一歩だ」と要約（ようやく）してまとめています。<br>前の内容（ないよう）を言い換（か）えたりまとめたりする基本（きほん）的な接続詞（せつぞくし）「つまり」が適切です。「しかし」は逆接、「例えば」は例示、「ただし」は条件を表します。<br>基本レベル。確実に得点したい一問です。
JLPT_N2_LK_Gr_658,言語知識,文法,文章の文法,3,文章中の [ 1819 ] に入る最も適切なものを選びなさい。<br><br>【文章】<br>しかし、自分の意見を主張することばかりに気を取られ、相手の話を途中で遮ってしまう人も少なくない。自分の考えを押し付けること [ 1819 ] 、信頼関係を損なう原因になりかねない。,はもちろん,にすぎないが,に反して,をめぐって,はもちろん,正解は「はもちろん」です。<br>「〜はもちろん（〜は当然（とうぜん）として）」は、一つのことだけでなく、さらに別のことにも言及（げんきゅう）する標準（ひょうじゅん）的な表現です。<br>「考えを押し付けること」はもちろん、「相手の話を遮（さえぎ）ること」なども含（ふく）めて信頼（しんらい）関係（かんけい）を壊（こわ）す原因（げんいん）になると説明（せつめい）しています。<br>標準レベル。本番で合否を分けやすいタイプの問題です。
JLPT_N2_LK_Gr_659,言語知識,文法,文章の文法,5,文章中の [ 1820 ] に入る最も適切なものを選びなさい。<br><br>【文章】<br>日常の対話の中で、意識して「聴く態度」を身につけていく努力を重ねていくこと [ 1820 ] 。,が強く求められているのだ,にすぎないのだ,わけがないのだ,ざるを得ないのだ,が強く求められているのだ,正解は「が強く求められているのだ」です。<br>文章（ぶんしょう）全体の締めくくりとして、「〜していくこと＋が強く求められている（必要（ひつよう）とされている）」という主張（しゅちょう）の文末（ぶんまつ）表現が最適（さいてき）です。<br>「〜にすぎない」は限定（げんてい）、「〜わけがない」は強（つよ）い否定（ひてい）、「〜ざるを得（え）ない」は義務（ぎむ）感を意味（いみ）するため、まとめの表現として不自然（ふしぜん）です。<br>発展レベル。硬い書き言葉で使われる表現です。読んで意味が分かれば合格ライン。
JLPT_N2_LK_Gr_660,言語知識,文法,文の文法1,3,激しい雨が降っていた ______ 、サッカーの試合は予定通り行われた。,にもかかわらず,に反して,にともなって,に応じで,にもかかわらず,正解は「にもかかわらず」です。<br>「〜にもかかわらず」は、「〜なのに・〜という状況（じょうきょう）でも、予想（よそう）されることと違（ちが）うことが起こる」という意味を表（あらわ）す標準（ひょうじゅん）的な表現です。<br>「〜に反（はん）して」は期待（きたい）や予測（よそく）と反対であることを表し、「〜にともなって」は変化にともなうこと、「〜に応じて」は条件に合わせることを表すため、不適切（ふてきせつ）です。<br>標準レベル。ここが安定して解けるとN2合格が見えてきます。
JLPT_N2_LK_Gr_661,言語知識,文法,文の文法1,1,毎週日曜日の定期見学会は、年末年始 ______ 実施されています。,を除いて,を込めて,をめざして,をもとに,を除いて,正解は「を除いて」です。<br>「〜を除（のぞ）いて」は、「〜以外（いがい）は・〜のほかは」という意味を表（あらわ）す基本（きほん）的な表現です。<br>「年末年始を除いて実施されている（年末年始以外は行われている）」という意味になります。「〜を込（こ）めて」は気持ち、「〜をめざして」は目標、「〜をもとに」は材料（ざいりょう）を表すため不適切（ふてきせつ）です。<br>まずここから。絶対に覚えたい基本の形です。
JLPT_N2_LK_Gr_662,言語知識,文法,文の文法1,5,彼は家族の猛反対を ______ 、長年勤めた会社を辞めて起業した。,もものともせず,もさることながら,にあいまって,にひきかえ,もものともせず,正解は「もものともせず」です。<br>「〜もものともせず」は、「危険（きけん）や障害（しょうがい）をまったく問題（もんだい）にしないで勇敢（ゆうかん）に行動する」という意味を表す高度（こうど）な表現です。<br>「〜もさることながら」は〜はもちろん、「〜にあいまって」は組み合わさって、「〜にひきかえ」は大きな対比（たいひ）を表すため、文脈（ぶんみゃく）に合いません。<br>発展レベル。ここは差がつく一問。余裕があれば覚えておきましょう。
JLPT_N2_LK_Gr_663,言語知識,文法,文の文法1,2,先生の詳しい説明 ______ 、難しい問題の意味がやっと理解できた。,のおかげで,のせいで,のあげく,の末に,のおかげで,正解は「のおかげで」です。<br>「〜のおかげで」は、良い結果（けっか）になった理由（りゆう）や原因（げんいん）を表す基本（きほん）的な表現です。<br>「〜のせいで」は悪い結果、「〜のあげく」や「〜の末（すえ）に」は長いプロセスの末の残念な結果などを表すため、感謝（かんしゃ）の文脈（ぶんみゃく）には不適切（ふてきせつ）です。<br>基本の表現ですが、似た形と混同しやすいので要注意。
JLPT_N2_LK_Gr_664,言語知識,文法,文の文法2,4,大切な約束を ______ ______ __★__ ______ 言わざるを得ない。,破るなんて,誠実さに,欠けると,彼としての,誠実さに,正解は「誠実さに」です。<br>正しい文章（ぶんしょう）は「大切な約束を [破るなんて] [彼としての] [★誠実さに] [欠けると] 言わざるを得ない。」となります。<br>「〜と言（い）わざるを得（え）ない（どうしても〜と言わなければならない）」という応用（おうよう）的な文末表現と結びつく並べ替え問題です。<br>やや難しい応用レベル。ここまで解ければ上位層です。
JLPT_N2_LK_Gr_665,言語知識,文法,文の文法2,1,どんなに ______ ______ __★__ ______ ことにしている。,疲れていても、,寝る前に,必ず歯を,磨く,必ず歯を,正解は「必ず歯を」です。<br>正しい文章（ぶんしょう）は「どんなに [疲れていても、] [寝る前に] [★必ず歯を] [磨く] ことにしている。」となります。<br>「〜ことにしている（自分（じぶん）の習慣（しゅうかん）を決めている）」という基本（きほん）的な表現につながる組み立て問題です。<br>落とせない基礎レベル。確実に正解しておきましょう。
JLPT_N2_LK_Gr_666,言語知識,文法,文の文法2,5,彼の発言は、 ______ ______ __★__ ______ 不適切なものだった。,責任ある,専門家としての,立場を,疑われかねない,立場を,正解は「立場を」です。<br>正しい文章（ぶんしょう）は「彼の発言は、 [責任ある] [専門家としての] [★立場を] [疑われかねない] 不適切なものだった。」となります。<br>「〜かねない（悪い結果になる可能性がある）」という高度（こうど）な文法表現（ひょうげん）を組み込んだ問題です。<br>発展レベル。N1にもつながる難問です。今は「こんな表現もある」と知っておけば十分。
JLPT_N2_LK_Gr_667,言語知識,文法,文章の文法,2,文章中の [ 1828 ] に入る最も適切なものを選びなさい。<br><br>【文章】<br>近年、キャッシュレス決済が急速に普及している。現金を持たずに買いものができる利便性がある。[ 1828 ] 、スマートフォンのバッテリー切れや通信障害の際には利用できないというデメリットも存在する。,しかし,したがって,たとえば,つまり,しかし,正解は「しかし」です。<br>前（まえ）の文では「利便性（りべんせい：便利なこと）がある」と述（の）べ、後ろの文では「利用（りよう）できないデメリットもある」と逆（ぎゃく）の内容（ないよう）を伝（つた）えています。反対の意味をつなぐ基本（きほん）的な接続詞（せつぞくし）「しかし」が適切（てきせつ）です。<br>よく出る基本レベル。パターンで覚えてしまいましょう。
JLPT_N2_LK_Gr_668,言語知識,文法,文章の文法,3,文章中の [ 1829 ] に入る最も適切なものを選びなさい。<br><br>【文章】<br>そのため、利便性だけに頼るのではなく、緊急時の対応策を考えておくことが大切である。予備の現金を用意しておくこと [ 1829 ] 、トラブルが発生した際にも焦らずに対処できるからだ。,によって,に反して,をめぐって,に際して,によって,正解は「によって」です。<br>「〜によって」は、「手段（しゅだん）や方法（ほうほう）、原因（げんいん）」を表（あらわ）す標準（ひょうじゅん）的な表現です。<br>「予備（よび）の現金（げんきん）を用意（ようい）しておくこと」を方法として、「焦（あせ）らずに対処（たいしょ）できる」という結果につながっています。<br>実際の試験でよく問われる標準レベルの問題です。
JLPT_N2_LK_Gr_669,言語知識,文法,文章の文法,4,文章中の [ 1830 ] に入る最も適切なものを選びなさい。<br><br>【文章】<br>技術の発展による恩恵を享受しつつも、リスク管理の意識を常に持って行動することが求められている [ 1830 ] 。,のではないだろうか,わけがないだろう,はずがないだろう,にすぎないだろう,のではないだろうか,正解は「のではないだろうか」です。<br>「〜のではないだろうか」は、筆者（ひっしゃ）の主張（しゅちょう）をやわらかく述（の）べる文末（ぶんまつ）表現です。<br>文章のまとめとして、「〜行動（こうどう）することが求められているのではないだろうか」と意見（いけん）を伝（つた）える展開（てんかい）が最も自然（しぜん）です。<br>応用レベル。一度で正解できたら自信を持ってよい問題です。
JLPT_N2_LK_Gr_670,言語知識,文法,文の文法1,2,彼の言葉は単なる言い訳に ______ 、何の根拠もない。,すぎない,ちがいない,はずがない,わけがない,すぎない,正解は「すぎない」です。<br>「〜にすぎない」は、「ただ〜だけで、それ以上（いじょう）のものではない」と限定（げんてい）する基本（きほん）的な表現です。<br>「〜にちがいない」は強い確信（かくしん）、「〜はずがない」や「〜わけがない」は強い否定（ひてい）を表すため、文脈（ぶんみゃく）に合いません。<br>基本レベル。意味の違いを一度整理しておくと安心です。
JLPT_N2_LK_Gr_671,言語知識,文法,文の文法1,4,探検隊は猛吹雪 ______ 頂上を目指して登り続けた。,をものともせずに,をきっかけに,に際して,を問わずに,をものともせずに,正解は「をものともせずに」です。<br>「〜をものともせずに」は、「困難（こんなん）や危険（きけん）に負けずに向かっていく」という意味を表す応用（おうよう）的な表現です。<br>「猛吹雪（もうふぶき）」という厳しい障害（しょうがい）に負けない様子を表します。「〜をきっかけに」は原因（げんいん）、「〜に際（さい）して」は特別な機会、「〜を問（と）わずに」は関係（かんけい）ないことを表すため不適切です。<br>応用レベル。意外と難しい問題なので、間違えても気にしすぎないこと。
JLPT_N2_LK_Gr_672,言語知識,文法,文の文法1,1,日本の伝統文化 ______ 卒論を書く予定だ。,について,に反して,に沿って,にともなって,について,正解は「について」です。<br>「〜について」は、「〜を対象（たいしょう）・話題（わだい）として」という意味を表す基本（きほん）的な表現です。<br>「〜に反（はん）して」は反対の事態、「〜に沿（そ）って」は方針などに合わせること、「〜にともなって」は変化にともなうことを表すため合いません。<br>N2の土台になる文法です。迷わず選べるようにしておきたいところ。
JLPT_N2_LK_Gr_673,言語知識,文法,文の文法1,5,被災地の一日も早い復興を願っ ______ 。,てやみません,つつあります,てはなりません,てばかりいます,てやみません,正解は「てやみません」です。<br>「〜てやまない（てやみません）」は、「心から強く〜し続けている」という強い気持ちを表す高度（こうど）な表現です。<br>「被災地（ひさいち）の復興（ふっこう：元通りになること）を強く願（ねが）う」という硬（かた）い文章（ぶんしょう）で使われます。他の選択肢（せんたくし）は気持ちの強調（きょうちょう）にならないため不適切です。<br>発展レベル。かなり難しいので、間違えても落ち込む必要はありません。
JLPT_N2_LK_Gr_674,言語知識,文法,文の文法2,3,どんなに ______ ______ __★__ ______ わけにはいかない。,疲れていても,途中で,やめる,引き受けた仕事を,途中で,正解は「途中で」です。<br>正しい文章（ぶんしょう）は「どんなに [疲れていても] [引き受けた仕事を] [★途中で] [やめる] わけにはいかない。」となります。<br>「どんなに〜ても（どれほど〜でも）」という文型（ぶんけい）から始まり、最後の「〜わけにはいかない（〜できない）」という義務（ぎむ）や責任（せきにん）を表す標準（ひょうじゅん）的な表現につなげる問題です。<br>標準レベル。前後の文脈をていねいに読むのがコツです。
JLPT_N2_LK_Gr_675,言語知識,文法,文の文法2,1,友達が ______ ______ __★__ ______ 合格できた。,おかげで,教えてくれた,試験に,詳しく,おかげで,正解は「おかげで」です。<br>正しい文章（ぶんしょう）は「友達が [詳しく] [教えてくれた] [★おかげで] [試験に] 合格できた。」となります。<br>「詳しく教えてくれた」という良い原因（げんいん）を受けて、「〜おかげで（感謝（かんしゃ）の気持ちを表す表現）」につながる基本（きほん）的な組み立て問題です。<br>基礎レベル。ここを固めておくと後がぐっと楽になります。
JLPT_N2_LK_Gr_676,言語知識,文法,文の文法2,5,軽率な ______ ______ __★__ ______ かねない。,行動は,信用を,失い,会社の,信用を,正解は「信用を」です。<br>正しい文章（ぶんしょう）は「軽率な [行動は] [会社の] [★信用を] [失い] かねない。」となります。<br>「軽率（けいそつ：深く考えないこと）な行動」という主語（しゅご）に、「会社の信用（しんよう）を失（うし）なう」という熟語（じゅくご）がつき、最後に「〜かねない（悪い結果になる可能性がある）」という発展（はってん）的な表現に結びつきます。<br>発展レベル。硬い書き言葉で使われる表現です。読んで意味が分かれば合格ライン。
JLPT_N2_LK_Gr_677,言語知識,文法,文章の文法,2,文章中の [ 1838 ] に入る最も適切なものを選びなさい。<br><br>【文章】<br>技術の進歩によって、日常生活が大きく変化している。仕事の効率化が進む一方で、人間関係が希薄になるという懸念もある。[ 1838 ] 、便利さだけを追求するのではなく、心豊かな生活について考えることが大切だ。,したがって,なぜなら,例えば,ただし,したがって,正解は「したがって」です。<br>前（まえ）の文で「懸念（けねん：心配（しんぱい）すること）もある」という理由（りゆう）・原因（げんいん）を述べ、後ろの文で「考えることが大切だ」という結果（けっか）・結論（けつろん）を述べています。<br>順接（じゅんせつ）の接続詞（せつぞくし）「したがって」が適切（てきせつ）です。「なぜなら」は理由、「例えば」は例示、「ただし」は条件を表すため間違いです。<br>基本レベル。確実に得点したい一問です。
JLPT_N2_LK_Gr_678,言語知識,文法,文章の文法,3,文章中の [ 1839 ] に入る最も適切なものを選びなさい。<br><br>【文章】<br>一人の力には限界がある。しかし、他者と協力すること [ 1839 ] 、大きな困難を乗り越えることができる。,によって,に反して,をめぐって,を問わず,によって,正解は「によって」です。<br>「〜によって」は、「手段（しゅだん）や方法（ほうほう）」を表す標準（ひょうじゅん）的な表現です。<br>「他者（たしゃ：ほかの人）と協力（きょうりょく）すること」を手段として、「困難（こんなん）を乗り越（こ）えることができる」という結果につなげています。<br>標準レベル。本番で合否を分けやすいタイプの問題です。
JLPT_N2_LK_Gr_679,言語知識,文法,文章の文法,4,文章中の [ 1840 ] に入る最も適切なものを選びなさい。<br><br>【文章】<br>自分とは異なる価値観を持つ人々の意見にも耳を傾け、相互に理解を深めていく努力を継続していくこと [ 1840 ] 。,が求められているのではないだろうか,わけがないのではないだろうか,はずがないのではないだろうか,にすぎないのではないだろうか,が求められているのではないだろうか,正解は「が求められているのではないだろうか」です。<br>「〜努力（どりょく）を継続（けいぞく）していくこと＋が求められている（必要とされている）＋のではないだろうか（筆者（ひっしゃ）の主張）」という組み立てが最も自然（しぜん）です。<br>他の選択肢は否定（ひてい）や限定（げんてい）の意味が重なって不自然な文脈（ぶんみゃく）になってしまいます。<br>応用レベル。文脈を最後まで読まないと選びきれないタイプです。
JLPT_N2_LK_Gr_680,言語知識,文法,文の文法1,2,彼は練習（れんしゅう）期間（きかん）が短かった（みじかかった） ______ 、とても上手に（じょうずに）ピアノを弾いて（ひいて）いる。,わりに,あまり,ついでに,うちに,わりに,「〜わりに（は）」は「〜という条件（じょうけん）から予想（よそう）されることと違って（ちがって）」という意味（いみ）の基本（きほん）的な表現（ひょうげん）です。<br>練習（れんしゅう）が短い（みじかい）のに上手（じょうず）だという時に使います（つかいます）。<br>「〜あまり」は感情（かんじょう）が強すぎる（つよい）こと、「〜ついでに」はついでに別の（べつの）ことをすること、「〜うちに」は〜の間（あいだ）にという意味（いみ）なので文脈（ぶんみゃく）に合いません（あいません）。<br>基本の表現ですが、似た形と混同しやすいので要注意。
JLPT_N2_LK_Gr_681,言語知識,文法,文の文法1,4,体（からだ）の健康（けんこう）を ______ 、夜遅く（よるおそく）まで働く（はたらく）必要（ひつよう）はない。,害してまで（がいしてまで）,害しがちで（がいしがちで）,害するにともない（がいするにともない）,害したあげく（がいしたあげく）,害してまで（がいしてまで）,「動詞（どうし）のて形（けい）＋まで」は「そこまでひどい手段（しゅだん）を使って（つかって）〜する」という意味（いみ）を表す応用（おうよう）的な表現（ひょうげん）です。<br>健康（けんこう）を害して（がいして＝悪く（わるく）して）まで働く（はたらく）必要（ひつよう）はないと言っています。<br>「〜がち」はそうなりやすいこと、「〜にともない」は一緒に（いっしょに）変化（へんか）すること、「〜あげく」は最後に（さいごに）悪い（わるい）結果（けっか）になることを表すので意味（いみ）が合いません（あいません）。<br>やや難しい応用レベル。ここまで解ければ上位層です。
JLPT_N2_LK_Gr_682,言語知識,文法,文の文法1,1,あの旅（たび）の写真（しゃしん）を ______ たびに、楽しかった（たのしかった）思い出（おもいで）を思い出す（おもいだす）。,見る,見た,見て,見よう,見る,「動詞（どうし）の辞書形（じしょけい）＋たびに」は「〜するときはいつも」という意味（いみ）を表す基本（きほん）的な表現（ひょうげん）です。<br>「たびに」の前（まえ）は動詞（どうし）の辞書形（じしょけい）を使います（つかいます）。<br>「見た（みた）」「見て（みて）」「見よう（みよう）」などの形（かたち）は「たびに」につなげることができないので、接続（せつぞく）のエラー（まちがい）になります。<br>まずここから。絶対に覚えたい基本の形です。
JLPT_N2_LK_Gr_683,言語知識,文法,文の文法1,5,どんなに辛い（つらい）ことがあっても、途中で（とちゅうで）夢（ゆめ）を ______ 。,諦めまい（あきらめまい）,諦めることかない（あきらめることかない）,諦めっこない（あきらめっこない）,諦めかねない（あきらめかねない）,諦めまい（あきらめまい）,「〜まい」は「絶対に（ぜったいに）〜しないぞ」という強い（つよい）意志（いし）を表す高度（こうど）な表現（ひょうげん）です。<br>「諦める（あきらめる）」のグループ2の動詞（どうし）は「諦めまい」の形（かたち）になります。<br>「〜っこない」は「絶対に〜できない（不可能（ふかのう））」、「〜かねない」は「〜する危険（きけん）がある」という意味（いみ）なので、自分（じぶん）の決意（けつい）を表す（あらわす）文脈（ぶんみゃく）に合いません（あいません）。<br>発展レベル。ここは差がつく一問。余裕があれば覚えておきましょう。
JLPT_N2_LK_Gr_684,言語知識,文法,文の文法2,3,山田（やまだ）さんは ______ ______ __★__ ______ 手伝って（てつだって）くれた。,にもかかわらず,忙しい（いそがしい）,笑顔で（えがおで）,私のことを（わたしのことを）,笑顔で（えがおで）,「山田（やまだ）さんは忙しい（いそがしい）にもかかわらず笑顔（えがお）で私のことを（わたしのことを）手伝って（てつだって）くれた」という文を作ります（つくります）。<br>順番（じゅんばん）は「忙しい」→「にもかかわらず」→「笑顔で」→「私のことを」になります。<br>★（3番目）に入るのは「笑顔で（えがおで）」です。「〜にもかかわらず」は「〜なのに」という意味（いみ）を表す標準（ひょうじゅん）的な表現（ひょうげん）です。<br>標準レベル。ここが安定して解けるとN2合格が見えてきます。
JLPT_N2_LK_Gr_685,言語知識,文法,文の文法2,1,この料理（りょうり）は ______ ______ __★__ ______ 良い（よい）。,美味しい（おいしい）,健康に（けんこうに）,だけでなく,も,健康に（けんこうに）,「この料理（りょうり）は美味しい（おいしい）だけでなく健康（けんこう）にも良い（よい）」という文を作ります（つくります）。<br>順番（じゅんばん）は「美味しい」→「だけでなく」→「健康に」→「も」になります。<br>★（3番目）に入るのは「健康に（けんこうに）」です。「〜だけでなく〜も」は「〜のほかに〜も」という意味（いみ）の基本（きほん）的な表現（ひょうげん）です。<br>落とせない基礎レベル。確実に正解しておきましょう。
JLPT_N2_LK_Gr_686,言語知識,文法,文の文法2,5,プロの選手（せんしゅ） ______ ______ __★__ ______ 耐え（たえ）なければならない。,どのような,ともなれば,にも,プレッシャー,プレッシャー,「プロの選手（せんしゅ）ともなれば、どのようなプレッシャーにも耐え（たえ）なければならない」という文を作ります（つくります）。<br>順番（じゅんばん）は「ともなれば」→「どのような」→「プレッシャー」→「にも」になります。<br>★（3番目）に入るのは「プレッシャー」です。「〜ともなれば」は「〜という高い（たかい）立場（たちば）になると」という意味（いみ）を表す高度（こうど）な文法（ぶんぽう）です。<br>発展レベル。N1にもつながる難問です。今は「こんな表現もある」と知っておけば十分。
JLPT_N2_LK_Gr_687,言語知識,文法,文の文法2,2,明日（あした）は ______ ______ __★__ ______ 持って（もって）行った（いった）ほうがいい。,おそれがあるので,雨が（あめが）,傘を（かさを）,降る（ふる）,おそれがあるので,「明日（あした）は雨（あめ）が降る（ふる）おそれがあるので傘（かさ）を持って（もって）行った（いった）ほうがいい」という文を作ります（つくります）。<br>順番（じゅんばん）は「雨が」→「降る」→「おそれがあるので」→「傘を」になります。<br>★（3番目）に入るのは「おそれがあるので」です。「〜おそれがある」は「悪い（わるい）ことが起きる（おきる）かもしれない」という意味（いみ）の表現（ひょうげん）です。<br>よく出る基本レベル。パターンで覚えてしまいましょう。
JLPT_N2_LK_Gr_688,言語知識,文法,文章の文法,3,最近（さいきん）、一人（ひとり）でキャンプをする「ソロキャンプ」が流行って（はやって）いる。自分（じぶん）の好きな（すきな）時間に自由（じゆう）に過ごせる（すごせる）のが魅力（みりょく）だ。 ______ 、火の（ひの）扱い（あつかい）や防犯（ぼうはん）には十分（じゅうぶん）に気をつけなければならない。一人（ひとり）だからこそ、安全（あんぜん）への配慮（はいりょ）が必要（ひつよう）だ。,ただし,したがって,たとえば,それに,ただし,文章（ぶんしょう）の前半（ぜんはん）ではソロキャンプの良さ（よさ）を説明（せつめい）しています。空欄（くうらん）の後ろ（うしろ）では「気をつけなければいけない注意点（ちゅういてん）」を足して（たして）説明しています。<br>このように条件（じょうけん）や注意（ちゅうい）を付け加える（つけくわえる）時は「ただし」を使います。<br>「したがって」は結果（けっか）、「たとえば」は例（れい）、「それに」は理由（りゆう）の追加（ついか）を表すので不適切（ふてきせつ）です。<br>実際の試験でよく問われる標準レベルの問題です。
JLPT_N2_LK_Gr_689,言語知識,文法,文章の文法,4,地域（ちいき）の伝統（でんとう）お祭りは、長年（ながねん）住民（じゅうみん）によって大切（たいせつ）に守られて（まもられて）きた。しかし、高齢化（こうれいか）が進み（すすめ）、準備（じゅんび）をする人が減って（へって）いる。このままでは、歴史（れきし）あるお祭りを続けて（つづけて）いくことが ______ 。地元の若者（わかもの）の協力（きょうりょく）が強く（つよく）求められて（もとめられて）いる。,難しく（むずかしく）なりつつある,難しく（むずかしく）なるに違いない,難しく（むずかしく）なるはずだ,難しく（むずかしく）なりっこない,難しく（むずかしく）なりつつある,「動詞（どうし）のます形（けい）＋つつある」は「今（いま）、ちょうど〜という方向（ほうこう）に変化（へんか）が進んで（すすんで）いる」という意味（いみ）を表す応用（おうよう）的な表現（ひょうげん）です。<br>お祭りを続ける（つづける）ことが段々と（だんだんと）難しく（むずかしく）変化（へんか）している状況（じょうきょう）に合います。<br>「〜に違いない（ちがいない）」や「〜はずだ」は強い（つよい）推測（すいそく）、「〜っこない」は「絶対に（ぜったいに）〜ない（不可能（ふかのう））」という意味（いみ）なので文脈（ぶんみゃく）に合いません（あいません）。<br>応用レベル。一度で正解できたら自信を持ってよい問題です。
JLPT_N2_LK_Gr_690,言語知識,文法,文の文法1,1,この動物園には、パンダ ______ 珍しい（めずらしい）動物がたくさんいる。,をはじめ,にかけて,に向かって,にしたがって,をはじめ,「〜をはじめ」は「まず一番（いちばん）有名なものを出して、それ以外にもたくさんある」と言いたい（いたい）ときに使（つか）う基本（きほん）的な表現（ひょうげん）です。<br>例：パンダをはじめ、たくさんの動物（どうぶつ）。<br>「〜にかけて」は時間（じかん）や場所（ばしょ）の範囲（はんい）を表（あらわ）すのでダメです。「〜に向かって」は方向（ほうこう）や目標（もくひょう）、「〜にしたがって」は変化（へんか）に合わせて（あわせて）変わる（かわる）ことを表すので合（あ）いません。<br>N2の土台になる文法です。迷わず選べるようにしておきたいところ。
JLPT_N2_LK_Gr_691,言語知識,文法,文の文法1,2,私はボランティア活動（かつどう） ______ 、いろいろな人と出会う（でおう）ことができた。,を通じて,にあたって,をこめて,に沿って,を通じて,「〜を通じて（つうじて）」は「〜という手段（しゅだん）や期間（きかん）の間（あいだ）で」という意味（いみ）です。ボランティア活動（かつどう）をして、いろいろな人に出会った（であう）という文章（ぶんしょう）でよく使（つか）います。<br>「〜にあたって」は何かを始めるとき（はじめるとき）の準備（じゅんび）、「〜をこめて」は気持ち（きもち）を入れる（いれる）こと、「〜に沿（そ）って」は計画（けいかく）通りの進行を表すので意味が違います（ちがいます）。<br>基本レベル。意味の違いを一度整理しておくと安心です。
JLPT_N2_LK_Gr_692,言語知識,文法,文の文法1,3,彼が試験（しけん）に合格（ごうかく）できたのは、毎日の努力（どりょく）の成果（せいか） ______ 。,にほかならない,にすぎない,わけがない,に決まっている,にほかならない,「〜にほかならない」は「絶対に（ぜったいに）〜だ」「それ以外（いがい）の理由（りゆう）はない」と強（つよ）く言い切る（いいきる）標準（ひょうじゅん）的なN2表現（ひょうげん）です。<br>「〜にすぎない」は「ただ〜だけだ（大したことはない）」という意味（いみ）、「〜わけがない」は「絶対に〜ない（不可能（ふかのう））」、「〜に決（き）まっている」は確信（かくしん）を表しますが接続（せつぞく）や文脈（ぶんみゃく）が合（あ）いません。<br>標準レベル。前後の文脈をていねいに読むのがコツです。
JLPT_N2_LK_Gr_693,言語知識,文法,文の文法1,4,大雨（おおあめ）がこのまま続けば（つづけば）、川（かわ）があふれて大きな被害（ひがい）が ______ 。,起きかねない,起きがたい,起きるはずがない,起きるわけにはいかない,起きかねない,「動詞（どうし）のます形（けい）＋かねない」は「悪い（わるい）結果（けっか）になるかもしれない」という危険（きけん）を表（あらわ）す応用（おうよう）的な表現（ひょうげん）です。<br>「〜がたい」は「〜するのが難しい（むずかしい）」、「〜はずがない」は強（つよ）い否定（ひてい）、「〜わけにはいかない」は立場（たちば）やルールでできないことを表すので、問題（もんだい）の文脈（ぶんみゃく）に合（あ）いません。<br>応用レベル。意外と難しい問題なので、間違えても気にしすぎないこと。
JLPT_N2_LK_Gr_694,言語知識,文法,文の文法1,5,今回（こんかい）のアンケート結果（けっか） ______ 、新しい商品（しょうひん）のデザインを決定（けってい）する。,を踏まえて,を限りに,をもって,に先立ち,を踏まえて,「〜を踏まえて（ふまえて）」は「〜という事実（じじつ）や経験（けいけん）を考慮（こうりょ）に入れて（いれて）次（つぎ）のことを考える（かんがえる）」という意味（いみ）の高度（こうど）な文法（ぶんぽう）です。<br>「〜を限りに（かぎりに）」は「〜で終わり（おわり）にする」、「〜をもって」は「〜で終了（しゅうりょう）する／〜の手段（しゅだん）で」、「〜に先立ち（さきだち）」は「〜の前に（まえに）」という意味（いみ）なので不適切（ふてきせつ）です。<br>発展レベル。かなり難しいので、間違えても落ち込む必要はありません。
JLPT_N2_LK_Gr_695,言語知識,文法,文の文法2,1,この ______ ______ __★__ ______ 計画（けいかく）を進めます（すすめます）。,に基づいて,調査（ちょうさ）の,結果（けっか）,新しい（あたらしい）,に基づいて,「この調査（ちょうさ）の結果（けっか）に基づいて（もとづいて）新しい（あたらしい）計画（けいかく）を進めます」という文を作ります。<br>順番（じゅんばん）は「調査の」→「結果」→「に基づいて」→「新しい」になります。<br>★（3番目）に入るのは「に基づいて」です。「〜に基づいて」は「〜を基礎（きそ）や基準（きじゅん）にして」という意味の基本（きほん）的な文法です。<br>基礎レベル。ここを固めておくと後がぐっと楽になります。
JLPT_N2_LK_Gr_696,言語知識,文法,文の文法2,3,体調（たいちょう）が ______ ______ __★__ ______ 休む（やすむ）わけにはいかない。,大切な（たいせつな）,会議（かいぎ）を,悪いからといって,仕事の（しごとの）,仕事の（しごとの）,「体調（たいちょう）が悪い（わるい）からといって大切な（たいせつな）仕事（しごと）の会議（かいぎ）を休むわけにはいかない」という文を作ります。<br>順番（じゅんばん）は「悪いからといって」→「大切な」→「仕事の」→「会議を」になります。<br>★（3番目）に入る語句（ごく）は「仕事の（しごとの）」です。「〜からといって」は「〜という理由（りゆう）だけで」という意味で、「〜わけにはいかない（ルールや状況（じょうきょう）でできない）」と一緒に使う標準（ひょうじゅん）的な表現（ひょうげん）です。<br>標準レベル。本番で合否を分けやすいタイプの問題です。
JLPT_N2_LK_Gr_697,言語知識,文法,文の文法2,4,今回の（こんかいの） ______ ______ __★__ ______ 見直される（みなおされる）ことになった。,契機に（けいきに）,安全（あんぜん）ルールが,事故を（じこを）,全面的に（ぜんめんてきに）,安全（あんぜん）ルールが,「今回の事故（じこ）を契機（けいき）に安全（あんぜん）ルールが全面的（ぜんめんてき）に見直される（みなおされる）ことになった」という文を作ります。<br>順番（じゅんばん）は「事故を」→「契機に」→「安全ルールが」→「全面的に」になります。<br>★（3番目）に入るのは「安全（あんぜん）ルールが」です。「〜を契機に（けいきに）」は「〜が良い（よい）変化（へんか）や大きな動き（うごき）のきっかけになって」という意味（いみ）の応用（おうよう）的なN2文法です。<br>応用レベル。文脈を最後まで読まないと選びきれないタイプです。
JLPT_N2_LK_Gr_698,言語知識,文法,文章の文法,2,近年（きんねん）、インターネットで買い物を（かいものを）する人が増えて（ふえて）いる。お店（みせ）に行かなくても（いかなくても）好きな（すきな）ものが買える（かえる）ので便利（べんり）だからだ。 ______ 、実物（じつぶつ）を見ないで（みないで）買う（かう）ため、届いた（とどいた）商品（しょうひん）がイメージと違った（ちがった）というトラブルも起きている（おきている）。,しかし,したがって,なぜなら,たとえば,しかし,文章（ぶんしょう）の前半（ぜんはん）では「インターネットの買い物（かいもの）は便利（べんり）だ」と良い（よい）点を書いています。空欄（くうらん）の後ろ（うしろ）では「トラブルも起きている」と逆の（ぎゃくの）悪い（わるい）点を言っています。<br>このように反対（はんたい）の内容（ないよう）をつなぐ時は「しかし」を使います。<br>「したがって」は結果（けっか）、「なぜなら」は理由（りゆう）、「たとえば」は具体例（ぐたいれい）を表すので意味が合いません（あいません）。<br>基本レベル。確実に得点したい一問です。
JLPT_N2_LK_Gr_699,言語知識,文法,文章の文法,5,AIの技術（ぎじゅつ）は急速に（きゅうそくに）進化（しんか）しており、私たちの生活（せいかつ）を便利（べんり）にしている。しかし、AIに頼り（たより）すぎると、人間（にんげん）の考える（かんがえる）能力（のうりょく）が低下（ていか）してしまう恐れ（おそれ）がある。AIはあくまでも人間をサポートするツールに ______ のだ。,すぎない,かねない,ほかならない,違いない,すぎない,「〜にすぎない」は「ただ〜だけで、それ以上の（いじょうの）ものではない」という意味（いみ）を表す高度（こうど）な文法です。<br>文脈（ぶんみゃく）では「AIは人間を助ける（たすける）道具（どうぐ）でしかなく、人間（にんげん）のかわりにはならない」と言いたい（いたい）ので「すぎない」が正解（せいかい）です。<br>「〜かねない」は悪い（わるい）結果（けっか）の可能性（かのうせい）、「〜にほかならない」は強い（つよい）断定（だんてい）、「〜に違いない（ちがいない）」は強い（つよい）推測（すいそく）なので文脈（ぶんみゃく）に合いません（あいません）。<br>発展レベル。硬い書き言葉で使われる表現です。読んで意味が分かれば合格ライン。
