question_id,category_lv1,category_lv2,category_lv3,difficulty,question_text,option_1,option_2,option_3,option_4,correct_answer,explanation
JLPT_N2_LK_Ch_001,言語知識,文字,漢字読み,3,契約を<u>更新</u>する。,こうしん,こうじん,くんしん,ぐんしん,こうしん,「更新」の正しい読み方は「こうしん」です。<br>「こうじん」「くんしん」「ぐんしん」は間違った読み方です。<br>「更新（こうしん）」は、新（あたら）しくし直（なお）すという意味（いみ）です。
JLPT_N2_LK_Ch_002,言語知識,文字,漢字読み,3,この建物は安全性を<u>維持</u>している。,いじ,いち,いちじ,いじり,いじ,「維持」の正しい読み方は「いじ」です。<br>「いち」や「いちじ」は別の言葉（ことば）の読み方なので間違いです。<br>「維持（いじ）」は、同じ状態（じょうたい）を保（たも）つという意味（いみ）です。
JLPT_N2_LK_Ch_003,言語知識,文字,表記,3,予算を<u>さくげん</u>することになった。,削減,削現,策減,削原,削減,「さくげん」の正しい漢字は「削減」です。<br>「削現」や「策減」「削原」という漢字の組み合わせはありません。<br>「削減（さくげん）」は、削（けず）って減（へ）らすという意味（いみ）です。
JLPT_N2_LK_Ch_004,言語知識,文字,漢字読み,3,彼の行動を<u>観察</u>する。,かんさつ,けんさつ,かんさく,けんさく,かんさつ,「観察」の正しい読み方は「かんさつ」です。<br>「けんさつ」「かんさく」「けんさく」は間違った読み方です。<br>「観察（かんさつ）」は、じっくり見（み）て調（しら）べるという意味（いみ）です。
JLPT_N2_LK_Ch_005,言語知識,文字,表記,3,新しい計画が<u>しょうにん</u>された。,承認,証認,勝認,詳認,承認,「しょうにん」の正しい漢字は「承認」です。<br>「証認」「勝認」「詳認」という組み合わせは間違いです。<br>「承認（しょうにん）」は、認（みと）めて許（ゆる）すという意味（いみ）です。
JLPT_N2_LK_Ch_006,言語知識,文字,漢字読み,3,彼は自分の意見を<u>主張</u>した。,しゅちょう,じゅちょう,すちょう,ずちょう,しゅちょう,「主張」の正しい読み方は「しゅちょう」です。<br>「じゅちょう」「すちょう」「ずちょう」は間違った読み方です。<br>「主張（しゅちょう）」は、自分の考えを強く言うという意味（いみ）です。
JLPT_N2_LK_Ch_007,言語知識,文字,表記,3,彼は自分の罪を<u>しょうめい</u>した。,証明,証命,詳明,照命,証明,「しょうめい」の正しい漢字は「証明」です。<br>「証命」「詳明」「照命」という組み合わせは間違いです。<br>「証明（しょうめい）」は、事実（じじつ）を明らかにすることという意味（いみ）です。
JLPT_N2_LK_Ch_008,言語知識,文字,漢字読み,3,彼女は幼いころの苦手意識を<u>克服</u>した。,こくふく,こくふくう,きょくふく,こっふく,こくふく,「克服（こくふく）」の正しい読み方は「こくふく」です。<br>「きょくふく」「こくふくう」「こっふく」は間違った読み方です。<br>「克服（こくふく）」は、大変（たいへん）なことに打（う）ち勝（か）つという意味（いみ）です。<br>N2の標準的な読み方です。
JLPT_N2_LK_Ch_009,言語知識,文字,漢字読み,3,事故の<u>原因</u>を調べている。,げんいん,げんいんん,けんいん,げんえん,げんいん,「原因」の正しい読み方は「げんいん」です。<br>「げんいんん」「けんいん」「げんえん」は間違った読み方です。<br>「原因（げんいん）」は、何かが起きた理由（りゆう）という意味（いみ）です。
JLPT_N2_LK_Ch_010,言語知識,文字,漢字読み,3,荷物を<u>回収</u>する。,かいしゅう,がいしゅう,かいじゅう,かいしゆ,かいしゅう,「回収」の正しい読み方は「かいしゅう」です。<br>「がいしゅう」「かいじゅう」「かいしゆ」は間違った読み方です。<br>「回収（かいしゅう）」は、集（あつ）めて持（も）ち帰（かえ）るという意味（いみ）です。
JLPT_N2_LK_Ch_011,言語知識,文字,表記,3,事故の危険を<u>ふせぐ</u>。,防ぐ,妨ぐ,阻ぐ,護ぐ,防ぐ,「ふせぐ」の正しい漢字は「防ぐ」です。<br>「妨ぐ」「阻ぐ」「護ぐ」という漢字の送り仮名の組み合わせは間違いです。<br>「防ぐ（ふせぐ）」は、悪いことが起きないように予防（よぼう）するという意味（いみ）です。
JLPT_N2_LK_Ch_012,言語知識,文字,漢字読み,3,この地域は環境が<u>良好</u>だ。,りょうこう,りょうこうう,りょうごう,りょこう,りょうこう,「良好」の正しい読み方は「りょうこう」です。<br>「りょうこうう」「りょうごう」「りょこう」は間違った読み方です。<br>「良好（りょうこう）」は、状態（じょうたい）が良いという意味（いみ）です。
JLPT_N2_LK_Ch_013,言語知識,文字,漢字読み,3,彼は周囲の意見を<u>無視</u>した。,むし,ぶし,むじ,ぶじ,むし,「無視」の正しい読み方は「むし」です。<br>「ぶし」「むじ」「ぶじ」は間違った読み方です。<br>「無視（むし）」は、気にしないで気にかけないことという意味（いみ）です。
JLPT_N2_LK_Ch_014,言語知識,文字,表記,3,事故の原因を<u>きゅうめい</u>する。,究明,究命,救明,求明,究明,「きゅうめい」の正しい漢字は「究明」です。<br>「究命」「救明」「求明」という漢字の組み合わせは間違いです。<br>「究明（きゅうめい）」は、理由（りゆう）や事実（じじつ）を最後まで調べるという意味（いみ）です。
JLPT_N2_LK_Ch_015,言語知識,文字,漢字読み,3,社員は会社の規則を<u>遵守</u>しなければならない。,じゅんしゅ,じゅんす,そんしゅ,そんす,じゅんしゅ,「遵守（じゅんしゅ）」の正しい読み方は「じゅんしゅ」です。<br>「じゅんす」「そんしゅ」「そんす」は間違った読み方です。<br>「遵守（じゅんしゅ）」は、決（き）まりや法律（ほうりつ）を守（まも）るという意味（いみ）です。<br>N2の標準的な読み方です。
JLPT_N2_LK_Ch_016,言語知識,文字,漢字読み,3,彼は周囲の信頼を<u>獲得</u>した。,かくとく,けくとく,かくだつ,けくだつ,かくとく,「獲得」の正しい読み方は「かくとく」です。<br>「けくとく」「かくだつ」「けくだつ」は間違った読み方です。<br>「獲得（かくとく）」は、手に入れる（てにいれる）という意味（いみ）です。
JLPT_N2_LK_Ch_017,言語知識,文字,表記,3,事故の被害を<u>さいしょう</u>に抑える。,最小,最少,細小,細少,最小,「しょうしん」の正しい漢字は「最小」です。<br>「最少」「細小」「細少」という組み合わせは間違いです。<br>「最小（さいしょう）」は、いちばん小さいという意味（いみ）です。
JLPT_N2_LK_Ch_018,言語知識,文字,漢字読み,3,この製品の<u>品質</u>を保証する。,ひんしつ,ひんしち,ひんじつ,びんしつ,ひんしつ,「品質」の正しい読み方は「ひんしつ」です。<br>「ひんしち」「ひんじつ」「びんしつ」は間違った読み方です。<br>「品質（ひんしつ）」は、品物（しなもの）の質（しつ）という意味（いみ）です。
JLPT_N2_LK_Ch_019,言語知識,文字,漢字読み,3,不測の事態に<u>備える</u>。,そなえる,たかえる,かかえる,むかえる,そなえる,「備える」の正しい読み方は「そなえる」です。<br>「たかえる」「かかえる」「むかえる」は間違った読み方です。<br>「備（そな）える」は、準備（じゅんび）をしておくという意味（いみ）です。
JLPT_N2_LK_Ch_020,言語知識,文字,表記,3,新しい事業を<u>かくだい</u>する。,拡大,拡代,確大,確代,拡大,「かくだい」の正しい漢字は「拡大」です。<br>「拡代」「確大」「確代」という漢字の組み合わせは間違いです。<br>「拡大（かくだい）」は、広（ひろ）く大きくすることという意味（いみ）です。
JLPT_N2_LK_Ch_021,言語知識,文字,漢字読み,3,会議の<u>日程</u>を調整する。,にってい,にちてい,じつてい,にっちょう,にってい,「日程」の正しい読み方は「にってい」です。<br>「にちてい」「じつてい」「にっちょう」は間違った読み方です。<br>「日程（にってい）」は、仕事（しごと）や予定（よてい）のスケジュールのことです。
JLPT_N2_LK_Ch_022,言語知識,文字,漢字読み,3,彼女は日々の運動でストレスを<u>解消</u>している。,かいしょう,がいしょう,かいじょう,かいしょ,かいしょう,「解消（かいしょう）」の正しい読み方は「かいしょう」です。<br>「かいしょ」「かいじょう」「がいしょう」は間違った読み方です。<br>「解消（かいしょう）」は、困（こま）った状態（じょうたい）や問題（もんだい）をなくすという意味（いみ）です。<br>N2の標準的な読み方です。
JLPT_N2_LK_Ch_023,言語知識,文字,表記,3,資料の誤りを<u>してき</u>する。,指摘,刺摘,指適,刺適,指摘,「しせき」の正しい漢字は「指摘」です。<br>「刺摘」「指適」「刺適」という漢字の組み合わせは間違いです。<br>「指摘（してき）」は、全体（ぜんたい）の中から示（しめ）して教（おし）えるという意味（いみ）です。
JLPT_N2_LK_Ch_024,言語知識,文字,漢字読み,3,法律の<u>改正</u>が行われた。,かいせい,がいせい,かいじょう,かいしょ,かいせい,「改正」の正しい読み方は「かいせい」です。<br>「がいせい」「かいじょう」「かいしょ」は間違った読み方です。<br>「改正（かいせい）」は、不適当（ふてきとう）なところを直（なお）して良くするという意味（いみ）です。
JLPT_N2_LK_Ch_025,言語知識,文字,漢字読み,3,チームは度重なる失敗を<u>克服</u>して優勝した。,こくふく,こくふくう,きょくふく,こっふく,こくふく,「克服（こくふく）」の正しい読み方は「こくふく」です。<br>「きょくふく」「こくふくう」「こっふく」は間違った読み方です。<br>「克服（こくふく）」は、大変（たいへん）なことに打（う）ち勝（か）つという意味（いみ）です。<br>N2の標準的な読み方です。
JLPT_N2_LK_Ch_026,言語知識,文字,表記,3,新しい製品の<u>はんばい</u>を開始した。,販売,半売,販買,板売,販売,「はんばい」の正しい漢字は「販売」です。<br>「販売」「販買」「板売」という漢字の組み合わせは間違いです。<br>「販売（はんばい）」は、商品を売（う）ることという意味（いみ）です。
JLPT_N2_LK_Ch_027,言語知識,文字,漢字読み,3,この仕事は<u>慎重</u>に進める必要がある。,しんちょう,じんちょう,しんじょう,じんじょう,しんちょう,「慎重」の正しい読み方は「しんちょう」です。<br>「じんちょう」「しんじょう」「じんじょう」は間違った読み方です。<br>「慎重（しんちょう）」は、注意深（ちゅういぶか）く行動（こうどう）する様子（ようす）のことです。
JLPT_N2_LK_Ch_028,言語知識,文字,漢字読み,3,彼は周囲の意見を<u>尊重</u>した。,そんちょう,そんじょう,ぞんちょう,ぞんじょう,そんちょう,「尊重」の正しい読み方は「そんちょう」です。<br>「そんじょう」「ぞんちょう」「ぞんじょう」は間違った読み方です。<br>「尊重（そんちょう）」は、価値（かち）があるものとして大切（たいせつ）に扱うという意味（いみ）です。
JLPT_N2_LK_Ch_029,言語知識,文字,表記,3,チームは新しい戦略を<u>けんとう</u>している。,検討,検当,兼討,兼当,検討,「けんとう」の正しい漢字は「検討」です。<br>「兼当」「兼討」「検当」という漢字の組み合わせはありません。<br>「検討（けんとう）」は、よく調べて考えるという意味（いみ）です。<br>N2の標準的な表記の問題です。
JLPT_N2_LK_Ch_030,言語知識,文字,漢字読み,3,新人選手は初めての試合で<u>活躍</u>した。,かつやく,けつやく,かつやくう,けつやくう,かつやく,「活躍（かつやく）」の正しい読み方は「かつやく」です。<br>「けつやく」「かつやくう」「けつやくう」は間違った読み方です。<br>「活躍（かつやく）」は、めざましい働（はたら）きをするという意味（いみ）です。<br>N2の標準的な読み方です。
JLPT_N2_LK_Ch_031,言語知識,文字,漢字読み,3,新人選手は監督の期待に<u>応えて</u>、活躍した。,こたえて,おうえて,むかえて,かなえて,こたえて,「応（こた）えて」の正（ただ）しい読（よ）み方（かた）は「こたえて」です。<br>「おうえて」という読（よ）み方（かた）はありません。<br>「むかえて」は「迎（むか）える」、「かなえて」は「叶（かな）える」という別（べつ）の言葉（ことば）の読み方なので、間違（まちが）いです。<br>「応（こた）える」は、相手（あいて）の期待（きたい）や気持（きも）ちに合（あ）わせて動（うご）くという意味（いみ）です。<br>N2でよく出（で）る標準的（ひょうじゅんてき）な読み方です。
JLPT_N2_LK_Ch_032,言語知識,文字,表記,3,計画の遅れを<u>とりもどす</u>。,取り戻す,取り返す,取り直す,取り消す,取り戻す,「とりもどす」の正しい漢字は「取り戻す」です。<br>「取り返す」「取り直す」は別の言葉（ことば）の意味になります。<br>「取り戻す（とりもどす）」は、失（うしな）ったものや時間（じかん）を元の状態（じょうたい）に戻すという意味（いみ）です。
JLPT_N2_LK_Ch_033,言語知識,文字,漢字読み,3,この地域は自然環境が<u>恵まれて</u>いる。,めぐまれて,けぐまれて,めぐまれてう,けぐまれてう,めぐまれて,「恵まれて」の正しい読み方は「めぐまれて」です。<br>「けぐまれて」「めぐまれてう」「けぐまれてう」は間違った読み方です。<br>「恵（めぐ）まれる」は、良い環境（かんきょう）や運（うん）を与（あた）えられているという意味（いみ）です。
JLPT_N2_LK_Ch_034,言語知識,文字,漢字読み,3,彼は周囲の意見を<u>否定</u>した。,ひてい,びてい,ひでい,びでい,ひてい,「否定」の正しい読み方は「ひてい」です。<br>「びてい」「ひでい」「びでい」は間違った読み方です。<br>「否定（ひてい）」は、そうではないと言（い）うという意味（いみ）です。
JLPT_N2_LK_Ch_035,言語知識,文字,表記,3,事故の計画的な対策を<u>こうじる</u>。,講じる,構じる,巧じる,交じる,講じる,「こうじる」の正しい漢字は「講じる」です。<br>「構じる」「巧じる」「交じる」という漢字の使い方は間違いです。<br>「対策（たいさく）を講（こう）じる」は、必要な手配（てはい）や工夫（くふう）をするという意味（いみ）です。
JLPT_N2_LK_Ch_036,言語知識,文字,漢字読み,3,彼女はファンの声援に<u>応えて</u>、笑顔で手を振った。,こたえて,おうえて,むかえて,かなえて,こたえて,「応（こた）えて」の正（ただ）しい読（よ）み方（かた）は「こたえて」です。<br>「おうえて」という読（よ）み方（かた）はありません。<br>「むかえて」は「迎（むか）える」、「かなえて」は「叶（かな）える」という別（べつ）の言葉（ことば）の読み方なので、間違（まちが）いです。<br>「応（こた）える」は、相手（あいて）の期待（きたい）や気持（きも）ちに合（あ）わせて動（うご）くという意味（いみ）です。<br>N2でよく出（で）る標準的（ひょうじゅんてき）な読み方です。
JLPT_N2_LK_Ch_037,言語知識,文字,漢字読み,3,会社は在庫の課題を<u>解消</u>するために新しい仕組みを導入した。,かいしょう,がいしょう,かいじょう,かいしょ,かいしょう,「解消（かいしょう）」の正しい読み方は「かいしょう」です。<br>「かいしょ」「かいじょう」「がいしょう」は間違った読み方です。<br>「解消（かいしょう）」は、困（こま）った状態（じょうたい）や問題（もんだい）をなくすという意味（いみ）です。<br>N2の標準的な読み方です。
JLPT_N2_LK_Ch_038,言語知識,文字,表記,3,彼らは移転の是非について<u>けんとう</u>を重ねた。,検討,検当,兼討,兼当,検討,「けんとう」の正しい漢字は「検討」です。<br>「兼当」「兼討」「検当」という漢字の組み合わせはありません。<br>「検討（けんとう）」は、よく調べて考えるという意味（いみ）です。<br>N2の標準的な表記の問題です。
JLPT_N2_LK_Ch_039,言語知識,文字,漢字読み,3,店長はお客様の要望に<u>応えて</u>、営業時間を延長した。,こたえて,おうえて,むかえて,かなえて,こたえて,「応（こた）えて」の正（ただ）しい読（よ）み方（かた）は「こたえて」です。<br>「おうえて」という読（よ）み方（かた）はありません。<br>「むかえて」は「迎（むか）える」、「かなえて」は「叶（かな）える」という別（べつ）の言葉（ことば）の読み方なので、間違（まちが）いです。<br>「応（こた）える」は、相手（あいて）の期待（きたい）や気持（きも）ちに合（あ）わせて動（うご）くという意味（いみ）です。<br>N2でよく出（で）る標準的（ひょうじゅんてき）な読み方です。
JLPT_N2_LK_Ch_040,言語知識,文字,漢字読み,3,新しく<u>導入</u>したシステムが順調に動いている。,どうにゅう,とうにゅう,どうじゅう,とうじゅう,どうにゅう,「導入」の正しい読み方は「どうにゅう」です。<br>「とうにゅう」「どうじゅう」「とうじゅう」は間違った読み方です。<br>「導入（どうにゅう）」は、新しいものを取り入れる（とりいれる）という意味（いみ）です。
JLPT_N2_LK_Ch_041,言語知識,文字,表記,3,会議の<u>にってい</u>を変更する。,日程,日定,日調,日程調,日程,「にってい」の正しい漢字は「日程」です。<br>「日定」「日調」「日程調」という漢字の組み合わせは間違いです。<br>「日程（にってい）」は、仕事（しごと）や予定（よてい）のスケジュールのことです。
JLPT_N2_LK_Ch_042,言語知識,文字,漢字読み,3,ドライバーは交通ルールを<u>遵守</u>する義務がある。,じゅんしゅ,じゅんす,そんしゅ,そんす,じゅんしゅ,「遵守（じゅんしゅ）」の正しい読み方は「じゅんしゅ」です。<br>「じゅんす」「そんしゅ」「そんす」は間違った読み方です。<br>「遵守（じゅんしゅ）」は、決（き）まりや法律（ほうりつ）を守（まも）るという意味（いみ）です。<br>N2の標準的な読み方です。
JLPT_N2_LK_Ch_043,言語知識,文字,漢字読み,3,二人は話し合いを重ねて誤解を<u>解消</u>した。,かいしょう,がいしょう,かいじょう,かいしょ,かいしょう,「解消（かいしょう）」の正しい読み方は「かいしょう」です。<br>「かいしょ」「かいじょう」「がいしょう」は間違った読み方です。<br>「解消（かいしょう）」は、困（こま）った状態（じょうたい）や問題（もんだい）をなくすという意味（いみ）です。<br>N2の標準的な読み方です。
JLPT_N2_LK_Ch_044,言語知識,文字,表記,3,委員会は予算案の内容を<u>けんとう</u>した。,検討,検当,兼討,兼当,検討,「けんとう」の正しい漢字は「検討」です。<br>「兼当」「兼討」「検当」という漢字の組み合わせはありません。<br>「検討（けんとう）」は、よく調べて考えるという意味（いみ）です。<br>N2の標準的な表記の問題です。
JLPT_N2_LK_Ch_045,言語知識,文字,漢字読み,3,その歌手はアンコールの声に<u>応えて</u>、もう一曲歌った。,こたえて,おうえて,むかえて,かなえて,こたえて,「応（こた）えて」の正（ただ）しい読（よ）み方（かた）は「こたえて」です。<br>「おうえて」という読（よ）み方（かた）はありません。<br>「むかえて」は「迎（むか）える」、「かなえて」は「叶（かな）える」という別（べつ）の言葉（ことば）の読み方なので、間違（まちが）いです。<br>「応（こた）える」は、相手（あいて）の期待（きたい）や気持（きも）ちに合（あ）わせて動（うご）くという意味（いみ）です。<br>N2でよく出（で）る標準的（ひょうじゅんてき）な読み方です。
JLPT_N2_LK_Ch_046,言語知識,文字,漢字読み,3,彼はその場の空気をすばやく<u>察知</u>した。,さっち,ざっち,さっちゅう,さつち,さっち,「察知（さっち）」の正しい読み方は「さっち」です。<br>「さっちゅう」「さつち」「ざっち」は間違った読み方です。<br>「察知（さっち）」は、様子（ようす）を見（み）て気（き）づくという意味（いみ）です。<br>N2の標準的な読み方です。
JLPT_N2_LK_Ch_047,言語知識,文字,表記,3,自分の発言に<u>せきにん</u>を持つべきだ。,責任,積任,績任,関任,責任,「せきにん」の正しい漢字は「責任」です。<br>「積任」「績任」「関任」という漢字の組み合わせは間違いです。<br>「責任（せきにん）」は、引き受けて引き受けたことを最後まで行う義務（ぎむ）という意味（いみ）です。
JLPT_N2_LK_Ch_048,言語知識,文字,漢字読み,3,彼女は国際会議で通訳として<u>活躍</u>した。,かつやく,けつやく,かつやくう,けつやくう,かつやく,「活躍（かつやく）」の正しい読み方は「かつやく」です。<br>「けつやく」「かつやくう」「けつやくう」は間違った読み方です。<br>「活躍（かつやく）」は、めざましい働（はたら）きをするという意味（いみ）です。<br>N2の標準的な読み方です。
JLPT_N2_LK_Ch_049,言語知識,文字,漢字読み,3,事故の計画的な回避策を<u>模索</u>する。,もさく,ぼさく,もさくう,ぼさくう,もさく,「模索」の正しい読み方は「もさく」です。<br>「ぼさく」「もさくう」「ぼさくう」は間違った読み方です。<br>「模索（もさく）」は、手探り（てさぐり）で良い方法を探す（さがす）という意味（いみ）です。
JLPT_N2_LK_Ch_050,言語知識,文字,表記,3,自分の意見をはっきりと<u>しゅちょう</u>する。,主張,主長,種張,種長,主張,「しゅちょう」の正しい漢字は「主張」です。<br>「主長」「種張」「種長」という漢字の組み合わせは間違いです。<br>「主張（しゅちょう）」は、自分の考えを強く言い張る（いいはる）という意味（いみ）です。
JLPT_N2_LK_Ch_051,言語知識,文字,漢字読み,3,会社は社会の要求に<u>応えて</u>、新しい制度を作った。,こたえて,おうえて,むかえて,かなえて,こたえて,「応（こた）えて」の正（ただ）しい読（よ）み方（かた）は「こたえて」です。<br>「おうえて」という読（よ）み方（かた）はありません。<br>「むかえて」は「迎（むか）える」、「かなえて」は「叶（かな）える」という別（べつ）の言葉（ことば）の読み方なので、間違（まちが）いです。<br>「応（こた）える」は、相手（あいて）の期待（きたい）や気持（きも）ちに合（あ）わせて動（うご）くという意味（いみ）です。<br>N2でよく出（で）る標準的（ひょうじゅんてき）な読み方です。
JLPT_N2_LK_Ch_052,言語知識,文字,漢字読み,3,犬は飼い主の気持ちを<u>察知</u>するのが得意だ。,さっち,ざっち,さっちゅう,さつち,さっち,「察知（さっち）」の正しい読み方は「さっち」です。<br>「さっちゅう」「さつち」「ざっち」は間違った読み方です。<br>「察知（さっち）」は、様子（ようす）を見（み）て気（き）づくという意味（いみ）です。<br>N2の標準的な読み方です。
JLPT_N2_LK_Ch_053,言語知識,文字,表記,3,事故の危険を<u>かいひ</u>する。,回避,快避,改避,開避,回避,「かいひ」の正しい漢字は「回避」です。<br>「回避」「改避」「開避」という漢字の組み合わせは間違いです。<br>「回避（かいひ）」は、悪いことや障害（しょうがい）を避（さ）けるという意味（いみ）です。
JLPT_N2_LK_Ch_054,言語知識,文字,漢字読み,3,彼は先生の質問に<u>応えて</u>、丁寧に説明した。,こたえて,おうえて,むかえて,かなえて,こたえて,「応（こた）えて」の正（ただ）しい読（よ）み方（かた）は「こたえて」です。<br>「おうえて」という読（よ）み方（かた）はありません。<br>「むかえて」は「迎（むか）える」、「かなえて」は「叶（かな）える」という別（べつ）の言葉（ことば）の読み方なので、間違（まちが）いです。<br>「応（こた）える」は、相手（あいて）の期待（きたい）や気持（きも）ちに合（あ）わせて動（うご）くという意味（いみ）です。<br>N2でよく出（で）る標準的（ひょうじゅんてき）な読み方です。
JLPT_N2_LK_Ch_055,言語知識,文字,漢字読み,3,彼は周囲の不満を<u>抑制</u>しようと努めた。,よくせい,よくしょう,よくぜい,よくじょう,よくせい,「抑制」の正しい読み方は「よくせい」です。<br>「よくしょう」「よくぜい」「よくじょう」は間違った読み方です。<br>「抑制（よくせい）」は、押さえつけて抑える（おさえる）という意味（いみ）です。
JLPT_N2_LK_Ch_056,言語知識,文字,表記,3,新しい製品の開発を<u>すいしん</u>する。,推進,推身,水進,進推,推進,「すいしん」の正しい漢字は「推進」です。<br>「推身」「推進」「進推」という漢字の組み合わせは間違いです。<br>「推進（すいしん）」は、事業（じぎょう）や計画（けいかく）を前（まえ）に進めるという意味（いみ）です。
JLPT_N2_LK_Ch_057,言語知識,文字,漢字読み,3,チームは監督の指示に<u>応えて</u>、作戦を変えた。,こたえて,おうえて,むかえて,かなえて,こたえて,「応（こた）えて」の正（ただ）しい読（よ）み方（かた）は「こたえて」です。<br>「おうえて」という読（よ）み方（かた）はありません。<br>「むかえて」は「迎（むか）える」、「かなえて」は「叶（かな）える」という別（べつ）の言葉（ことば）の読み方なので、間違（まちが）いです。<br>「応（こた）える」は、相手（あいて）の期待（きたい）や気持（きも）ちに合（あ）わせて動（うご）くという意味（いみ）です。<br>N2でよく出（で）る標準的（ひょうじゅんてき）な読み方です。
JLPT_N2_LK_Ch_058,言語知識,文字,漢字読み,3,事故の被害を<u>未然</u>に防ぐ。,みぜん,びぜん,みねん,びねん,みぜん,「未然」の正しい読み方は「みぜん」です。<br>「びぜん」「みねん」「びねん」は間違った読み方です。<br>「未然（みぜん）」は、まだ事件（じけん）や事故（じこ）が起きていない状態（じょうたい）という意味（いみ）です。
JLPT_N2_LK_Ch_059,言語知識,文字,表記,3,双方の条件が<u>いっち</u>した。,一致,一知,一置,一値,一致,「いっち」の正しい漢字は「一致」です。<br>「一知」「一置」「一値」という漢字の組み合わせは間違いです。<br>「一致（いっち）」は、ぴったり同じになるという意味（いみ）です。
JLPT_N2_LK_Ch_060,言語知識,文字,漢字読み,3,市は住民の願いに<u>応えて</u>、公園を整備した。,こたえて,おうえて,むかえて,かなえて,こたえて,「応（こた）えて」の正（ただ）しい読（よ）み方（かた）は「こたえて」です。<br>「おうえて」という読（よ）み方（かた）はありません。<br>「むかえて」は「迎（むか）える」、「かなえて」は「叶（かな）える」という別（べつ）の言葉（ことば）の読み方なので、間違（まちが）いです。<br>「応（こた）える」は、相手（あいて）の期待（きたい）や気持（きも）ちに合（あ）わせて動（うご）くという意味（いみ）です。<br>N2でよく出（で）る標準的（ひょうじゅんてき）な読み方です。
JLPT_N2_LK_Ch_061,言語知識,文字,漢字読み,3,新しい制度により、通勤ラッシュが<u>緩和</u>された。,かんわ,がんわ,かんか,がんか,かんわ,「緩和（かんわ）」の正しい読み方は「かんわ」です。<br>「かんか」「がんか」「がんわ」は間違った読み方です。<br>「緩和（かんわ）」は、厳（きび）しさや程度（ていど）を減（へ）らすという意味（いみ）です。<br>N2の標準的な読み方です。
JLPT_N2_LK_Ch_062,言語知識,文字,表記,3,新しいプロジェクトの<u>しょうにん</u>を得る。,承認,承任,証認,証任,承認,「しょうにん」の正しい漢字は「承認」です。<br>「承任」「証認」「証任」という漢字の組み合わせは間違いです。<br>「承認（しょうにん）」は、正当だと認める（みとめる）こと、同意することという意味（いみ）です。
JLPT_N2_LK_Ch_063,言語知識,文字,漢字読み,3,彼女は友人の頼みに<u>応えて</u>、資料を貸した。,こたえて,おうえて,むかえて,かなえて,こたえて,「応（こた）えて」の正（ただ）しい読（よ）み方（かた）は「こたえて」です。<br>「おうえて」という読（よ）み方（かた）はありません。<br>「むかえて」は「迎（むか）える」、「かなえて」は「叶（かな）える」という別（べつ）の言葉（ことば）の読み方なので、間違（まちが）いです。<br>「応（こた）える」は、相手（あいて）の期待（きたい）や気持（きも）ちに合（あ）わせて動（うご）くという意味（いみ）です。<br>N2でよく出（で）る標準的（ひょうじゅんてき）な読み方です。
JLPT_N2_LK_Ch_064,言語知識,文字,漢字読み,3,彼は事件の<u>真相</u>を追究した。,しんそう,しんぞう,じんそう,じんぞう,しんそう,「真相」の正しい読み方は「しんそう」です。<br>「しんぞう」「じんそう」「じんぞう」は間違った読み方です。<br>「真相（しんそう）」は、本当の姿（すがた）や事実（じじつ）という意味（いみ）です。
JLPT_N2_LK_Ch_065,言語知識,文字,表記,3,事故の計画的な回避策を<u>はかる</u>。,図る,測る,量る,計る,図る,「はかる」の正しい漢字は「図る」です。<br>「計画（けいかく）や対策（たいさく）を実現（じつげん）しようと試みる（こころみる）」場合は「図る」を使います。<br>「測る」「量る」「計る」は長さや重さ、時間を計測する際に使う漢字です。
JLPT_N2_LK_Ch_066,言語知識,文字,漢字読み,3,若手社員は上司の信頼に<u>応えて</u>、大きな契約をまとめた。,こたえて,おうえて,むかえて,かなえて,こたえて,「応（こた）えて」の正（ただ）しい読（よ）み方（かた）は「こたえて」です。<br>「おうえて」という読（よ）み方（かた）はありません。<br>「むかえて」は「迎（むか）える」、「かなえて」は「叶（かな）える」という別（べつ）の言葉（ことば）の読み方なので、間違（まちが）いです。<br>「応（こた）える」は、相手（あいて）の期待（きたい）や気持（きも）ちに合（あ）わせて動（うご）くという意味（いみ）です。<br>N2でよく出（で）る標準的（ひょうじゅんてき）な読み方です。
JLPT_N2_LK_Ch_067,言語知識,文字,漢字読み,3,彼は周囲の不評を<u>払拭</u>するために努めた。,ふっしょく,ふつのぞく,はらいのぞく,ふつのぞき,ふっしょく,「払拭」の正しい読み方は「ふっしょく」です。<br>「ふつのぞく」「はらいのぞく」「ふつのぞき」は間違った読み方です。<br>「払拭（ふっしょく）」は、悪影響や不安などをきれいに拭い去る（ぬぐいさる）という意味（いみ）です。
JLPT_N2_LK_Ch_068,言語知識,文字,表記,3,新しい製品の性能を<u>かくほ</u>する。,確保,確捕,格保,角保,確保,「かくほ」の正しい漢字は「確保」です。<br>「確保」「格保」「角保」という漢字の組み合わせは間違いです。<br>「確保（かくほ）」は、確実に手に入れる、あるいは維持する（いじする）という意味（いみ）です。
JLPT_N2_LK_Ch_069,言語知識,文字,漢字読み,3,候補者は有権者の思いに<u>応えて</u>、公約を実行した。,こたえて,おうえて,むかえて,かなえて,こたえて,「応（こた）えて」の正（ただ）しい読（よ）み方（かた）は「こたえて」です。<br>「おうえて」という読（よ）み方（かた）はありません。<br>「むかえて」は「迎（むか）える」、「かなえて」は「叶（かな）える」という別（べつ）の言葉（ことば）の読み方なので、間違（まちが）いです。<br>「応（こた）える」は、相手（あいて）の期待（きたい）や気持（きも）ちに合（あ）わせて動（うご）くという意味（いみ）です。<br>N2でよく出（で）る標準的（ひょうじゅんてき）な読み方です。
JLPT_N2_LK_Ch_070,言語知識,文字,漢字読み,1,友人の成功を<u>祝う</u>。,いわう,うたう,おう,のろう,いわう,「祝う」の正しい読み方は「いわう」です。<br>「うたう」「おう」「のろう」は間違った読み方です。<br>「祝う（いわう）」は、おめでたいことを喜ぶという意味（いみ）です。
JLPT_N2_LK_Ch_071,言語知識,文字,表記,1,<u>かんばん</u>に名前を書く。,看板,看半,官板,官半,看板,「かんばん」の正しい漢字は「看板」です。<br>「看半」「官板」「官半」という漢字の組み合わせは間違いです。<br>「看板（かんばん）」は、店や事業の名称などを書いて掲げる板のことです。
JLPT_N2_LK_Ch_072,言語知識,文字,漢字読み,2,荷物をしっかり<u>固定</u>する。,こてい,ごてい,こじょう,ごじょう,こてい,「固定」の正しい読み方は「こてい」です。<br>「ごてい」「こじょう」「ごじょう」は間違った読み方です。<br>「固定（こてい）」は、動かないようにしっかり止めるという意味（いみ）です。
JLPT_N2_LK_Ch_073,言語知識,文字,表記,2,<u>ざっし</u>を購入する。,雑誌,雑紙,座誌,座紙,雑誌,「ざっし」の正しい漢字は「雑誌」です。<br>「雑紙」「座誌」「座紙」という漢字の組み合わせは間違いです。<br>「雑誌（ざっし）」は、定期的に刊行される出版物のことです。
JLPT_N2_LK_Ch_074,言語知識,文字,漢字読み,4,彼は不当な扱いに<u>憤慨</u>した。,ふんがい,ふんかい,ふんこう,ふんきゅう,ふんがい,「憤慨（ふんがい）」の正しい読み方は「ふんがい」です。<br>「ふんかい」「ふんこう」「ふんきゅう」は間違った読み方です。<br>「憤慨（ふんがい）」は、強（つよ）く腹（はら）を立（た）てるという意味（いみ）です。<br>少し難しい応用的な読み方です。
JLPT_N2_LK_Ch_075,言語知識,文字,表記,4,記者は隠された事実を<u>あぶりだす</u>記事を書いた。,炙り出す,焙り出す,油り出す,網り出す,炙り出す,「あぶりだす」の正しい漢字は「炙り出す」です。<br>「焙り出す」「油り出す」「網り出す」は間違った漢字です。<br>「炙（あぶ）り出す」は、隠（かく）れているものを表面（ひょうめん）に出（だ）すという意味（いみ）です。<br>少し難しい応用的な表記の問題です。
JLPT_N2_LK_Ch_076,言語知識,文字,漢字読み,5,経営者は自らの判断ミスの責任を部下に<u>転嫁</u>した。,てんか,てんけ,てんが,てんきゅう,てんか,「転嫁（てんか）」の正しい読み方は「てんか」です。<br>「てんけ」「てんが」「てんきゅう」は間違った読み方です。<br>「転嫁（てんか）」は、自分（じぶん）の責任（せきにん）や負担（ふたん）を他（ほか）に移（うつ）すという意味（いみ）です。<br>高得点（こうとくてん）を目指（めざ）す人（ひと）向けの発展的な読み方です。
JLPT_N2_LK_Ch_077,言語知識,文字,表記,5,議長は会議の混乱を<u>しゅうしゅう</u>しようと努めた。,収拾,収集,収執,修拾,収拾,「しゅうしゅう」の正しい漢字は「収拾」です。<br>「収集」は物（もの）を集（あつ）めるという意味（いみ）なので違（ちが）います。<br>「収執」「修拾」という漢字の組（く）み合（あ）わせはありません。<br>「収拾（しゅうしゅう）」は、混乱（こんらん）した状態（じょうたい）を落（お）ち着（つ）かせるという意味です。<br>同音異義語（どうおんいぎご）に注意（ちゅうい）が必要な発展的な問題です。
JLPT_N2_LK_Ch_078,言語知識,文字,漢字読み,4,規制<u>緩和</u>によって、新しい企業が参入しやすくなった。,かんわ,かんか,がんわ,がんか,かんわ,「緩和（かんわ）」の正しい読み方は「かんわ」です。<br>「かんか」「がんか」「がんわ」は間違った読み方です。<br>「緩和（かんわ）」は、厳（きび）しさや程度（ていど）を減（へ）らすという意味（いみ）です。<br>濁音（だくおん）の位置（いち）に注意（ちゅうい）が必要な、少し難しい読み方です。
JLPT_N2_LK_Ch_079,言語知識,文字,表記,2,法律の<u>いはん</u>になる。,違反,意反,違範,偉反,違反,「いはん」の正しい漢字は「違反」です。<br>「違反」「違範」「偉反」という漢字の組み合わせは間違いです。<br>「違反（いはん）」は、決められたルールや法律に従わないことです。
JLPT_N2_LK_Ch_080,言語知識,文字,漢字読み,1,風が強くて窓が<u>揺れる</u>。,ゆれる,もれる,たれる,ふれる,ゆれる,「揺れる」の正しい読み方は「ゆれる」です。<br>「もれる」「たれる」「ふれる」は間違った読み方です。<br>「揺（ゆ）れる」は、物（もの）が左右（さゆう）や前後に動く（うごく）意味です。N2の基礎（きそ）的な言葉なので、確実に覚えましょう。
JLPT_N2_LK_Ch_081,言語知識,文字,表記,1,<u>えがお</u>で挨拶をする。,笑顔,咲顔,咲昂,笑昂,笑顔,「えがお」の正しい漢字は「笑顔」です。<br>「咲顔」「咲昂」「笑昂」という漢字の組み合わせは間違いです。<br>「笑顔（えがお）」は、にこにこ笑った（わらった）顔（かお）のことです。基本（きほん）的な表記（ひょうき）の問題です。
JLPT_N2_LK_Ch_082,言語知識,文字,漢字読み,2,事件の<u>詳細</u>を調べる。,しょうさい,しょうせい,じょうさい,じょうせい,しょうさい,「詳細」の正しい読み方は「しょうさい」です。<br>「しょうせい」「じょうさい」「じょうせい」は間違った読み方です。<br>「詳細（しょうさい）」は、細（こま）かい部分（ぶぶん）まで詳しい（くわしい）という意味です。N2の標準（ひょうじゅん）的な漢字読みです。
JLPT_N2_LK_Ch_083,言語知識,文字,表記,2,テストの<u>けっか</u>を発表する。,結果,決果,結課,結科,結果,「けっか」の正しい漢字は「結果」です。<br>「結果」「結課」「結科」という漢字の組み合わせは間違いです。<br>「結果（けっか）」は、ある原因（げんいん）から生じた（しょうじた）状態（じょうたい）のことです。標準的な漢字の書き方の問題です。
JLPT_N2_LK_Ch_084,言語知識,文字,漢字読み,4,観客は審判の判定に<u>憤慨</u>した。,ふんがい,ふんかい,ふんこう,ふんきゅう,ふんがい,「憤慨（ふんがい）」の正しい読み方は「ふんがい」です。<br>「ふんかい」「ふんこう」「ふんきゅう」は間違った読み方です。<br>「憤慨（ふんがい）」は、強（つよ）く腹（はら）を立（た）てるという意味（いみ）です。<br>少し難しい応用的な読み方です。
JLPT_N2_LK_Ch_085,言語知識,文字,表記,4,調査によって不正の実態が<u>あぶりだされ</u>た。,炙り出され,焙り出され,油り出され,網り出され,炙り出され,「あぶりだす」の正しい漢字は「炙り出す」です。<br>「焙り出す」「油り出す」「網り出す」は間違った漢字です。<br>「炙（あぶ）り出す」は、隠（かく）れているものを表面（ひょうめん）に出（だ）すという意味（いみ）です。<br>少し難しい応用的な表記の問題です。
JLPT_N2_LK_Ch_086,言語知識,文字,漢字読み,5,会社は原材料費の上昇分を価格に<u>転嫁</u>した。,てんか,てんけ,てんが,てんきゅう,てんか,「転嫁（てんか）」の正しい読み方は「てんか」です。<br>「てんけ」「てんが」「てんきゅう」は間違った読み方です。<br>「転嫁（てんか）」は、自分（じぶん）の責任（せきにん）や負担（ふたん）を他（ほか）に移（うつ）すという意味（いみ）です。<br>高得点（こうとくてん）を目指（めざ）す人（ひと）向けの発展的な読み方です。
JLPT_N2_LK_Ch_087,言語知識,文字,表記,5,政府は事態の<u>しゅうしゅう</u>に向けて対策本部を設置した。,収拾,収集,収執,修拾,収拾,「しゅうしゅう」の正しい漢字は「収拾」です。<br>「収集」は物（もの）を集（あつ）めるという意味（いみ）なので違（ちが）います。<br>「収執」「修拾」という漢字の組（く）み合（あ）わせはありません。<br>「収拾（しゅうしゅう）」は、混乱（こんらん）した状態（じょうたい）を落（お）ち着（つ）かせるという意味です。<br>同音異義語（どうおんいぎご）に注意（ちゅうい）が必要な発展的な問題です。
JLPT_N2_LK_Ch_088,言語知識,文字,漢字読み,2,社会のルールを<u>遵守</u>しなければならない。,じゅんしゅ,じゅんそう,そんしゅ,そんそう,じゅんしゅ,「遵守」の正しい読み方は「じゅんしゅ」です。<br>「じゅんそう」「そんしゅ」「そんそう」は間違った読み方です。<br>「遵守（じゅんしゅ）」は、法律（ほうりつ）や規則（きそく）を守る（まもる）という意味です。N2でよく出題（しゅつだい）される標準（ひょうじゅん）レベルの言葉です。
JLPT_N2_LK_Ch_089,言語知識,文字,表記,1,安全な場所へ<u>ひなん</u>する。,避難,比難,被難,批難,避難,「ひなん（安全な場所へ逃げる）」の正しい漢字は「避難」です。<br>「被難」「批難」は間違った漢字です。（※「非難」は責める意味になります）。<br>「避難（ひ難/ひなん）」は害（がい）を避けて（さけて）逃げる（にげる）ことです。しっかり覚えておきたい基礎（きそ）的な漢字表記です。
JLPT_N2_LK_Ch_090,言語知識,文字,漢字読み,1,彼は<u>笑顔</u>で挨拶をした。,えがお,しょうがん,えがわ,しょうがわ,えがお,「笑顔」の正しい読み方は「えがお」です。<br>「しょうがん」「えがわ」「しょうがわ」は間違った読み方です。<br>「笑顔（えがお）」は、にこにこ笑った（わらった）顔（かお）のことです。N2の基礎（きそ）的な言葉なので、しっかり覚えましょう。
JLPT_N2_LK_Ch_091,言語知識,文字,表記,1,荷物を<u>たくはい</u>で送る。,宅配,拓配,澤配,託配,宅配,「たくはい」の正しい漢字は「宅配」です。<br>「拓配」「澤配」「託配」という表記は誤りです。<br>「宅配（たくはい）」は、家まで荷物を届ける（とどける）ことです。覚えやすい基本（きほん）的な表記です。
JLPT_N2_LK_Ch_092,言語知識,文字,漢字読み,2,この計画には大きな<u>欠陥</u>がある。,けっかん,けつかん,けっけん,けつけん,けっかん,「欠陥」の正しい読み方は「けっかん」です。<br>「けつかん」「けっけん」「けつけん」のように促音（そくおん）や母音（ぼいん）を間違えないようにしましょう。<br>「欠陥（けっかん）」は、足りない（たりない）部分や不十分（ふじゅうぶん）なところという意味です。N2の標準（ひょうじゅん）レベルの語彙です。
JLPT_N2_LK_Ch_093,言語知識,文字,表記,2,部屋をきれいに<u>そうじ</u>する。,掃除,掃事,繰除,繰事,掃除,「そうじ」の正しい漢字は「掃除」です。<br>「掃事」「繰除」「繰事」は間違った漢字の組み合わせです。<br>「掃除（そうじ）」は、ごみやほこりを取ってきれいにすることです。しっかり押さえておきたい標準（ひょうじゅん）的な漢字です。
JLPT_N2_LK_Ch_094,言語知識,文字,漢字読み,4,彼は自分の過ちを<u>隠蔽</u>しようとした。,いんぺい,おんぺい,いんへい,おんへい,いんぺい,「隠蔽」の正しい読み方は「いんぺい」です。<br>「おんぺい」「いんへい」「おんへい」のような清音（せいおん）や半濁音（はんだくおん）の混同に注意してください。<br>「隠蔽（いんぺい）」は、都合（つごう）の悪いことを隠す（かくす）という意味です。少し難しい応用（おうよう）レベルの漢字読みです。
JLPT_N2_LK_Ch_095,言語知識,文字,表記,4,状況の変化に<u>じゅうなん</u>に対応する。,柔軟,柔難,充軟,重軟,柔軟,「じゅうなん」の正しい漢字は「柔軟」です。<br>「柔軟」「充軟」「重軟」は誤りです。<br>「柔軟（じゅうなん）」は、やわらかく変化（へんか）に合わせて対応できることです。N2の中でも手ごたえのある応用（おうよう）レベルの問題です。
JLPT_N2_LK_Ch_096,言語知識,文字,漢字読み,5,敵の不意をついて<u>奇襲</u>をかける。,きしゅう,ぎしゅう,きじゅう,ぎじゅう,きしゅう,「奇襲」の正しい読み方は「きしゅう」です。<br>「ぎしゅう」「きじゅう」「ぎじゅう」のように濁点（だくてん）の罠に気をつけましょう。<br>「奇襲（きしゅう）」は、相手（あいて）が思いがけないときに急に攻める（せめる）ことです。高得点（こうとくてん）を目指す学習者向けの発展（はってん）レベルの問題です。
JLPT_N2_LK_Ch_097,言語知識,文字,表記,5,争いを<u>しゅうそく</u>させるための話し合いが行われた。,収束,終束,収息,終息,収束,混乱や状況が「ある程度落ち着いてまとまる」という意味の「しゅうそく」の正しい漢字は「収束」です。<br>完全に終わる意味の「終息」や「終束」「収息」との使い分けが難しいポイントです。<br>「収束（しゅうそく）」は事態（じたい）がまとまりに向かうことで、間違えやすい高度（こうど）な発展（はってん）レベルの表記問題です。
JLPT_N2_LK_Ch_098,言語知識,文字,漢字読み,2,契約の内容を<u>確認</u>する。,かくにん,がくにん,かくれん,がくれん,かくにん,「確認」の正しい読み方は「かくにん」です。<br>「がくにん」「かくれん」「がくれん」は誤りです。<br>「確認（かくにん）」は、たしかめるという意味です。日常会話（にちじょうかいわ）でもよく使う標準（ひょうじゅん）的なN2漢字です。
JLPT_N2_LK_Ch_099,言語知識,文字,表記,1,友達と<u>やくそく</u>を守る。,約束,役束,約速,役速,約束,「やくそく」の正しい漢字は「約束」です。<br>「役束」「約速」「役速」は漢字の組み合わせが間違いです。<br>「約束（やくそく）」は、取り決め（とりきめ）を守ることです。絶対に落とせない基本（きほん）的な問題です。
JLPT_N2_LK_Ch_100,言語知識,文字,漢字読み,3,この公園は、地域のボランティアによって綺麗に<u>維持</u>されています。,いじ,いち,いちじ,いじり,いじ,「維持」の正しい読み方は「いじ」です。状態（じょうたい）を保つ（たもつ）という意味です。標準（ひょうじゅん）的なレベルの問題です。<br>「いち」や「いちじ」は促音（そくおん）や長音（ちょうおん）などの読み間違いです。<br>したがって、正解は「いじ」になります。
JLPT_N2_LK_Ch_101,言語知識,文字,表記,3,友達の試合を<u>おうえん</u>するために、体育館に行きました。,応援,応塩,押援,往援,応援,「おうえん」の正しい漢字は「応援」です。人を助けたり、声を出して助けたりするときに使います。標準（ひょうじゅん）的な問題です。<br>「塩（しお）」や「押（お）す」などの漢字を使ったひっかけに気をつけましょう。<br>したがって、正解は「応援」になります。
JLPT_N2_LK_Ch_102,言語知識,文字,漢字読み,3,大雨のため、楽しみにしていた運動会は<u>延期</u>になりました。,えんき,えんご,てんき,てんご,えんき,「延期」の正しい読み方は「えんき」です。予定（よてい）の日時をのばすという意味です。標準（ひょうじゅん）的な難易度の問題です。<br>「延」は「えん」と読みます。「てん」とは読みません。<br>したがって、正解は「えんき」になります。
JLPT_N2_LK_Ch_103,言語知識,文字,表記,3,毎日運動をして、<u>けんこう</u>な体を保ちたいです。,健康,建康,健抗,建抗,健康,「けんこう」の正しい漢字は「健康」です。病気（びょうき）がなくて元気な状態のことです。基本（きほん）的なN2レベルの問題です。<br>「建（た）てる」や「抗（こう）」といった似（に）ている漢字と間違えないようにしましょう。<br>したがって、正解は「健康」になります。
JLPT_N2_LK_Ch_104,言語知識,文字,漢字読み,3,博物館で<u>貴重</u>な歴史の資料を見ることができました。,きちょう,ぎちょう,きじゅう,ぎじゅう,きちょう,「貴重」の正しい読み方は「きちょう」です。とても大切（たいせつ）で価値（かち）があるという意味です。標準（ひょうじゅん）的な問題です。<br>「貴」は濁音（だくおん）がつかない「き」と読みます。「重」はここでは「ちょう」と読みます。<br>したがって、正解は「きちょう」になります。
JLPT_N2_LK_Ch_105,言語知識,文字,表記,3,駅へ向かう<u>ほうこう</u>を間違えてしまいました。,方向,方交,包向,報向,方向,「ほうこう」の正しい漢字は「方向」です。向かっている場所や方角（ほうがく）を表します。基礎（きそ）?標準レベルの問題です。<br>「交（こう）」や「包（ほう）」など、同じ読み方の別の漢字に気をつけましょう。<br>したがって、正解は「方向」になります。
JLPT_N2_LK_Ch_106,言語知識,文字,漢字読み,3,大事な契約なので、<u>慎重</u>に判断してください。,しんちょう,じんちょう,しんじゅう,じんじゅう,しんちょう,「慎重」の正しい読み方は「しんちょう」です。注意（ちゅうい）して深く考えることです。標準（ひょうじゅん）的なレベルの問題です。<br>「慎」に濁音（だくおん）はつきません。「じん」ではなく「しん」です。<br>したがって、正解は「しんちょう」になります。
JLPT_N2_LK_Ch_107,言語知識,文字,表記,3,この会社は日本の車を外国へ<u>ゆしゅつ</u>しています。,輸出,輪出,輸入,輸人,輸出,「ゆしゅつ」の正しい漢字は「輸出」です。外国へ商品を移動（いどう）して売ることです。標準（ひょうじゅん）的なレベルの問題です。<br>「輸入（ゆにゅう）」は反対（はんたい）の意味の言葉です。「輪（りん）」は漢字の形が似（に）ているひっかけです。<br>したがって、正解は「輸出」になります。
JLPT_N2_LK_Ch_108,言語知識,文字,漢字読み,3,新しいプロジェクトは<u>順調</u>に進んでいます。,じゅんちょう,しゅんちょう,じゅんじょう,しゅんじょう,じゅんちょう,「順調」の正しい読み方は「じゅんちょう」です。問題（もんだい）がなく、うまくいっている状態（じょうたい）を表します。標準（ひょうじゅん）的な難易度の問題です。<br>「順」は濁音（だくおん）がついて「じゅん」と読みます。<br>したがって、正解は「じゅんちょう」になります。
JLPT_N2_LK_Ch_109,言語知識,文字,表記,3,会社のWebサイトで新しいイベントの<u>こうほう</u>活動を行っています。,広報,広法,公報,公法,広報,「こうほう」の正しい漢字は「広報」です。広くお知らせを出す仕事や活動のことです。少し応用（おうよう）的なレベルの問題です。<br>「公（こう）」や「法（ほう）」といった同じ読み方の漢字に注意（ちゅうい）しましょう。<br>したがって、正解は「広報」になります。
JLPT_N2_LK_Ch_110,言語知識,文字,漢字読み,1,高校を<u>卒業</u>したあと、大学に入学しました。,そつぎょう,そちぎょう,そつごう,そちごう,そつぎょう,「卒業」の正しい読み方は「そつぎょう」です。学校（がっこう）の勉強（べんきょう）をすべて終わらせることです。とても基礎（きそ）的なレベルの問題です。<br>「そち」や「ごう」は読み間違いです。<br>したがって、正解は「そつぎょう」になります。
JLPT_N2_LK_Ch_111,言語知識,文字,表記,2,これまでのアルバイトの<u>けいけん</u>を面接で話しました。,経験,経県,計験,形験,経験,「けいけん」の正しい漢字は「経験」です。実際に自分でやってみたことや、体験（たいけん）したことを意味します。基本（きほん）的なレベルの問題です。<br>「県（けん）」や「計（けい）」といった同じ読み方の別の漢字に気をつけましょう。<br>したがって、正解は「経験」になります。
JLPT_N2_LK_Ch_112,言語知識,文字,漢字読み,3,試合のあとに、相手チームの選手と<u>握手</u>を交わしました。,あくしゅ,あくしゅう,あぐしゅ,あくす,あくしゅ,「握手」の正しい読み方は「あくしゅ」です。手と手を握り合う（にぎりあう）ことです。標準（ひょうじゅん）的な問題です。<br>「手」はここでは「しゅ」と読みます。長音（ちょうおん）の「あくしゅう」や濁音（だくおん）の「あぐしゅ」と間違えないようにしましょう。<br>したがって、正解は「あくしゅ」になります。
JLPT_N2_LK_Ch_113,言語知識,文字,表記,3,会議で新しいアイデアを<u>ていあん</u>しました。,提案,定案,提按,低案,提案,「ていあん」の正しい漢字は「提案」です。自分の考えや案（あん）をみんなに出すことです。標準（ひょうじゅん）的な問題です。<br>「定（てい）」や「低（てい）」など、似（に）ている読み方の漢字のひっかけに注意（ちゅうい）してください。<br>したがって、正解は「提案」になります。
JLPT_N2_LK_Ch_114,言語知識,文字,漢字読み,4,新しい技術が社会全体に<u>普及</u>するには時間がかかります。,ふきゅう,ふきゆ,ほきゅう,ぶきゅう,ふきゅう,「普及」の正しい読み方は「ふきゅう」です。広く行き渡る（いきわたる）ことです。少し発展（はってん）的な応用（おうよう）レベルの問題です。<br>「普」は「ふ」と読みます。「ほ」や「ぶ」とは読みません。<br>したがって、正解は「ふきゅう」になります。
JLPT_N2_LK_Ch_115,言語知識,文字,表記,4,政府の新しい方針に対して、多くの人が<u>ひはん</u>の声をあげました。,批判,比判,批半,非判,批判,「ひはん」の正しい漢字は「批判」です。良いところや悪いところを考えて評価（ひょうか）したり、意見を言ったりすることです。発展（はってん）的なレベルの問題です。<br>「判」と「批」の漢字の形や、手へん（てへん）に注意（ちゅうい）しましょう。<br>したがって、正解は「批判」になります。
JLPT_N2_LK_Ch_116,言語知識,文字,漢字読み,5,意見の違いから、二つのグループの間で<u>摩擦</u>が生じました。,まさつ,ましゃつ,まさく,ばさつ,まさつ,「摩擦」の正しい読み方は「まさつ」です。擦れ合う（すれあう）ことや、意見が合わずに争う（あらそう）ことです。高度（こうど）で難しいレベルの問題です。<br>「擦」は「さつ」と読みます。「さく」や「しゃつ」などの読み間違いに気をつけましょう。<br>したがって、正解は「まさつ」になります。
JLPT_N2_LK_Ch_117,言語知識,文字,表記,5,この文章は<u>ちゅうしょう</u>的な表現が多くて理解するのが難しいです。,抽象,沖象,注象,注相,抽象,「ちゅうしょう」の正しい漢字は「抽象」です。具体的な形がないもののことです。難易度（なんいど）の高い発展問題です。<br>「象（しょう）」と「象（ぞう）」の漢字や、「注（ちゅう）」という別の漢字を使ったひっかけに気をつけましょう。<br>したがって、正解は「抽象」になります。
JLPT_N2_LK_Ch_118,言語知識,文字,漢字読み,2,毎日コツコツと<u>努力</u>を重ねることが大切です。,どりょく,とりょく,どりく,とりく,どりょく,「努力」の正しい読み方は「どりょく」です。目標（もくひょう）のために力を尽くす（つくす）ことです。基本（きほん）的なレベルの問題です。<br>「努」は濁音（だくおん）がついて「ど」と読みます。<br>したがって、正解は「どりょく」になります。
JLPT_N2_LK_Ch_119,言語知識,文字,表記,1,テストの前にピアノの<u>れんしゅう</u>をたくさんしました。,練習,練集,連習,連集,練習,「れんしゅう」の正しい漢字は「練習」です。上手になるために繰り返して（くりかえして）行うことです。基礎（きそ）的なレベルの問題です。<br>「集（あつ）まる」や「連（れん）」という漢字のひっかけに注意（ちゅうい）してください。<br>したがって、正解は「練習」になります。
JLPT_N2_LK_Ch_120,言語知識,文字,漢字読み,2,<u>承認</u>を得るために、部長に書類を提出しました。,しょうにん,じょうにん,しょうじん,じょうじん,しょうにん,「承認」の正しい読み方は「しょうにん」です。認める（みとめる）という意味（いみ）です。基本（きほん）的な問題（もんだい）です。<br>「承」は「しょう」と読みます。濁音（だくおん）はつきません。<br>したがって、正解は「しょうにん」になります。
JLPT_N2_LK_Ch_121,言語知識,文字,表記,1,何度も<u>しっぱい</u>しましたが、あきらめずに続けました。,失敗,質敗,実敗,矢敗,失敗,「しっぱい」の正しい漢字は「失敗」です。うまくいかないという意味（いみ）です。とても基礎（きそ）的なレベルの問題（もんだい）です。<br>「実（じつ）」や形（かたち）が似（に）ている漢字に気をつけましょう。<br>したがって、正解は「失敗」になります。
JLPT_N2_LK_Ch_122,言語知識,文字,漢字読み,4,<u>膨大</u>な量のデータを処理するのに、丸一日かかりました。,ぼうだい,ほうだい,ぼうたん,ほうたん,ぼうだい,「膨大」の正しい読み方は「ぼうだい」です。数がとても多いことや、大きくなることを表します。発展（はってん）的なレベルの問題（もんだい）です。<br>「膨」は「ぼう」と読みます。「ほう」という濁音（だくおん）がない読み方と間違えないようにしましょう。<br>したがって、正解は「ぼうだい」になります。
JLPT_N2_LK_Ch_123,言語知識,文字,表記,3,若者の車への<u>しょうひ</u>が減っていると言われています。,消費,費消,昇費,照費,消費,「しょうひ」の正しい漢字は「消費」です。お金や物（もの）を使って減らす（へらす）ことです。標準（ひょうじゅん）的なレベルの問題（もんだい）です。<br>「昇（しょう）」や「照（しょう）」など、同じ読み方の漢字に注意（ちゅうい）しましょう。<br>したがって、正解は「消費」になります。
JLPT_N2_LK_Ch_124,言語知識,文字,漢字読み,3,弱点を<u>克服</u>するために、毎日練習を重ねています。,こくふく,こくふう,こっふく,こっふう,こくふく,「克服」の正しい読み方は「こくふく」です。悪い状態（じょうたい）や困難（こんなん）に打ち勝つ（うちかつ）ことです。標準（ひょうじゅん）的なレベルの問題（もんだい）です。<br>促音（そくおん）の「こっふく」や、長音の「こくふう」と間違えないようにしましょう。<br>したがって、正解は「こくふく」になります。
JLPT_N2_LK_Ch_125,言語知識,文字,表記,5,最近、若者の読書離れに<u>けんちょ</u>な傾向が見られます。,顕著,顕署,権著,賢著,顕著,「けんちょ」の正しい漢字は「顕著」です。目立って（めだって）はっきりしている様子（ようす）を表します。高度（こうど）で難しいレベルの問題（もんだい）です。<br>「顕（けん）」や「著（ちょ）」と形（かたち）や読みが似（に）ている「権」や「賢」などの漢字に気をつけましょう。<br>したがって、正解は「顕著」になります。
JLPT_N2_LK_Ch_126,言語知識,文字,漢字読み,5,トラブルが発生したときは、<u>迅速</u>な対応が求められます。,じんそく,しんそく,じんぞく,しんぞく,じんそく,「迅速」の正しい読み方は「じんそく」です。とても速い（はやい）ことです。難易度（なんいど）の高い発展（はってん）問題（もんだい）です。<br>「迅」は「じん」と読みます。「しん」という濁音（だくおん）のない読み方と間違えないようにしましょう。<br>したがって、正解は「じんそく」になります。
JLPT_N2_LK_Ch_127,言語知識,文字,表記,2,お客様に<u>まんぞく</u>していただけるサービスを目指しています。,満足,満続,万足,万続,満足,「まんぞく」の正しい漢字は「満足」です。十分（じゅうぶん）に満たされて（みたされて）喜ぶ（よろこぶ）ことです。基本（きほん）的なレベルの問題（もんだい）です。<br>「続（ぞく）」や「万（まん）」といった漢字を使ったひっかけに注意（ちゅうい）してください。<br>したがって、正解は「満足」になります。
JLPT_N2_LK_Ch_128,言語知識,文字,漢字読み,1,来週のセミナーに<u>参加</u>することにしました。,さんか,ざんか,さんこう,ざんこう,さんか,「参加」の正しい読み方は「さんか」です。集まりや行事（ぎょうじ）に入ることです。とても基礎（きそ）的なレベルの問題（もんだい）です。<br>「さん」に濁音（だくおん）はつきません。<br>したがって、正解は「さんか」になります。
JLPT_N2_LK_Ch_129,言語知識,文字,表記,4,レジで代金の<u>しはらい</u>を済ませました。,支払い,枝払い,指払い,姿払い,支払い,「しはらい」の正しい漢字は「支払い」です。お金を払う（はらう）ことです。応用（おうよう）的なレベルの問題（もんだい）です。<br>「支（し）」に形（かたち）が似（に）ている「枝（えだ）」や「指（ゆび）」などの漢字に気をつけましょう。<br>したがって、正解は「支払い」になります。
JLPT_N2_LK_Ch_130,言語知識,文字,漢字読み,2,来週のスケジュールを<u>調整</u>するために、関係者に連絡しました。,ちょうせい,じょうせい,ちょうしょう,じょうしょう,ちょうせい,「調整」の正しい読み方は「ちょうせい」です。調子（ちょうし）や整い（ととのい）を合わせることです。基本（きほん）的なレベルの問題（もんだい）です。<br>「調」は「ちょう」と読み、「じょう」とは読みません。<br>したがって、正解は「ちょうせい」になります。
JLPT_N2_LK_Ch_131,言語知識,文字,表記,1,作業を始める前に、まず<u>あんぜん</u>を確認してください。,安全,按全,案全,案然,安全,「あんぜん」の正しい漢字は「安全」です。危険（きけん）がない状態（じょうたい）のことです。とても基礎（きそ）的なレベルの問題（もんだい）です。<br>「案（あん）」や「然（ぜん）」などの似（に）ている読み方の漢字に気をつけましょう。<br>したがって、正解は「安全」になります。
JLPT_N2_LK_Ch_132,言語知識,文字,漢字読み,4,現場の状況を正確に<u>把握</u>することが重要です。,はあく,はさく,はくあく,はっさく,はあく,「把握」の正しい読み方は「はあく」です。しっかりと理解（りかい）して自分のものにすることです。応用（おうよう）的なレベルの問題（もんだい）です。<br>「握」はここでは「あく」と読みます。促音（そくおん）が入る「はっさく」などの読み間違いに注意（ちゅうい）してください。<br>したがって、正解は「はあく」になります。
JLPT_N2_LK_Ch_133,言語知識,文字,表記,3,危険な場所には立入禁止の<u>けいこく</u>が出されています。,警告,軽告,敬告,警刻,警告,「けいこく」の正しい漢字は「警告」です。危険（きけん）などをあらかじめ強く伝えることです。標準（ひょうじゅん）的なレベルの問題（もんだい）です。<br>「軽（けい）」や「敬（けい）」、「刻（こく）」など同じ読み方の別の漢字と間違えないようにしましょう。<br>したがって、正解は「警告」になります。
JLPT_N2_LK_Ch_134,言語知識,文字,漢字読み,1,インターネットで必要な<u>情報</u>を検索しました。,じょうほう,しょうほう,じょうほ,しょうほ,じょうほう,「情報」の正しい読み方は「じょうほう」です。事柄（ことがら）やニュースなどの知らせのことです。とても基礎（きそ）的なレベルの問題（もんだい）です。<br>「情」は濁音（だくおん）がついて「じょう」と読みます。<br>したがって、正解は「じょうほう」になります。
JLPT_N2_LK_Ch_135,言語知識,文字,表記,5,豊かな<u>そうぞう</u>力を使って、新しい作品を生み出しました。,創造,想像,操造,創象,創造,「そうぞう」の正しい漢字は「創造」です。新しいものを初めて作ることです。高度（こうど）で難しいレベルの問題（もんだい）です。<br>「想像（そうぞう）」は心の中で思い浮かべる（おもいうかべる）ことなので、文脈（ぶんみゃく）に合わないひっかけです。<br>したがって、正解は「創造」になります。
JLPT_N2_LK_Ch_136,言語知識,文字,漢字読み,5,これまでの研究で<u>蓄積</u>されたデータを分析します。,ちくせき,ちくしゃく,つくせき,つくしゃく,ちくせき,「蓄積」の正しい読み方は「ちくせき」です。たくさんたくわえてためることです。高度（こうど）で難しいレベルの問題（もんだい）です。<br>「蓄」は「ちく」、「積」は「せき」と読みます。「つく」や「しゃく」と間違えないようにしましょう。<br>したがって、正解は「ちくせき」になります。
JLPT_N2_LK_Ch_137,言語知識,文字,表記,2,友達とプレゼントを<u>こうかん</u>しました。,交換,交感,効換,効感,交換,「こうかん」の正しい漢字は「交換」です。互い（たがい）のものをとりかえることです。基本（きほん）的なレベルの問題（もんだい）です。<br>「効（こう）」や「感（かん）」といった同じ読み方の漢字に気をつけましょう。<br>したがって、正解は「交換」になります。
JLPT_N2_LK_Ch_138,言語知識,文字,漢字読み,3,変化に対して<u>柔軟</u>に対応することが大切です。,じゅうなん,じゅうれん,しゅうなん,しゅうれん,じゅうなん,「柔軟」の正しい読み方は「じゅうなん」です。柔らかく（やわらかく）、その場に合わせて対応できることです。標準（ひょうじゅん）的なレベルの問題（もんだい）です。<br>「柔」は「じゅう」、「軟」は「なん」と読みます。<br>したがって、正解は「じゅうなん」になります。
JLPT_N2_LK_Ch_139,言語知識,文字,表記,4,結婚式にたくさんの友人を<u>しょうたい</u>しました。,招待,招対,照待,紹待,招待,「しょうたい」の正しい漢字は「招待」です。人をお客（きゃく）として招く（まねく）ことです。発展（はってん）的なレベルの問題（もんだい）です。<br>「紹介（しょうかい）」の「紹」や「対（たい）」など、形や読み方が似（に）ている漢字に気をつけましょう。<br>したがって、正解は「招待」になります。
JLPT_N2_LK_Ch_140,言語知識,文字,漢字読み,1,明日のイベントの開始時間が<u>変更</u>になりました。,へんこう,へんごう,へんきょう,へんぎょう,へんこう,「変更（へんこう）」の正しい読み方は「へんこう」です。変える（かえる）ことや変わる（かわる）ことを表します（あらわします）。とても基礎（きそ）的なレベルの問題（もんだい）です。<br>「へんごう」や「へんきょう」などの読み間違いに気をつけましょう。<br>したがって、正解は「へんこう」になります。
JLPT_N2_LK_Ch_141,言語知識,文字,表記,2,集団生活では<u>きそく</u>を守ることが大切です。,規則,規測,貴則,貴測,規則,「きそく」の正しい漢字は「規則（きそく）」です。みんなが守るための決まり（きまり）のことです。基本（きほん）的なレベルの問題（もんだい）です。<br>「測（そく）」や「貴（き）」といった似（に）ている漢字と間違えないようにしましょう。<br>したがって、正解は「規則」になります。
JLPT_N2_LK_Ch_142,言語知識,文字,漢字読み,3,彼の研究は医療の発展に大きく<u>貢献</u>しました。,こうけん,ごうけん,こうかん,ごうかん,こうけん,「貢献（こうけん）」の正しい読み方は「こうけん」です。社会（しゃかい）や人のために役立つ（やくだつ）ことを意味（いみ）します。標準（ひょうじゅん）的なレベルの問題（もんだい）です。<br>「貢」は濁音（だくおん）がつかない「こう」と読みます。<br>したがって、正解は「こうけん」になります。
JLPT_N2_LK_Ch_143,言語知識,文字,表記,3,自然<u>かんきょう</u>を守るための活動に参加しています。,環境,環鏡,関境,関鏡,環境,「かんきょう」の正しい漢字は「環境（かんきょう）」です。周り（まわり）の自然（しぜん）や生活（せいかつ）の場所を表します（あらわします）。標準（ひょうじゅん）的なレベルの問題（もんだい）です。<br>「鏡（かがみ）」や「関（かん）」といった同じ読み方の漢字に注意（ちゅうい）してください。<br>したがって、正解は「環境」になります。
JLPT_N2_LK_Ch_144,言語知識,文字,漢字読み,4,相手の提案を快く<u>承諾</u>しました。,しょうだく,じょうだく,しょうたく,じょうたく,しょうだく,「承諾（しょうだく）」の正しい読み方は「しょうだく」です。相手（あいて）の願い（ねがい）や意見を引き受ける（ひきうける）ことです。応用（おうよう）的なレベルの問題（もんだい）です。<br>「承」は「しょう」、「諾」は濁音（だくおん）がついて「だく」と読みます。<br>したがって、正解は「しょうだく」になります。
JLPT_N2_LK_Ch_145,言語知識,文字,表記,4,途中で諦めずに研究を<u>けいぞく</u>することが成功につながります。,継続,継属,計続,計属,継続,「けいぞく」の正しい漢字は「継続（けいぞく）」です。やめずに長く続ける（つづける）ことです。発展（はってん）的なレベルの問題（もんだい）です。<br>「計（けい）」や「属（ぞく）」などの同じ読み方の別の漢字と間違えないようにしましょう。<br>したがって、正解は「継続」になります。
JLPT_N2_LK_Ch_146,言語知識,文字,漢字読み,5,古い契約書を破砕機で<u>破棄</u>しました。,はき,はこう,ばき,ばこう,はき,「破棄（はき）」の正しい読み方は「はき」です。捨てて（すてて）なくすことや、約束（やくそく）をやめることです。高度（こうど）で難しい（むずかしい）レベルの問題（もんだい）です。<br>「棄」は「き」と読みます。「こう」や濁音（だくおん）の読み間違いに気をつけましょう。<br>したがって、正解は「はき」になります。
JLPT_N2_LK_Ch_147,言語知識,文字,表記,5,公園に新しい遊具を<u>せっち</u>する工事が始まりました。,設置,接置,設致,接致,設置,「せっち」の正しい漢字は「設置（せっち）」です。機械（きかい）や建物（たてもの）などを置いて（おいて）使えるようにすることです。高度（こうど）で難しい（むずかしい）レベルの問題（もんだい）です。<br>「接（せつ）」や「致（ち）」といった読み方の近い漢字に注意（ちゅうい）してください。<br>したがって、正解は「設置」になります。
JLPT_N2_LK_Ch_148,言語知識,文字,漢字読み,2,事業を全国に<u>拡大</u>する計画を立てています。,かくだい,こうだい,かくた,こうた,かくだい,「拡大（かくだい）」の正しい読み方は「かくだい」です。形（かたち）や規模（きぼ）を大きくすることです。基本（きほん）的なレベルの問題（もんだい）です。<br>「拡」は「かく」と読みます。「こう」と間違えないようにしましょう。<br>したがって、正解は「かくだい」になります。
JLPT_N2_LK_Ch_149,言語知識,文字,表記,1,車の交通量が多いので、<u>ちゅうい</u>して道を渡ってください。,注意,注位,宙意,宙位,注意,「ちゅうい」の正しい漢字は「注意（ちゅうい）」です。気を付ける（きをつける）ことです。とても基礎（きそ）的なレベルの問題（もんだい）です。<br>「宙（ちゅう）」や「位（い）」といった似（に）ている読み方の漢字に気をつけましょう。<br>したがって、正解は「注意」になります。
JLPT_N2_LK_Ch_150,言語知識,文字,漢字読み,2,台風の接近に伴い、暴風警報が<u>発令</u>されました。,はつれい,はつれん,ほつれい,ほつれん,はつれい,「発令」の正しい読み方は「はつれい」です。命令（めいれい）や警報（けいほう）を出すことです。基本（きほん）的なレベルの問題（もんだい）です。<br>「発」はここでは「はつ」と読みます。「ほつ」と間違えないようにしましょう。<br>したがって、正解は「はつれい」になります。
JLPT_N2_LK_Ch_151,言語知識,文字,表記,1,地震が発生したときは、あわてずに<u>こうどう</u>してください。,行動,行同,幸動,幸同,行動,「こうどう」の正しい漢字は「行動」です。実際に体（からだ）を動かして何かをすることです。とても基礎（きそ）的なレベルの問題（もんだい）です。<br>「幸（こう）」や「同（どう）」など、同じ読み方の漢字を使ったひっかけに注意（ちゅうい）しましょう。<br>したがって、正解は「行動」になります。
JLPT_N2_LK_Ch_152,言語知識,文字,漢字読み,4,新しい法律の導入について、活発な議論が<u>展開</u>されています。,てんかい,でんかい,てんきゅう,でんきゅう,てんかい,「展開」の正しい読み方は「てんかい」です。物事（ものごと）が次々と広がったり進んだりすることです。応用（おうよう）的なレベルの問題（もんだい）です。<br>「展」は濁音（だくおん）がつかない「てん」と読みます。<br>したがって、正解は「てんかい」になります。
JLPT_N2_LK_Ch_153,言語知識,文字,表記,3,売り上げの低迷から抜け出すための<u>だかい</u>策を話し合いました。,打開,打解,妥開,妥解,打開,「だかい」の正しい漢字は「打開」です。行き詰まった（いきづまった）状態（じょうたい）を切り開いて解決（かいけつ）することです。標準（ひょうじゅん）的なレベルの問題（もんだい）です。<br>「妥協（だきょう）」の「妥」と間違えないように気をつけましょう。<br>したがって、正解は「打開」になります。
JLPT_N2_LK_Ch_154,言語知識,文字,漢字読み,3,この作品は当時の社会情勢を色濃く<u>反映</u>しています。,はんえい,ほんえい,はんよう,ほんよう,はんえい,「反映」の正しい読み方は「はんえい」です。影響（えいきょう）を受けて姿（すがた）や形があらわれることです。標準（ひょうじゅん）的なレベルの問題（もんだい）です。<br>「映」はここでは「えい」と読みます。「よう」とは読みません。<br>したがって、正解は「はんえい」になります。
JLPT_N2_LK_Ch_155,言語知識,文字,表記,5,彼は強い責任感と<u>しめい</u>感を持って仕事を遂行した。,使命,指名,使明,指明,使命,「しめい」の正しい漢字は「使命」です。自分（じぶん）に与えられた大切な役割（やくわり）や仕事（しごと）のことです。高度（こうど）で難しい（むずかしい）レベルの問題（もんだい）です。<br>「指名（しめい）」は名前（なまえ）を指定（してい）することなので、文脈（ぶんみゃく）に合わないひっかけです。<br>したがって、正解は「使命」になります。
JLPT_N2_LK_Ch_156,言語知識,文字,漢字読み,5,過密なスケジュールを無理にこなそうとして<u>破綻</u>した。,はたん,はじょう,ばたん,ばじょう,はたん,「破綻」の正しい読み方は「はたん」です。物事（ものごと）や成り立ち（なりたち）が破れて（やぶれて）うまくいかなくなることです。高度（こうど）で難しい（むずかしい）レベルの問題（もんだい）です。<br>「綻」は「たん」と読みます。「じょう」などの読み間違いに気をつけましょう。<br>したがって、正解は「破綻」になります。
JLPT_N2_LK_Ch_157,言語知識,文字,表記,2,駅の改札を出て右側に<u>まどぐち</u>があります。,窓口,円口,突口,密口,窓口,「まどぐち」の正しい漢字は「窓口」です。相談（そうだん）や手続き（てつづき）をする場所（ばしょ）のことです。基本（きほん）的なレベルの問題（もんだい）です。<br>「円（えん）」など形（かたち）が似（に）ている漢字に気をつけましょう。<br>したがって、正解は「窓口」になります。
JLPT_N2_LK_Ch_158,言語知識,文字,漢字読み,1,休日は家族と一緒に買い物に行くのが<u>習慣</u>になっています。,しゅうかん,じゅうかん,しゅうこう,じゅうこう,しゅうかん,「習慣」の正しい読み方は「しゅうかん」です。いつも繰り返して（くりかえして）行うことや決まり（きまり）のことです。とても基礎（きそ）的なレベルの問題（もんだい）です。<br>「習」は濁音（だくおん）がつかない「しゅう」と読みます。<br>したがって、正解は「しゅうかん」になります。
JLPT_N2_LK_Ch_159,言語知識,文字,表記,4,契約の内容をもう一度しっかり<u>かくにん</u>してください。,確認,確忍,確任,確人,確認,「かくにん」の正しい漢字は「確認」です。確かめて（たしかめて）間違い（まちがい）がないか見ることです。応用（おうよう）的なレベルの問題（もんだい）です。<br>「確（かく）」の文字（もじ）のつくりの部分（ぶぶん）や部首（ぶしゅ）の違いに注意（ちゅうい）しましょう。<br>したがって、正解は「確認」になります。
JLPT_N2_LK_Ch_160,言語知識,文字,漢字読み,1,この本は若者の間でとても<u>人気</u>があります。,にんき,じんき,にんこう,じんこう,にんき,「人気」の正しい読み方は「にんき」です。多くの人（ひと）から好かれている（すかれている）状態（じょうたい）のことです。とても基礎（きそ）的なレベルの問題（もんだい）です。<br>「じんき」や「にんこう」などの読み間違いに注意（ちゅうい）しましょう。<br>したがって、正解は「にんき」になります。
JLPT_N2_LK_Ch_161,言語知識,文字,表記,2,両親の<u>しんぱい</u>をかけないように努力しています。,心配,心火,新配,新火,心配,「しんぱい」の正しい漢字は「心配」です。気にかかって（きにかかって）落ち着かない（おちつかない）ことです。基本（きほん）的なレベルの問題（もんだい）です。<br>「新（しん）」や「火（か）」といった同じ読み方の漢字を使ったひっかけに気をつけましょう。<br>したがって、正解は「心配」になります。
JLPT_N2_LK_Ch_162,言語知識,文字,漢字読み,3,彼は周囲の<u>期待</u>に応えて見事な成果を収めた。,きたい,ぎたい,きだい,ぎだい,きたい,「期待」の正しい読み方は「きたい」です。良い結果（けっか）を楽しみに待つ（まつ）ことです。標準（ひょうじゅん）的なレベルの問題（もんだい）です。<br>「期」も「待」も濁音（だくおん）はつきません。<br>したがって、正解は「きたい」になります。
JLPT_N2_LK_Ch_163,言語知識,文字,表記,3,事故の<u>げんいん</u>を詳しく調査しています。,原因,原音,元因,元音,原因,「げんいん」の正しい漢字は「原因」です。ある出来事（できごと）が起こった理由（りゆう）のことです。標準（ひょうじゅん）的なレベルの問題（もんだい）です。<br>「元（げん）」や「音（おん）」などの漢字を使ったひっかけに注意（ちゅうい）しましょう。<br>したがって、正解は「原因」になります。
JLPT_N2_LK_Ch_164,言語知識,文字,漢字読み,4,新しい政策の導入により、市場の<u>混乱</u>が予想される。,こんらん,ごんらん,こんなん,ごんなん,こんらん,「混乱」の正しい読み方は「こんらん」です。秩序（ちつじょ）がなくなり乱れる（みだれる）ことです。応用（おうよう）的なレベルの問題（もんだい）です。<br>「困難（こんなん）」という別の言葉（ことば）との読み間違いに注意（ちゅうい）してください。<br>したがって、正解は「こんらん」になります。
JLPT_N2_LK_Ch_165,言語知識,文字,表記,4,相手の失礼な態度に激しい<u>いかり</u>を覚えた。,怒り,怨り,恐り,怖り,怒り,「いかり」の正しい漢字は「怒り」です。腹を立てる（はらをたてる）感情（かんじょう）のことです。発展（はってん）的なレベルの問題（もんだい）です。<br>「恐（おそ）ろしい」や「怖（こわ）い」といった心（こころ）に関係する似（に）た漢字に気をつけましょう。<br>したがって、正解は「怒り」になります。
JLPT_N2_LK_Ch_166,言語知識,文字,漢字読み,5,今回の事件は業界全体を<u>震撼</u>させた。,しんかん,じんかん,しんこう,じんこう,しんかん,「震撼」の正しい読み方は「しんかん」です。激しく（はげしく）揺り動かす（ゆりうごかす）ことです。高度（こうど）で難しい（むずかしい）レベルの問題（もんだい）です。<br>「震」は「しん」、「憾」は「かん」と読みます。<br>したがって、正解は「しんかん」になります。
JLPT_N2_LK_Ch_167,言語知識,文字,表記,5,無実の罪を着せられた人を<u>きゅうさい</u>するための活動。,救済,究済,球済,求済,救済,「きゅうさい」の正しい漢字は「救済」です。苦しんでいる人を助ける（たすける）ことです。高度（こうど）で難しい（むずかしい）レベルの問題（もんだい）です。<br>「求（きゅう）」や「球（きゅう）」など、読みが同じで形（かたち）が似（に）ている漢字に注意（ちゅうい）しましょう。<br>したがって、正解は「救済」になります。
JLPT_N2_LK_Ch_168,言語知識,文字,漢字読み,2,準備運動をしてからプールに<u>進入</u>しました。,しんにゅう,じんにゅう,しんじゅう,じんじゅう,しんにゅう,「進入」の正しい読み方は「しんにゅう」です。中（なか）に入って（はいって）いくことです。基本（きほん）的なレベルの問題（もんだい）です。<br>「進」は濁音（だくおん）がつかない「しん」と読みます。<br>したがって、正解は「しんにゅう」になります。
JLPT_N2_LK_Ch_169,言語知識,文字,表記,1,図書室では静かに<u>べんきょう</u>してください。,勉強,便協,勉協,便強,勉強,「べんきょう」の正しい漢字は「勉強」です。学問（がくもん）や知識（ちしき）を身につける（みにつける）ことです。とても基礎（きそ）的なレベルの問題（もんだい）です。<br>「便（べん）」や「協（きょう）」などの漢字を使ったひっかけに気をつけましょう。<br>したがって、正解は「勉強」になります。
JLPT_N2_LK_Ch_170,言語知識,文字,漢字読み,1,彼は毎日<u>真面目</u>に働いています。,まじめ,ましょうぶ,しんめんぼく,しんめんもく,まじめ,「真面目」の正しい読み方は「まじめ」です。真剣（しんけん）で誠実（せいじつ）な様子（ようす）を表します。とても基礎（きそ）的なレベルの問題です。<br>「しんめんぼく」などの特別な読み方と間違えないようにしましょう。<br>したがって、正解は「まじめ」になります。
JLPT_N2_LK_Ch_171,言語知識,文字,表記,2,事故の<u>けいこく</u>を無視して進んではいけません。,警告,軽告,敬告,警刻,警告,「けいこく」の正しい漢字は「警告」です。危険（きけん）をあらかじめ知らせて注意（ちゅうい）することです。基本（きほん）的なレベルの問題です。<br>「軽（けい）」や「敬（けい）」などの同じ読み方の漢字に気をつけましょう。<br>したがって、正解は「警告」になります。
JLPT_N2_LK_Ch_172,言語知識,文字,漢字読み,3,この地域は自然環境が<u>恵</u>まれています。,めぐ,えぐ,あぐ,つぐ,めぐ,「恵まれる」の「恵」の正しい読み方は「めぐ」です。良い状態（じょうたい）を与えられる（あたえられる）という意味です。標準（ひょうじゅん）的なレベルの問題です。<br>「えぐ」や「あぐ」などの読み間違いに注意（ちゅうい）してください。<br>したがって、正解は「めぐ」になります。
JLPT_N2_LK_Ch_173,言語知識,文字,表記,4,相手の意見を尊重しつつ、自分の意見も<u>しゅちょう</u>した。,主張,主長,首張,首長,主張,「しゅちょう」の正しい漢字は「主張」です。自分の持っている考えを強く言い張る（いいはる）ことです。応用（おうよう）的なレベルの問題です。<br>「首長（しゅちょう）」はグループのリーダーのことなので、意味（いみ）が違います。<br>したがって、正解は「主張」になります。
JLPT_N2_LK_Ch_174,言語知識,文字,漢字読み,5,過度なストレスが原因で体調が<u>崩壊</u>した。,ほうかい,ぼうかい,ほうき,ぼうき,ほうかい,「崩壊」の正しい読み方は「ほうかい」です。崩れて（くずれて）壊れる（こわれる）ことです。高度（こうど）で難しいレベルの問題です。<br>「崩」は濁音（だくおん）がつかない「ほう」と読みます。<br>したがって、正解は「ほうかい」になります。
JLPT_N2_LK_Ch_175,言語知識,文字,表記,3,売り上げの低迷を<u>だは</u>するための作戦を練った。,打破,打波,妥破,妥波,打破,「だは」の正しい漢字は「打破」です。悪い状態（じょうたい）を打ち破る（うちやぶる）ことです。標準（ひょうじゅん）的なレベルの問題です。<br>「妥協（だきょう）」の「妥」や「波（なみ）」という漢字のひっかけに気をつけましょう。<br>したがって、正解は「打破」になります。
JLPT_N2_LK_Ch_176,言語知識,文字,漢字読み,2,荷物の<u>重量</u>を測定してください。,じゅうりょう,じゅうりょうし,ちゅうりょう,ちゅうりょうし,じゅうりょう,「重量」の正しい読み方は「じゅうりょう」です。物の重さ（おもさ）のことです。基本（きほん）的なレベルの問題です。<br>「重」はここでは「じゅう」と読みます。「ちゅう」とは読みません。<br>したがって、正解は「じゅうりょう」になります。
JLPT_N2_LK_Ch_177,言語知識,文字,表記,5,長年の努力が実を結び、大きな<u>いぎょう</u>を成し遂げた。,偉業,違業,偉形,違形,偉業,「いぎょう」の正しい漢字は「偉業」です。素晴らしい（すばらしい）立派な仕事（しごと）や業績（ぎょうせき）のことです。高度（こうど）で難しいレベルの問題です。<br>「違（ちがう）」という似（に）ている漢字と間違えないようにしましょう。<br>したがって、正解は「偉業」になります。
JLPT_N2_LK_Ch_178,言語知識,文字,漢字読み,4,長年の経験に基づいた<u>直感</u>で判断した。,ちょっかん,ちょくかん,じょっかん,じょくかん,ちょっかん,「直感」の正しい読み方は「ちょっかん」です。説明（せつめい）なしで感覚（かんかく）ですぐに分かることです。発展（はってん）的なレベルの問題です。<br>「直」と「感」の間に促音（そくおん：小さい「つ」）が入ることに注意（ちゅうい）してください。<br>したがって、正解は「ちょっかん」になります。
JLPT_N2_LK_Ch_179,言語知識,文字,表記,1,新しい服を買うために、デパートへ<u>かいもの</u>に行きました。,買い物,買物,貝い物,買い者,買い物,「かいもの」の正しい漢字は「買い物」です。物を買う（かう）ことです。とても基礎（きそ）的なレベルの問題です。<br>送り仮名（おくりがな）の「い」が必要（ひつよう）ですので注意（ちゅうい）しましょう。<br>したがって、正解は「買い物」になります。
JLPT_N2_LK_Ch_180,言語知識,文字,漢字読み,2,駅の近くに新しい<u>商業</u>施設がオープンしました。,しょうぎょう,じょうぎょう,しょうこう,じょうこう,しょうぎょう,「商業」の正しい読み方は「しょうぎょう」です。物を売り買い（うりかい）するビジネスのことです。基本（きほん）的なレベルの問題（もんだい）です。<br>「商」は濁音（だくおん）がつかない「しょう」と読みます。<br>したがって、正解は「しょうぎょう」になります。
JLPT_N2_LK_Ch_181,言語知識,文字,表記,1,毎日、新聞を読んで日本の<u>けいざい</u>について勉強しています。,経済,軽済,経斉,軽斉,経済,「けいざい」の正しい漢字は「経済」です。お金や物の流れ（ながれ）のことです。とても基礎（きそ）的なレベルの問題（もんだい）です。<br>「軽（かるい）」や「斉」などの似（に）ている漢字に気をつけましょう。<br>したがって、正解は「経済」になります。
JLPT_N2_LK_Ch_182,言語知識,文字,漢字読み,4,裁判で事件の<u>詳細</u>が明らかになりました。,しょうさい,じょうさい,しょうせい,じょうせい,しょうさい,「詳細」の正しい読み方は「しょうさい」です。細かく（こまかく）詳しい（くわしい）ことです。応用（おうよう）的なレベルの問題（もんだい）です。<br>「詳」は「しょう」、「細」はここでは「さい」と読みます。<br>したがって、正解は「しょうさい」になります。
JLPT_N2_LK_Ch_183,言語知識,文字,表記,3,自分の発言に対して<u>せきにん</u>を持つべきです。,責任,積任,関任,責認,責任,「せきにん」の正しい漢字は「責任」です。自分が引き受ける（ひきうける）べき務め（つとめ）のことです。標準（ひょうじゅん）的なレベルの問題（もんだい）です。<br>「関（かん）」など同じ読み方の別の漢字と間違えないようにしましょう。<br>したがって、正解は「責任」になります。
JLPT_N2_LK_Ch_184,言語知識,文字,漢字読み,5,急な事件の発生により、現場は<u>混沌</u>とした状況になりました。,こんとん,ごんとん,こんどん,ごんどん,こんとん,「混沌」の正しい読み方は「こんとん」です。交ざり合って（まざりあって）区別（くべつ）がつかない様子（ようす）を表します。高度（こうど）で難しい（むずかしい）レベルの問題（もんだい）です。<br>どちらの漢字にも濁音（だくおん）はつきません。<br>したがって、正解は「こんとん」になります。
JLPT_N2_LK_Ch_185,言語知識,文字,表記,5,彼は長年の功績が認められて<u>しょうしん</u>した。,昇進,招進,昇新,勝進,昇進,「しょうしん」の正しい漢字は「昇進」です。会社（かいしゃ）などで上の地位（ちい）にあがることです。高度（こうど）で難しい（むずかしい）レベルの問題（もんだい）です。<br>「勝（かつ）」や「新（あたらしい）」といった似（に）ている読みの漢字に注意（ちゅうい）しましょう。<br>したがって、正解は「昇進」になります。
JLPT_N2_LK_Ch_186,言語知識,文字,漢字読み,3,この地域は昔から<u>農業</u>が盛んです。,のうぎょう,どうぎょう,のうこう,どうこう,のうぎょう,「農業」の正しい読み方は「のうぎょう」です。野菜（やさい）や米（こめ）を作る仕事（しごと）のことです。標準（ひょうじゅん）的なレベルの問題（もんだい）です。<br>「農」は「のう」と読みます。「どう」と間違えないようにしましょう。<br>したがって、正解は「のうぎょう」になります。
JLPT_N2_LK_Ch_187,言語知識,文字,表記,2,テストの<u>けっか</u>を見て、とても安心しました。,結果,決果,結課,結菓,結果,「けっか」の正しい漢字は「結果」です。物事（ものごと）の最後（さいご）の状態（じょうたい）や実り（みのり）のことです。基本（きほん）的なレベルの問題（もんだい）です。<br>「課（か）」という同じ読み方の漢字との間違いに注意（ちゅうい）してください。<br>したがって、正解は「結果」になります。
JLPT_N2_LK_Ch_188,言語知識,文字,漢字読み,1,明日は朝早く<u>出発</u>するので、今夜は早く寝ます。,しゅっぱつ,しゅつはつ,じゅっぱつ,じゅつはつ,しゅっぱつ,「出発」の正しい読み方は「しゅっぱつ」です。出かける（でかける）ことです。とても基礎（きそ）的なレベルの問題（もんだい）です。<br>「出」と「発」の間に促音（そくおん：小さい「つ」）が入ることに気をつけましょう。<br>したがって、正解は「しゅっぱつ」になります。
JLPT_N2_LK_Ch_189,言語知識,文字,表記,4,会議で意見が分かれたため、議論が<u>なんこう</u>に及んだ。,難航,南航,難行,難幸,難航,「なんこう」の正しい漢字は「難航」です。障害（しょうがい）が多くてスムーズに進まない（すすまない）ことです。発展（はってん）的なレベルの問題（もんだい）です。<br>「行（こう）」や「幸（こう）」など形（かたち）や読みが近い漢字を使ったひっかけに気をつけましょう。<br>したがって、正解は「難航」になります。
JLPT_N2_LK_Ch_190,言語知識,文字,漢字読み,2,この問題について、さらに<u>検討</u>を重ねる必要があります。,けんとう,げんとう,けんどう,げんどう,けんとう,「検討」の正しい読み方は「けんとう」です。よく調べて考えることです。基本（きほん）的なレベルの問題（もんだい）です。<br>「検」も「討」も濁音（だくおん）はつきません。<br>したがって、正解は「けんとう」になります。
JLPT_N2_LK_Ch_191,言語知識,文字,表記,1,約束の時間に<u>ちこく</u>してしまいました。,遅刻,遅告,近刻,近告,遅刻,「ちこく」の正しい漢字は「遅刻」です。決められた時間より遅れる（おくれる）ことです。とても基礎（きそ）的なレベルの問題（もんだい）です。<br>「近（ちかい）」や「告（こく）」などの漢字のひっかけに気をつけましょう。<br>したがって、正解は「遅刻」になります。
JLPT_N2_LK_Ch_192,言語知識,文字,漢字読み,4,新しい政策によって、不景気を<u>克服</u>しようとしています。,こくふく,こっふく,こくふう,こっふう,こくふく,「克服」の正しい読み方は「こくふく」です。困難（こんなん）に打ち勝つ（うちかつ）ことです。応用（おうよう）的なレベルの問題（もんだい）です。<br>促音（そくおん：小さい「つ」）が入る「こっふく」などの読み間違いに注意（ちゅうい）しましょう。<br>したがって、正解は「こくふく」になります。
JLPT_N2_LK_Ch_193,言語知識,文字,表記,3,事故の現場に<u>けいさつ</u>が到着しました。,警察,敬察,軽察,警擦,警察,「けいさつ」の正しい漢字は「警察」です。まちの安全（あんぜん）を守る仕事（しごと）のことです。標準（ひょうじゅん）的なレベルの問題（もんだい）です。<br>「軽（けい）」という漢字との間違いに注意（ちゅうい）してください。<br>したがって、正解は「警察」になります。
JLPT_N2_LK_Ch_194,言語知識,文字,漢字読み,5,過酷な環境にも<u>適応</u>できる植物の研究を行っています。,てきおう,てきこう,てっこう,てっおう,てきおう,「適応」の正しい読み方は「てきおう」です。その場の状態（じょうたい）や環境（かんきょう）にぴったり合うことです。高度（こうど）で難しい（むずかしい）レベルの問題（もんだい）です。<br>「応」は「おう」と読みます。「こう」と間違えないようにしましょう。<br>したがって、正解は「てきおう」になります。
JLPT_N2_LK_Ch_195,言語知識,文字,表記,5,彼は強い<u>しめい</u>感を持って復興支援に取り組んだ。,使命,指名,使明,指明,使命,「しめい」の正しい漢字は「使命」です。自分（じぶん）に与えられた大切（たいせつ）な役割（やくわり）のことです。高度（こうど）で難しい（むずかしい）レベルの問題（もんだい）です。<br>「指名（しめい）」は人を選ぶことなので、文脈（ぶんみゃく）に合わないひっかけです。<br>したがって、正解は「使命」になります。
JLPT_N2_LK_Ch_196,言語知識,文字,漢字読み,3,この地域は人口が<u>減少</u>しています。,げんしょう,けんしょう,げんそう,けんそう,げんしょう,「減少」の正しい読み方は「げんしょう」です。数が減る（ヘル）ことです。標準（ひょうじゅん）的なレベルの問題（もんだい）です。<br>「減」は濁音（だくおん）がついた「げん」と読みます。<br>したがって、正解は「げんしょう」になります。
JLPT_N2_LK_Ch_197,言語知識,文字,表記,2,テストの答えを<u>かくにん</u>してください。,確認,確忍,確任,確人,確認,「かくにん」の正しい漢字は「確認」です。確かめて（たしかめて）間違い（まちがい）がないか見る（みる）ことです。基本（きほん）的なレベルの問題（もんだい）です。<br>部首（ぶしゅ）やつくりの違い（ちがい）に注意（ちゅうい）しましょう。<br>したがって、正解は「確認」になります。
JLPT_N2_LK_Ch_198,言語知識,文字,漢字読み,1,明日は友達と<u>映画</u>を見に行きます。,えいが,えいか,えこう,えきょう,えいが,「映画」の正しい読み方は「えいが」です。スクリーンの映像（えいぞう）作品のことです。とても基礎（きそ）的なレベルの問題（もんだい）です。<br>「画」は濁音（だくおん）がついた「が」と読みます。<br>したがって、正解は「えいが」になります。
JLPT_N2_LK_Ch_199,言語知識,文字,表記,4,相手の失礼な発言に対して<u>いかり</u>を感じた。,怒り,怨り,恐り,怖り,怒り,「いかり」の正しい漢字は「怒り」です。腹を立てる（はらをたてる）感情（かんじょう）のことです。発展（はってん）的なレベルの問題（もんだい）です。<br>「恐（おそ）ろしい」や「怖（こわ）い」などの似（に）ている意味（いみ）の漢字と間違えないようにしましょう。<br>したがって、正解は「怒り」になります。
JLPT_N2_LK_Ch_200,言語知識,文字,漢字読み,2,危険な行為は<u>禁止</u>されています。,きんし,きんじ,ぎんし,ぎんじ,きんし,「禁止」の正しい読み方は「きんし」です。してはいけないと止めることです。基本（きほん）的なレベルの問題です。<br>「きん」や「し」に濁音（だくおん）はつきません。<br>したがって、正解は「きんし」になります。
JLPT_N2_LK_Ch_201,言語知識,文字,表記,1,駅の前で友達と<u>やくそく</u>をしました。,約束,約足,益束,益足,約束,「やくそく」の正しい漢字は「約束」です。決めごとをすることです。とても基礎（きそ）的なレベルの問題です。<br>「足（あし）」や「益（えき）」などの似（に）ている漢字に気をつけましょう。<br>したがって、正解は「約束」になります。
JLPT_N2_LK_Ch_202,言語知識,文字,漢字読み,4,長年の努力が<u>成就</u>して、夢が叶いました。,じょうじゅ,じょうじゅう,しょうじゅ,しょうじゅう,じょうじゅ,「成就」の正しい読み方は「じょうじゅ」です。望み（のぞみ）が叶う（かなう）ことです。応用（おうよう）的なレベルの問題です。<br>「成」は「じょう」、「就」は短く「じゅ」と読みます。長音（ちょうおん）の「じょうじゅう」と間違えないようにしましょう。<br>したがって、正解は「じょうじゅ」になります。
JLPT_N2_LK_Ch_203,言語知識,文字,表記,3,相手の立場に立って<u>いりょく</u>を発揮する。,威力,偉力,異力,移力,威力,「いりょく」の正しい漢字は「威力」です。強い力（ちから）や勢い（いきおい）のことです。標準（ひょうじゅん）的なレベルの問題です。<br>「偉（い）大」の「偉」や「異（い）なる」の「異」など、同じ読み方の漢字に注意（ちゅうい）しましょう。<br>したがって、正解は「威力」になります。
JLPT_N2_LK_Ch_204,言語知識,文字,漢字読み,5,過疎化が進む地域を<u>再興</u>するためのプロジェクト。,さいこう,さいきょう,さこう,さきょう,さいこう,「再興」の正しい読み方は「さいこう」です。一度（いちど）だめになったものを、もう一度盛ん（さかん）にすることです。高度（こうど）で難しいレベルの問題です。<br>「興」はここでは「こう」と読みます。「きょう」と間違えないように気をつけましょう。<br>したがって、正解は「さいこう」になります。
JLPT_N2_LK_Ch_205,言語知識,文字,表記,3,事故を防ぐために機械の<u>てんけん</u>を行います。,点検,点権,転検,転権,点検,「てんけん」の正しい漢字は「点検」です。一つひとつ検査（けんさ）して調べることです。標準（ひょうじゅん）的なレベルの問題です。<br>「転（てん）ぶ」や「権（けん）り」などの漢字のひっかけに注意（ちゅうい）してください。<br>したがって、正解は「点検」になります。
JLPT_N2_LK_Ch_206,言語知識,文字,漢字読み,1,休日は家族と一緒に<u>公園</u>を散歩します。,こうえん,ごうえん,こうえんじ,ごうえんじ,こうえん,「公園」の正しい読み方は「こうえん」です。みんなが遊んだり休んだりする場所です。とても基礎（きそ）的なレベルの問題です。<br>「こう」に濁音（だくおん）はつきません。<br>したがって、正解は「こうえん」になります。
JLPT_N2_LK_Ch_207,言語知識,文字,表記,5,法廷で無罪を<u>しょうめい</u>するための証拠を出した。,証明,照明,証名,照名,証明,「しょうめい」の正しい漢字は「証明」です。事実（じじつ）であることを明らかにすることです。高度（こうど）で難しいレベルの問題です。<br>「照明（部屋を明るくする光）」は同じ読み方のひっかけです。<br>したがって、正解は「証明」になります。
JLPT_N2_LK_Ch_208,言語知識,文字,漢字読み,3,法律の<u>改正</u>案が議会で可決されました。,かいせい,がいせい,かいしょう,がいしょう,かいせい,「改正」の正しい読み方は「かいせい」です。不十分（ふじゅうぶん）な点を改める（あらためる）ことです。標準（ひょうじゅん）的なレベルの問題です。<br>「正」はここでは「せい」と読みます。「しょう」とは読みません。<br>したがって、正解は「かいせい」になります。
JLPT_N2_LK_Ch_209,言語知識,文字,表記,4,会社の経営体制を<u>さっしん</u>する。,刷新,札新,刷真,札真,刷新,「さっしん」の正しい漢字は「刷新」です。悪い部分をすべてなくして、新しくすることです。発展（はってん）的なレベルの問題です。<br>「札（ふだ）」や「真（まこと）」といった似（に）ている漢字に気をつけましょう。<br>したがって、正解は「刷新」になります。
JLPT_N2_LK_Ch_210,言語知識,文字,漢字読み,2,危険ですので、窓から乗り出さないで<u>禁止</u>事項を守ってください。,きんし,きんじ,ぎんし,ぎんじ,きんし,「禁止」の正しい読み方は「きんし」です。やってはいけないと止める（とめる）ことです。基本（きほん）的なレベルの問題（もんだい）です。<br>「きん」や「し」に濁音（だくおん）はつきません。<br>したがって、正解は「きんし」になります。
JLPT_N2_LK_Ch_211,言語知識,文字,表記,1,駅の前で友達と<u>やくそく</u>をして待ち合わせました。,約束,約足,益束,益足,約束,「やくそく」の正しい漢字は「約束」です。決めごとをすることです。とても基礎（きそ）的なレベルの問題（もんだい）です。<br>「足（あし）」や「益（えき）」などの似（に）ている漢字に気をつけましょう。<br>したがって、正解は「約束」になります。
JLPT_N2_LK_Ch_212,言語知識,文字,漢字読み,4,長年の研究が実を結び、<u>成就</u>の瞬間を迎えました。,じょうじゅ,じょうじゅう,しょうじゅ,しょうじゅう,じょうじゅ,「成就」の正しい読み方は「じょうじゅ」です。望み（のぞみ）や計画が叶う（かなう）ことです。応用（おうよう）的なレベルの問題（もんだい）です。<br>「成」は「じょう」、「就」は短く「じゅ」と読みます。長音（ちょうおん）の「じょうじゅう」と間違えないようにしましょう。<br>したがって、正解は「じょうじゅ」になります。
JLPT_N2_LK_Ch_213,言語知識,文字,表記,3,大型台風の接近により、暴風雨の<u>いりょく</u>が増しています。,威力,偉力,異力,移力,威力,「いりょく」の正しい漢字は「威力」です。強い力（ちから）や勢い（いきおい）のことです。標準（ひょうじゅん）的なレベルの問題（もんだい）です。<br>「偉（い）大」の「偉」や「異（い）なる」の「異」など、同じ読み方の漢字に注意（ちゅうい）しましょう。<br>したがって、正解は「威力」になります。
JLPT_N2_LK_Ch_214,言語知識,文字,漢字読み,5,過疎化が進む地域を<u>再興</u>するためのプロジェクトが始まりました。,さいこう,さいきょう,さこう,さきょう,さいこう,「再興」の正しい読み方は「さいこう」です。一度（いちど）衰えた（おとろえた）ものを、もう一度盛ん（さかん）にすることです。高度（こうど）で難しい（むずかしい）レベルの問題（もんだい）です。<br>「興」はここでは「こう」と読みます。「きょう」と間違えないように気をつけましょう。<br>したがって、正解は「さいこう」になります。
JLPT_N2_LK_Ch_215,言語知識,文字,表記,3,事故を防ぐために、定期的に機械の<u>てんけん</u>を行います。,点検,点権,転検,転権,点検,「てんけん」の正しい漢字は「点検」です。一つひとつ検査（けんさ）して調べる（しらべる）ことです。標準（ひょうじゅん）的なレベルの問題（もんだい）です。<br>「転（てん）ぶ」や「権（けん）り」などの漢字のひっかけに注意（ちゅうい）してください。<br>したがって、正解は「点検」になります。
JLPT_N2_LK_Ch_216,言語知識,文字,漢字読み,1,この<u>公園</u>には大きな池があります。,こうえん,ごうえん,こうえんじ,ごうえんじ,こうえん,「公園」の正しい読み方は「こうえん」です。みんなが遊んだり休んだりする場所（ばしょ）です。とても基礎（きそ）的なレベルの問題（もんだい）です。<br>「こう」に濁音（だくおん）はつきません。<br>したがって、正解は「こうえん」になります。
JLPT_N2_LK_Ch_217,言語知識,文字,表記,5,法廷で自分の無罪を<u>しょうめい</u>するための証拠を提示した。,証明,照明,証名,照名,証明,「しょうめい」の正しい漢字は「証明」です。事実（じじつ）であることを明らかにすることです。高度（こうど）で難しい（むずかしい）レベルの問題（もんだい）です。<br>「照明（部屋を明るくする光）」は同じ読み方のひっかけです。<br>したがって、正解は「証明」になります。
JLPT_N2_LK_Ch_218,言語知識,文字,漢字読み,3,時代の変化に合わせて、古い制度の<u>改正</u>が行われました。,かいせい,がいせい,かいしょう,がいしょう,かいせい,「改正」の正しい読み方は「かいせい」です。不十分（ふじゅうぶん）な点を改める（あらためる）ことです。標準（ひょうじゅん）的なレベルの問題（もんだい）です。<br>「正」はここでは「せい」と読みます。「しょう」とは読みません。<br>したがって、正解は「かいせい」になります。
JLPT_N2_LK_Ch_219,言語知識,文字,表記,4,会社のイメージを<u>さっしん</u>するために、ロゴを変更しました。,刷新,札新,刷真,札真,刷新,「さっしん」の正しい漢字は「刷新」です。悪い部分をすべてなくして、新しく（あたらしく）することです。発展（はってん）的なレベルの問題（もんだい）です。<br>「札（ふだ）」や「真（まこと）」といった似（に）ている漢字に気をつけましょう。<br>したがって、正解は「刷新」になります。
JLPT_N2_LK_Ch_220,言語知識,文字,漢字読み,2,彼はいつも他人に<u>親切</u>に接しています。,しんせつ,じんせつ,しんせち,じんせち,しんせつ,「親切」の正しい読み方は「しんせつ」です。思いやりがあって優しく（しく）することです。基本（きほん）的なレベルの問題（もんだい）です。<br>「親」は濁音（だくおん）がつかない「しん」と読みます。<br>したがって、正解は「しんせつ」になります。
JLPT_N2_LK_Ch_221,言語知識,文字,表記,1,明日の天気が<u>しんぱい</u>です。,心配,心火,新配,新火,心配,「しんぱい」の正しい漢字は「心配」です。気にかかって（きにかかって）落ち着かない（おちつかない）ことです。とても基礎（きそ）的なレベルの問題（もんだい）です。<br>「新（あたらしい）」や「火（ひ）」などの漢字のひっかけに気をつけましょう。<br>したがって、正解は「心配」になります。
JLPT_N2_LK_Ch_222,言語知識,文字,漢字読み,4,長年の交渉を経て、ようやく協定が<u>締結</u>されました。,ていけつ,ていげつ,でいけつ,たいけつ,ていけつ,「締結」の正しい読み方は「ていけつ」です。約束（やくそく）や契約（けいやく）を結ぶ（むすぶ）ことです。応用（おうよう）的なレベルの問題（もんだい）です。<br>「締」は濁音（だくおん）がつかない「てい」と読みます。<br>したがって、正解は「ていけつ」になります。
JLPT_N2_LK_Ch_223,言語知識,文字,表記,3,事故の被害を<u>さいしょう</u>限に抑えることができました。,最小,済小,最少,最省,最小,「さいしょう」の正しい漢字は「最小」です。一番（いちばん）小さい（ちいさい）ことです。標準（ひょうじゅん）的なレベルの問題（もんだい）です。<br>「最少（さいしょう：数が一番少ない）」は同じ読み方のひっかけですので、文脈（ぶんみゃく）に気をつけましょう。<br>したがって、正解は「最小」になります。
JLPT_N2_LK_Ch_224,言語知識,文字,漢字読み,5,急激な環境の変化に、現場は<u>困惑</u>を隠せませんでした。,こんわく,ごんわく,こんかく,ごんかく,こんわく,「困惑」の正しい読み方は「こんわく」です。どうしていいか分からなくて困る（こまる）ことです。高度（こうど）で難しい（むずかしい）レベルの問題（もんだい）です。<br>「惑」は「わく」と読みます。「かく」と間違えないように気をつけましょう。<br>したがって、正解は「こんわく」になります。
JLPT_N2_LK_Ch_225,言語知識,文字,表記,3,新商品の開発に向けて<u>きかく</u>書を作成しました。,企画,起画,企確,企各,企画,「きかく」の正しい漢字は「企画」です。新しい計画（けいかく）を立てることです。標準（ひょうじゅん）的なレベルの問題（もんだい）です。<br>「確（かく）」や部首（ぶしゅ）の違い（ちがい）に注意（ちゅうい）してください。<br>したがって、正解は「企画」になります。
JLPT_N2_LK_Ch_226,言語知識,文字,漢字読み,1,今週末は友達と<u>旅行</u>に行く予定です。,りょこう,りょこうじ,りこう,りこうじ,りょこう,「旅行」の正しい読み方は「りょこう」です。家を離れて（はなれて）ほかの場所に行くことです。とても基礎（きそ）的なレベルの問題（もんだい）です。<br>「旅」は「りょ」と読みます。<br>したがって、正解は「りょこう」になります。
JLPT_N2_LK_Ch_227,言語知識,文字,表記,5,彼は長年の功績が称えられ、表彰状を<u>じゅしょう</u>した。,受賞,受将,授賞,授将,受賞,「じゅしょう」の正しい漢字は「受賞」です。賞（しょう）をもらうことです。高度（こうど）で難しい（むずかしい）レベルの問題（もんだい）です。<br>「授賞（じゅしょう：賞を与えること）」は意味（いみ）が反対（はんたい）になるひっかけですので注意（ちゅうい）しましょう。<br>したがって、正解は「受賞」になります。
JLPT_N2_LK_Ch_228,言語知識,文字,漢字読み,3,この地域は古くから貿易の<u>拠点</u>として栄えてきました。,きょてん,きょでん,こてん,こでん,きょてん,「拠点」の正しい読み方は「きょてん」です。活動（かつどう）の足がかりとなる大切な場所のことです。標準（ひょうじゅん）的なレベルの問題（もんだい）です。<br>「拠」は「きょ」と読みます。「こ」と間違えないようにしましょう。<br>したがって、正解は「きょてん」になります。
JLPT_N2_LK_Ch_229,言語知識,文字,表記,4,相手の意見をしっかりと<u>けいちょう</u>して聞く姿勢が求められます。,傾聴,継聴,傾鳥,傾聞,傾聴,「けいちょう」の正しい漢字は「傾聴」です。耳（みみ）を傾けて（かたむけて）熱心（ねっしん）に聞くことです。発展（はってん）的なレベルの問題（もんだい）です。<br>部首（ぶしゅ）が耳へん（みみへん）になっている漢字をしっかり選びましょう。<br>したがって、正解は「傾聴」になります。
JLPT_N2_LK_Ch_230,言語知識,文字,漢字読み,2,この地域は台風の影響で大きな<u>被害</u>を受けました。,ひがい,びがい,ひかい,びかい,ひがい,「被害」の正しい読み方は「ひがい」です。害（がい）を受ける（うける）という意味（いみ）です。基本（きほん）的なレベルの問題（もんだい）です。<br>「被」に濁音（だくおん）はつきません。<br>したがって、正解は「ひがい」になります。
JLPT_N2_LK_Ch_231,言語知識,文字,表記,1,図書室から好きな本を<u>せんたく</u>して借りました。,選択,選宅,線択,線宅,選択,「せんたく」の正しい漢字は「選択」です。多くのものから選ぶ（えらぶ）ことです。とても基礎（きそ）的なレベルの問題（もんだい）です。<br>「線（せん）」や「宅（たく）」といった似（に）ている漢字に気をつけましょう。<br>したがって、正解は「選択」になります。
JLPT_N2_LK_Ch_232,言語知識,文字,漢字読み,4,古い法律を現代に合わせて<u>破棄</u>することに決定した。,はき,はこう,ばき,ばこう,はき,「破棄」の正しい読み方は「はき」です。約束（やくそく）や契約（けいやく）などを破る（やぶる）ことです。応用（おうよう）的なレベルの問題（もんだい）です。<br>「棄」は「き」と読みます。「こう」などの読み間違いに注意（ちゅうい）しましょう。<br>したがって、正解は「破棄」になります。
JLPT_N2_LK_Ch_233,言語知識,文字,表記,3,新しい事業の<u>けいかく</u>をチームで話し合っています。,計画,計角,形画,形角,計画,「けいかく」の正しい漢字は「計画」です。前もって方法（ほうほう）や手順（てじゅん）を考えることです。標準（ひょうじゅん）的なレベルの問題（もんだい）です。<br>「形（けい）」などの漢字との間違いに注意（ちゅうい）してください。<br>したがって、正解は「計画」になります。
JLPT_N2_LK_Ch_234,言語知識,文字,漢字読み,5,今回の不祥事について、社長が公式に<u>陳謝</u>した。,ちんしゃ,じんしゃ,ちんじゃ,じんじゃ,ちんしゃ,「陳謝」の正しい読み方は「ちんしゃ」です。事情（じじょう）を述べて（のべて）お詫び（おわび）することです。高度（こうど）で難しい（むずかしい）レベルの問題（もんだい）です。<br>どちらの漢字にも濁音（だくおん）はつきません。<br>したがって、正解は「ちんしゃ」になります。
JLPT_N2_LK_Ch_235,言語知識,文字,表記,3,相手の要求をそのまま<u>じゅだく</u>することはできません。,受諾,受濁,授諾,授濁,受諾,「じゅだく」の正しい漢字は「受諾」です。要求（ようきゅう）や提案（ていあん）を受け入れる（うけいれる）ことです。標準（ひょうじゅん）的なレベルの問題（もんだい）です。<br>「授（じゅ）ける」という似（に）ている漢字との違い（ちがい）に気をつけましょう。<br>したがって、正解は「受諾」になります。
JLPT_N2_LK_Ch_236,言語知識,文字,漢字読み,1,休日は近くの山に<u>登山</u>しに行きます。,とざん,とさん,どうざん,どうさん,とざん,「登山」の正しい読み方は「とざん」です。山に登る（のぼる）ことです。とても基礎（きそ）的なレベルの問題（もんだい）です。<br>「山」は濁音（だくおん）がついた「ざん」と読みます。<br>したがって、正解は「とざん」になります。
JLPT_N2_LK_Ch_237,言語知識,文字,表記,5,彼は周囲の批判を乗り越えて、プロジェクトを<u>すいこう</u>した。,遂行,逐行,追行,遂航,遂行,「すいこう」の正しい漢字は「遂行」です。任務（にんむ）や計画（けいかく）を最後までやり遂げる（やりとげる）ことです。高度（こうど）で難しい（むずかしい）レベルの問題（もんだい）です。<br>「追（おいかける）」という似（に）ている漢字に注意（ちゅうい）しましょう。<br>したがって、正解は「遂行」になります。
JLPT_N2_LK_Ch_238,言語知識,文字,漢字読み,2,彼はとても<u>謙虚</u>な人柄で、誰からも好かれています。,けんきょ,げんきょ,けんきょう,げんきょう,けんきょ,「謙虚」の正しい読み方は「けんきょ」です。控えめ（ひかえめ）で素直（すなお）な様子（ようす）を表します。基本（きほん）的なレベルの問題（もんだい）です。<br>長音（ちょうおん）の「けんきょう」と間違えないようにしましょう。<br>したがって、正解は「謙虚」になります。
JLPT_N2_LK_Ch_239,言語知識,文字,表記,4,問題の発生を防ぐために、あらかじめ<u>たいさく</u>を講じる。,対策,対索,帯策,体策,対策,「たいさく」の正しい漢字は「対策」です。困った（こまった）事態（じたい）に対応（たいおう）する手段（しゅだん）のことです。発展（はってん）的なレベルの問題（もんだい）です。<br>「帯（たい）」など同じ読み方の別の漢字に注意（ちゅうい）してください。<br>したがって、正解は「対策」になります。
JLPT_N2_LK_Ch_240,言語知識,文字,漢字読み,1,日本の<u>歴史</u>について図書館で調べました。,れきし,りきし,れきじ,りきじ,れきし,「歴史」の正しい読み方は「れきし」です。昔（むかし）起こった出来事（できごと）のつながりのことです。とても基礎（きそ）的なレベルの問題（もんだい）です。<br>「りきし」や「れきじ」などの読み間違いに気をつけましょう。<br>したがって、正解は「れきし」になります。
JLPT_N2_LK_Ch_241,言語知識,文字,表記,2,お客様に丁寧な<u>せっきゃく</u>を心がけています。,接客,切客,接格,切格,接客,「せっきゃく」の正しい漢字は「接客」です。来てくれたお客（きゃく）さまの対応（たいおう）をすることです。基本（きほん）的なレベルの問題（もんだい）です。<br>「切（せつ）」や「格（かく）」といった似（に）ている漢字に気をつけましょう。<br>したがって、正解は「接客」になります。
JLPT_N2_LK_Ch_242,言語知識,文字,漢字読み,3,この地域は古くから<u>綿織物</u>の生産が盛んです。,めんおりもの,わたおりもの,めんしきぶつ,わたしきぶつ,めんおりもの,「綿織物」の正しい読み方は「めんおりもの」です。綿（わた）の糸（いと）で織った（おった）布（ぬの）のことです。標準（ひょうじゅん）的なレベルの問題（もんだい）です。<br>「綿」はここでは「めん」、「織物」は「おりもの」と読みます。<br>したがって、正解は「めんおりもの」になります。
JLPT_N2_LK_Ch_243,言語知識,文字,表記,3,新しい技術を<u>とうにゅう</u>して生産性を高めます。,投入,透入,投人,透人,投入,「とうにゅう」の正しい漢字は「投入」です。なかに投げ入れる（なげいれる）ことや、新しいものを入れることです。標準（ひょうじゅん）的なレベルの問題（もんだい）です。<br>「透（とう）」や「人（ひと）」といった漢字との間違いに注意（ちゅうい）してください。<br>したがって、正解は「投入」になります。
JLPT_N2_LK_Ch_244,言語知識,文字,漢字読み,4,予期せぬトラブルが発生し、対応に<u>苦慮</u>しています。,くりょ,くろ,くるりょ,くるろ,くりょ,「苦慮」の正しい読み方は「くりょ」です。どうすればいいか苦しんで（くるしんで）深く考えることです。応用（おうよう）的なレベルの問題（もんだい）です。<br>「苦」はここでは「く」と読みます。「くる」とは読みません。<br>したがって、正解は「くりょ」になります。
JLPT_N2_LK_Ch_245,言語知識,文字,表記,5,彼の説明は論理的で、非常に<u>せいこう</u>に作られている。,精巧,精工,成巧,成功,精巧,「せいこう」の正しい漢字は「精巧」です。細かく（こまかく）よくできている様子（ようす）を表します。高度（こうど）で難しい（むずかしい）レベルの問題（もんだい）です。<br>「成功（せいこう）」や「加工（かこう）」の「工」といった同じ読み方の漢字に注意（ちゅうい）しましょう。<br>したがって、正解は「精巧」になります。
JLPT_N2_LK_Ch_246,言語知識,文字,漢字読み,5,事故の原因となった部品の<u>欠陥</u>が見つかりました。,けっかん,けつかん,けっけん,けつけん,けっかん,「欠陥」の正しい読み方は「けっかん」です。欠けて（かけて）足りない部分（ぶぶん）や不十分（ふじゅうぶん）なところのことです。高度（こうど）で難しい（むずかしい）レベルの問題（もんだい）です。<br>「欠」と「陥」の間に促音（そくおん：小さい「つ」）が入ります。<br>したがって、正解は「けっかん」になります。
JLPT_N2_LK_Ch_247,言語知識,文字,表記,4,相手の意見を尊重し、和やかにな<u>ちょうわ</u>を保ちます。,調和,長和,調話,長話,調和,「ちょうわ」の正しい漢字は「調和」です。全体（ぜんたい）がうまくまとまって釣り合って（つりあって）いることです。発展（はってん）的なレベルの問題（もんだい）です。<br>「長（ちょう）」や「話（わ）」などの同じ読み方の漢字と間違えないようにしましょう。<br>したがって、正解は「調和」になります。
JLPT_N2_LK_Ch_248,言語知識,文字,漢字読み,2,この契約にはいくつかの<u>条件</u>があります。,じょうけん,しょうけん,じょうこう,しょうこう,じょうけん,「条件」の正しい読み方は「じょうけん」です。約束（やくそく）をするときに決める（きめる）柄（ことがら）のことです。基本（きほん）的なレベルの問題（もんだい）です。<br>「条」は濁音（だくおん）がついた「じょう」と読みます。<br>したがって、正解は「じょうけん」になります。
JLPT_N2_LK_Ch_249,言語知識,文字,表記,1,体調が悪いときは、無理をしないで<u>きゅうけい</u>してください。,休憩,究憩,休経,休景,休憩,「きゅうけい」の正しい漢字は「休憩」です。仕事（しごと）や勉強（べんきょう）を途中で休む（やすむ）ことです。とても基礎（きそ）的なレベルの問題（もんだい）です。<br>「経（けい）」や「景（けい）」といった似（に）ている読み方の漢字に気をつけましょう。<br>したがって、正解は「休憩」になります。
JLPT_N2_LK_Ch_250,言語知識,文字,漢字読み,2,この地域は、綺麗な水と豊かな自然に<u>恵</u>まれています。,めぐ,えぐ,あぐ,つぐ,めぐ,「恵まれる」の「恵」の正しい読み方は「めぐ」です。良い状態（じょうたい）や環境（かんきょう）を与えられる（あたえられる）という意味（いみ）です。基本（きほん）的なレベルの問題（もんだい）です。<br>「えぐ」や「あぐ」などの読み間違いに注意（ちゅうい）しましょう。<br>したがって、正解は「めぐ」になります。
JLPT_N2_LK_Ch_251,言語知識,文字,表記,1,安全のために、作業中は保護メガネを<u>ちゃくよう</u>してください。,着用,着様,千用,千様,着用,「ちゃくよう」の正しい漢字は「着用」です。服や身につけるものを着る（きる）ことです。とても基礎（きそ）的なレベルの問題（もんだい）です。<br>「様（よう）」や「千（せん）」といった形（かたち）や読み方が似（に）ている漢字に気をつけましょう。<br>したがって、正解は「着用」になります。
JLPT_N2_LK_Ch_252,言語知識,文字,漢字読み,3,今回のトラブルについては、責任の所在を明確に<u>追及</u>すべきだ。,ついきゅう,ついくう,ついきょ,ついくょ,ついきゅう,「追及」の正しい読み方は「ついきゅう」です。どこまでも追い詰めて（おいつめて）問いただすことです。標準（ひょうじゅん）的なレベルの問題（もんだい）です。<br>「及」は「きゅう」と読みます。「くう」や「きょ」と間違えないようにしましょう。<br>したがって、正解は「ついきゅう」になります。
JLPT_N2_LK_Ch_253,言語知識,文字,表記,4,新商品の開発に向けて、市場のニーズを正確に<u>はあく</u>する。,把握,波握,把屋,杷握,把握,「はあく」の正しい漢字は「把握」です。しっかり理解（りかい）して捉える（とらえる）ことです。発展（はってん）的なレベルの問題（もんだい）です。<br>「握（あく）」の部首（ぶしゅ）や似（に）ている漢字に注意（ちゅうい）してください。<br>したがって、正解は「把握」になります。
JLPT_N2_LK_Ch_254,言語知識,文字,漢字読み,5,事故の影響により、ダイヤが大幅に<u>乱</u>れました。,みだ,みど,みつ,みっ,みだ,「乱れる」の「乱」の正しい読み方は「みだ」です。順番（じゅんばん）や状態（じょうたい）が崩れる（くずれる）ことです。高度（こうど）で難しい（むずかしい）レベルの問題（もんだい）です。<br>「みど」や促音（そくおん：小さい「つ」）と間違えないように気をつけましょう。<br>したがって、正解は「みだ」になります。
JLPT_N2_LK_Ch_255,言語知識,文字,表記,3,相手の申し出を快く<u>しょうだく</u>しました。,承諾,承濁,昇諾,昇濁,承諾,「しょうだく」の正しい漢字は「承諾」です。相手（あいて）の願い（ねがい）を引き受ける（ひきうける）ことです。標準（ひょうじゅん）的なレベルの問題（もんだい）です。<br>「昇（しょう）」など同じ読み方の漢字に注意（ちゅうい）しましょう。<br>したがって、正解は「承諾」になります。
JLPT_N2_LK_Ch_256,言語知識,文字,漢字読み,1,彼はとても<u>優秀</u>な成績で学校を卒業しました。,ゆうしゅう,うしゅう,ゆうしゅ,うしゅ,ゆうしゅう,「優秀」の正しい読み方は「ゆうしゅう」です。極めて（きわめて）優れている（すぐれている）ことです。とても基礎（きそ）的なレベルの問題（もんだい）です。<br>長音（ちょうおん）を抜かした「ゆうしゅ」などの読み間違いに気をつけましょう。<br>したがって、正解は「ゆうしゅう」になります。
JLPT_N2_LK_Ch_257,言語知識,文字,表記,5,紛争の解決に向けて、両国が<u>だきょう</u>点を探っています。,妥協,妥脅,堕協,妥叫,妥協,「だきょう」の正しい漢字は「妥協」です。意見（いけん）を譲り合って（ゆずりあって）まとめることです。高度（こうど）で難しい（むずかしい）レベルの問題（もんだい）です。<br>「妥」や「協」のつくりや部首（ぶしゅ）の違い（ちがい）に気をつけましょう。<br>したがって、正解は「妥協」になります。
JLPT_N2_LK_Ch_258,言語知識,文字,漢字読み,4,長年の努力が実を結び、大きな<u>功績</u>を残した。,こうせき,ごうせき,こうしゃく,ごうしゃく,こうせき,「功績」の正しい読み方は「こうせき」です。素晴らしい（すばらしい）手柄（てがら）や成果（せいか）のことです。応用（おうよう）的なレベルの問題（もんだい）です。<br>「功」は濁音（だくおん）がつかない「こう」と読みます。<br>したがって、正解は「こうせき」になります。
JLPT_N2_LK_Ch_259,言語知識,文字,表記,2,毎朝、近くの公園を<u>さんぽ</u>するのが日課です。,散歩,参歩,散布,産歩,散歩,「さんぽ」の正しい漢字は「散歩」です。気晴らし（きばらし）に歩く（あるく）ことです。基本（きほん）的なレベルの問題（もんだい）です。<br>「布（ふ）」などの似（に）ている漢字との間違いに注意（ちゅうい）してください。<br>したがって、正解は「散歩」になります。
JLPT_N2_LK_Ch_260,言語知識,文字,漢字読み,2,この手続きには、本人確認の<u>書類</u>が必要です。,しょるい,じょるい,しょりゅう,じょりゅう,しょるい,「書類」の正しい読み方は「しょるい」です。文字（もじ）やデータが書いてある紙（かみ）のことです。基本（きほん）的なレベルの問題（もんだい）です。<br>「書」は「しょ」と読みます。濁音（だくおん）はつきません。<br>したがって、正解は「しょるい」になります。
JLPT_N2_LK_Ch_261,言語知識,文字,表記,1,新しいパソコンの<u>そうさ</u>方法を教えてもらいました。,操作,操左,相作,相左,操作,「そうさ」の正しい漢字は「操作」です。機械（きかい）や道具（どうぐ）を動かす（うごかす）ことです。とても基礎（きそ）的なレベルの問題（もんだい）です。<br>「相（そう）」や「左（ひだり）」といった同じ読み方や似（に）ている漢字に気をつけましょう。<br>したがって、正解は「操作」になります。
JLPT_N2_LK_Ch_262,言語知識,文字,漢字読み,4,長年の交渉を経て、ついに和解が<u>成立</u>しました。,せいりつ,じょうりつ,しょうりつ,ぜいりつ,せいりつ,「成立」の正しい読み方は「せいりつ」です。物事（ものごと）がちゃんと出来上がる（できあがる）ことです。応用（おうよう）的なレベルの問題（もんだい）です。<br>「成」はここでは「せい」と読みます。「じょう」や「しょう」と間違えないようにしましょう。<br>したがって、正解は「せいりつ」になります。
JLPT_N2_LK_Ch_263,言語知識,文字,表記,3,お客様の個人情報をしっかりと<u>ほご</u>する必要があります。,保護,補護,保互,補互,保護,「ほご」の正しい漢字は「保護」です。危険（きけん）から守る（まもる）ことです。標準（ひょうじゅん）的なレベルの問題（もんだい）です。<br>「補（ほ）」や「互（ご）」などの同じ読み方の漢字との違い（ちがい）に注意（ちゅうい）してください。<br>したがって、正解は「保護」になります。
JLPT_N2_LK_Ch_264,言語知識,文字,漢字読み,5,過密スケジュールが原因で、計画が<u>破綻</u>してしまった。,はたん,はじょう,ばたん,ばじょう,はたん,「破綻」の正しい読み方は「はたん」です。物事（ものごと）がうまくいかなくなって破れる（やぶれる）ことです。高度（こうど）で難しい（むずかしい）レベルの問題（もんだい）です。<br>「綻」は「たん」と読みます。「じょう」などの読み間違いに気をつけましょう。<br>したがって、正解は「はたん」になります。
JLPT_N2_LK_Ch_265,言語知識,文字,表記,3,事故が発生したときの<u>きんきゅう</u>連絡先を確認した。,緊急,緊求,近急,謹急,緊急,「きんきゅう」の正しい漢字は「緊急」です。とても急いで（いそいで）対応（たいおう）しなければいけないことです。標準（ひょうじゅん）的なレベルの問題（もんだい）です。<br>「近（ちかい）」などの似（に）ている漢字に注意（ちゅうい）しましょう。<br>したがって、正解は「緊急」になります。
JLPT_N2_LK_Ch_266,言語知識,文字,漢字読み,1,休日は家族と一緒に<u>買い物</u>に行きます。,かいもの,がいもの,かいぶつ,がいぶつ,かいもの,「買い物」の正しい読み方は「かいもの」です。品物（しなもの）を買う（かう）ことです。とても基礎（きそ）的なレベルの問題（もんだい）です。<br>「買」は「かい」と読みます。<br>したがって、正解は「かいもの」になります。
JLPT_N2_LK_Ch_267,言語知識,文字,表記,5,彼は強い<u>しめい</u>感を持って、災害の支援に向かった。,使命,指名,使明,指明,使命,「しめい」の正しい漢字は「使命」です。与えられた（あたえられた）大事な役目（やくめ）のことです。高度（こうど）で難しい（むずかしい）レベルの問題（もんだい）です。<br>「指名（名前を指定すること）」は意味（いみ）が合わないひっかけですので気をつけましょう。<br>したがって、正解は「使命」になります。
JLPT_N2_LK_Ch_268,言語知識,文字,漢字読み,3,この作品には当時の文化が色濃く<u>反映</u>されています。,はんえい,ほんえい,はんよう,ほんよう,はんえい,「反映」の正しい読み方は「はんえい」です。影響（えいきょう）を受けて姿（すがた）があらわれることです。標準（ひょうじゅん）的なレベルの問題（もんだい）です。<br>「映」はここでは「えい」と読みます。<br>したがって、正解は「はんえい」になります。
JLPT_N2_LK_Ch_269,言語知識,文字,表記,2,毎朝、決まった時間に<u>しょうこう</u>口を通って教室に入ります。,昇降,昇行,勝降,勝行,昇降,「しょうこう」の正しい漢字は「昇降」です。あがったり下がったりすることです。基本（きほん）的なレベルの問題（もんだい）です。<br>「勝（かつ）」や「行（こう）」といった漢字を使ったひっかけに注意（ちゅうい）してください。<br>したがって、正解は「昇降」になります。
JLPT_N2_LK_Ch_270,言語知識,文字,漢字読み,2,この手続きを行うには、事前の<u>許可</u>が必要です。,きょか,ぎょか,きょこう,ぎょこう,きょか,「許可」の正しい読み方は「きょか」です。許す（ゆるす）ことや認める（みとめる）ことを意味（いみ）します。基本（きほん）的なレベルの問題（もんだい）です。<br>「きょ」に濁音（だくおん）はつきません。<br>したがって、正解は「きょか」になります。
JLPT_N2_LK_Ch_271,言語知識,文字,表記,1,新しい環境に少しずつ<u>なれる</u>ように頑張ります。,慣れる,憤れる,馴れる,鳴れる,慣れる,「なれる」の正しい漢字は「慣れる」です。経験（けいけん）を重ねて普通（ふつう）になることです。とても基礎（きそ）的なレベルの問題（もんだい）です。<br>「鳴（なく）」などの読みが似（に）ている漢字に気をつけましょう。<br>したがって、正解は「慣れる」になります。
JLPT_N2_LK_Ch_272,言語知識,文字,漢字読み,4,会議での発言を求めたが、あっさりと<u>拒絶</u>された。,きょぜつ,きょせつ,ぎょぜつ,ぎょせつ,きょぜつ,「拒絶」の正しい読み方は「きょぜつ」です。断る（ことわる）ことや拒む（こばむ）ことです。応用（おうよう）的なレベルの問題（もんだい）です。<br>「絶」は濁音（だくおん）がついた「ぜつ」と読みます。<br>したがって、正解は「きょぜつ」になります。
JLPT_N2_LK_Ch_273,言語知識,文字,表記,3,相手の意見を尊重して<u>だきょう</u>点を見つけました。,妥協,堕協,妥脅,妥恐,妥協,「だきょう」の正しい漢字は「妥協」です。お互い（おたがい）に譲り合って（ゆずりあって）意見をまとめることです。標準（ひょうじゅん）的なレベルの問題（もんだい）です。<br>「脅（きょう）」という似（に）ている漢字と間違えないようにしましょう。<br>したがって、正解は「妥協」になります。
JLPT_N2_LK_Ch_274,言語知識,文字,漢字読み,5,今回の不祥事について、担当者が平身低頭して<u>謝罪</u>した。,しゃざい,しゃさい,じゃざい,じゃさい,しゃざい,「謝罪」の正しい読み方は「しゃざい」です。罪（つみ）や間違い（まちがい）を謝る（あやまる）ことです。高度（こうど）で難しい（むずかしい）レベルの問題（もんだい）です。<br>「罪」は「ざい」と読みます。「さい」と間違えないように気をつけましょう。<br>したがって、正解は「しゃざい」になります。
JLPT_N2_LK_Ch_275,言語知識,文字,表記,3,売り上げの拡大に向けて、新しい事業を<u>かいし</u>した。,開始,開指,開詞,界始,開始,「かいし」の正しい漢字は「開始」です。物事（ものごと）を始める（はじめる）ことです。標準（ひょうじゅん）的なレベルの問題（もんだい）です。<br>「指（し）」や「界（かい）」といった同じ読み方の漢字に注意（ちゅうい）してください。<br>したがって、正解は「開始」になります。
JLPT_N2_LK_Ch_276,言語知識,文字,漢字読み,1,この工場では毎日たくさんの製品が<u>生産</u>されています。,せいさん,じょうさん,しょうさん,ぜいさん,せいさん,「生産」の正しい読み方は「せいさん」です。物を作ることです。とても基礎（きそ）的なレベルの問題（もんだい）です。<br>「生」はここでは「せい」と読みます。<br>したがって、正解は「せいさん」になります。
JLPT_N2_LK_Ch_277,言語知識,文字,表記,5,過去のデータから、将来の傾向を<u>すいそく</u>する。,推測,推足,推側,堆測,推測,「すいそく」の正しい漢字は「推測」です。ある事実（じじつ）をもとに推し量る（おしはかる）ことです。高度（こうど）で難しい（むずかしい）レベルの問題（もんだい）です。<br>「側（がわ）」などの部首（ぶしゅ）や形（かたち）が似（に）ている漢字に気をつけましょう。<br>したがって、正解は「推測」になります。
JLPT_N2_LK_Ch_278,言語知識,文字,漢字読み,2,友達に引越しを手伝ってもらい、<u>感謝</u>の気持ちを伝えました。,かんしゃ,がんしゃ,かんじゃ,がんじゃ,かんしゃ,「感謝」の正しい読み方は「かんしゃ」です。ありがとうという気持ち（きもち）を持つことです。基本（きほん）的なレベルの問題（もんだい）です。<br>「感」も「謝」も濁音（だくおん）はつきません。<br>したがって、正解は「かんしゃ」になります。
JLPT_N2_LK_Ch_279,言語知識,文字,表記,4,相手の失礼な発言に対して激しく<u>ふんぬ</u>した。,憤怒,憤努,墳怒,墳努,憤怒,「ふんぬ」の正しい漢字は「憤怒」です。とても強く腹を立てる（はらをたてる）ことです。発展（はってん）的なレベルの問題（もんだい）です。<br>「墳（ふん）」などの部首（ぶしゅ）が違う漢字に注意（ちゅうい）してください。<br>したがって、正解は「憤怒」になります。
JLPT_N2_LK_Ch_280,言語知識,文字,漢字読み,2,地震が発生したため、急いで非常口へ<u>避難</u>しました。,ひなん,びなん,ひたん,びたん,ひなん,「避難」の正しい読み方は「ひなん」です。危険（きけん）な場所（ばしょ）から安全（あんぜん）な場所へ逃げる（にげる）ことです。基本（きほん）的なレベルの問題（もんだい）です。<br>「避」に濁音（だくおん）はつきません。<br>したがって、正解は「ひなん」になります。
JLPT_N2_LK_Ch_281,言語知識,文字,表記,1,約束の時間を忘れないようにメモに<u>きろく</u>しました。,記録,気録,記緑,気緑,記録,「きろく」の正しい漢字は「記録」です。後で（あとで）確認（かくにん）できるように書き残す（かきのおす）ことです。とても基礎（きそ）的なレベルの問題（もんだい）です。<br>「気（き）」や「緑（みどり）」といった読みや形（かたち）が似（に）ている漢字に気をつけましょう。<br>したがって、正解は「記録」になります。
JLPT_N2_LK_Ch_282,言語知識,文字,漢字読み,4,長年の努力が身を結び、研究成果を<u>発表</u>する日を迎えました。,はっぴょう,はつひょう,ほっぴょう,ほつひょう,はっぴょう,「発表」の正しい読み方は「はっぴょう」です。みんなの前で広く知らせる（しらせる）ことです。応用（おうよう）的なレベルの問題（もんだい）です。<br>「発」と「表」の間に促音（そくおん：小さい「つ」）が入り、半濁音（はんだくおん：「ぴょ」）になります。<br>したがって、正解は「はっぴょう」になります。
JLPT_N2_LK_Ch_283,言語知識,文字,表記,3,相手の意図を正しく<u>りかい</u>することが大切です。,理解,理改,利解,利改,理解,「りかい」の正しい漢字は「理解」です。意味（いみ）や理由（りゆう）をよく分かって受け入れることです。標準（ひょうじゅん）的なレベルの問題（もんだい）です。<br>「利（り）」や「改（かい）」などの同じ読み方の漢字に注意（ちゅうい）しましょう。<br>したがって、正解は「理解」になります。
JLPT_N2_LK_Ch_284,言語知識,文字,漢字読み,5,急激な需要の変化により、供給のバランスが<u>瓦解</u>した。,がかい,かわかい,がけい,かわけい,がかい,「瓦解」の正しい読み方は「がかい」です。組織（そしき）や物事（ものごと）の一部（いちぶ）が崩れて（くずれて）全体（ぜんたい）が壊れる（こわれる）ことです。高度（こうど）で難しい（むずかしい）レベルの問題（もんだい）です。<br>「瓦」は音読み（おんよみ）で「が」と読みます。<br>したがって、正解は「がかい」になります。
JLPT_N2_LK_Ch_285,言語知識,文字,表記,3,危険な作業を行うときは、必ず保護具を<u>そうちゃく</u>してください。,装着,双着,操着,相着,装着,「そうちゃく」の正しい漢字は「装着」です。器具（きぐ）などを体や物に取り付ける（とりつける）ことです。標準（ひょうじゅん）的なレベルの問題（もんだい）です。<br>「操（そう）」や「双（そう）」といった似（に）ている漢字に注意（ちゅうい）してください。<br>したがって、正解は「装着」になります。
JLPT_N2_LK_Ch_286,言語知識,文字,漢字読み,1,この町は夜になるととても<u>静か</u>になります。,しず,しづ,すず,すづ,しず,「静か」の正しい読み方は「しず」です。音（おと）がしなくて落ち着いている様子（ようす）を表します。とても基礎（きそ）的なレベルの問題（もんだい）です。<br>仮名遣い（かなづかい）で「づ」と書かないように気をつけましょう。<br>したがって、正解は「しず」になります。
JLPT_N2_LK_Ch_287,言語知識,文字,表記,5,悪質な詐欺グループの手口を<u>こくはつ</u>する。,告発,刻発,告罰,酷発,告発,「こくはつ」の正しい漢字は「告発」です。悪事（あくじ）や不正（ふせい）を公（おおやけ）にして訴える（うったえる）ことです。高度（こうど）で難しい（むずかしい）レベルの問題（もんだい）です。<br>部首（ぶしゅ）やつくりの細かな書き間違い（まちがい）に注意（ちゅうい）しましょう。<br>したがって、正解は「告発」になります。
JLPT_N2_LK_Ch_288,言語知識,文字,漢字読み,3,新商品の売れ行きは非常に<u>好調</u>です。,こうちょう,ごうちょう,こうじょう,ごうじょう,こうちょう,「好調」の正しい読み方は「こうちょう」です。状態（じょうたい）が良くて（よくて）順調（じゅんちょう）に進んでいる（すすんでいる）ことです。標準（ひょうじゅん）的なレベルの問題（もんだい）です。<br>「好」に濁音（だくおん）はつきません。<br>したがって、正解は「こうちょう」になります。
JLPT_N2_LK_Ch_289,言語知識,文字,表記,4,問題が発生した根本的な原因を<u>きゅうめい</u>する。,究明,究命,窮明,窮命,究明,「きゅうめい」の正しい漢字は「究明」です。事理（じり）や真実（しんじつ）を極めて（きわめて）明らかにすることです。発展（はってん）的なレベルの問題（もんだい）です。<br>「窮（きゅう）」という似（に）ている意味（いみ）や読みの漢字との違い（ちがい）に気をつけましょう。<br>したがって、正解は「究明」になります。
JLPT_N2_LK_Ch_290,言語知識,文字,漢字読み,2,荷物の配送状況を<u>追跡</u>することができます。,ついせき,ついたち,ついさく,ついたく,ついせき,「追跡」の正しい読み方は「ついせき」です。後ろから追いかけて調べることです。基本（きほん）的なレベルの問題（もんだい）です。<br>「跡」は「せき」と読みます。「たち」や「さく」と間違えないようにしましょう。<br>したがって、正解は「ついせき」になります。
JLPT_N2_LK_Ch_291,言語知識,文字,表記,1,新しい技術について<u>けんきゅう</u>しています。,研究,研急,県究,県急,研究,「けんきゅう」の正しい漢字は「研究」です。物事を詳しく調べて深く考えることです。とても基礎（きそ）的なレベルの問題（もんだい）です。<br>「県（けん）」や「急（きゅう）」といった同じ読み方の漢字に注意（ちゅうい）しましょう。<br>したがって、正解は「研究」になります。
JLPT_N2_LK_Ch_292,言語知識,文字,漢字読み,4,彼の発言は周囲の不満を<u>煽動</u>する結果となった。,せんどう,ぜんどう,せんとう,ぜんとう,せんどう,「煽動」の正しい読み方は「せんどう」です。気持ちをそそのかして動かすことです。応用（おうよう）的なレベルの問題（もんだい）です。<br>「煽」は「せん」、「動」は濁音（だくおん）がついた「どう」と読みます。<br>したがって、正解は「せんどう」になります。
JLPT_N2_LK_Ch_293,言語知識,文字,表記,3,トラブルを解決するための<u>しかけ</u>を考えました。,仕掛け,仕賭け,四掛け,四賭け,仕掛け,「しかけ」の正しい漢字は「仕掛け」です。工夫（くふう）した作戦や装置（そうち）のことです。標準（ひょうじゅん）的なレベルの問題（もんだい）です。<br>「賭（と）ける」や数字の「四」といった漢字のひっかけに注意（ちゅうい）してください。<br>したがって、正解は「仕掛け」になります。
JLPT_N2_LK_Ch_294,言語知識,文字,漢字読み,5,急激な物価の上昇により、生活が<u>圧迫</u>されている。,あっぱく,あつはく,あつばく,あっばく,あっぱく,「圧迫」の正しい読み方は「あっぱく」です。強く押して苦しくさせることです。高度（こうど）で難しい（むずかしい）レベルの問題（もんだい）です。<br>「圧」と「迫」の間に促音（そくおん：小さい「つ」）が入り、半濁音（はんだくおん：「ぱ」）になります。<br>したがって、正解は「あっぱく」になります。
JLPT_N2_LK_Ch_295,言語知識,文字,表記,3,新商品の<u>はんばい</u>を開始しました。,販売,半売,販買,反売,販売,「はんばい」の正しい漢字は「販売」です。物を売る（うる）ことです。標準（ひょうじゅん）的なレベルの問題（もんだい）です。<br>「買（かう）」は反対の意味（いみ）の漢字ですので、間違えないように気をつけましょう。<br>したがって、正解は「販売」になります。
JLPT_N2_LK_Ch_296,言語知識,文字,漢字読み,1,明日は友達と<u>映画</u>を見に行く予定です。,えいが,えいか,えこう,えきょう,えいが,「映画」の正しい読み方は「えいが」です。スクリーンの映像（えいぞう）作品のことです。とても基礎（きそ）的なレベルの問題（もんだい）です。<br>「画」は濁音（だくおん）がついた「が」と読みます。<br>したがって、正解は「えいが」になります。
JLPT_N2_LK_Ch_297,言語知識,文字,表記,5,長年の研究活動が<u>けつじつ</u>し、新薬が完成した。,結実,決実,結日,結身,結実,「けつじつ」の正しい漢字は「結実」です。努力（どりょく）が実を結んで良い結果（けっか）になることです。高度（こうど）で難しい（むずかしい）レベルの問題（もんだい）です。<br>「結」と「実」の漢字のつくりの部分（ぶぶん）をしっかり確認（かくにん）しましょう。<br>したがって、正解は「結実」になります。
JLPT_N2_LK_Ch_298,言語知識,文字,漢字読み,3,この計画には多くのリスクが<u>潜在</u>している。,せんざい,ぜんざい,せんさい,ぜんさい,せんざい,「潜在」の正しい読み方は「せんざい」です。表にあらわれず、奥に潜んで（ひそんで）いることです。標準（ひょうじゅん）的なレベルの問題（もんだい）です。<br>「在」は濁音（だくおん）がついた「ざい」と読みます。<br>したがって、正解は「せんざい」になります。
JLPT_N2_LK_Ch_299,言語知識,文字,表記,2,テストの答えをもう一度<u>かくにん</u>してください。,確認,確忍,確任,確人,確認,「かくにん」の正しい漢字は「確認」です。確かめて（たしかめて）間違いがないかチェックすることです。基本（きほん）的なレベルの問題（もんだい）です。<br>漢字の部首（ぶしゅ）や似ている漢字の形に注意（ちゅうい）しましょう。<br>したがって、正解は「確認」になります。
JLPT_N2_LK_Ch_300,言語知識,文字,漢字読み,2,この手続きを行うには、身分を<u>証明</u>する書類が必要です。,しょうめい,じょうめい,しょうみょう,じょうみょう,しょうめい,「証明」の正しい読み方は「しょうめい」です。事実（じじつ）であることを明らかにすることです。基本（きほん）的なレベルの問題（もんだい）です。<br>「証」も「明」も長音（ちょうおん）で「しょうめい」と読みます。<br>したがって、正解は「しょうめい」になります。
JLPT_N2_LK_Ch_301,言語知識,文字,表記,1,工事現場では必ずヘルメットを<u>ちゃくよう</u>しなければならない。,着用,着様,千用,千様,着用,「ちゃくよう」の正しい漢字は「着用」です。服や保護具（ほごぐ）を身につけることです。とても基礎（きそ）的なレベルの問題（もんだい）です。<br>「様（よう）」や「千（せん）」といった形（かたち）や読みが似（に）ている漢字に気をつけましょう。<br>したがって、正解は「着用」になります。
JLPT_N2_LK_Ch_302,言語知識,文字,漢字読み,4,長年の交渉を経て、両国の間で条約が<u>締結</u>された。,ていけつ,でいけつ,ていげつ,たいけつ,ていけつ,「締結」の正しい読み方は「ていけつ」です。約束（やくそく）や契約（けいやく）を結ぶ（むすぶ）ことです。応用（おうよう）的なレベルの問題（もんだい）です。<br>「締」は濁音（だくおん）がつかない「てい」と読みます。<br>したがって、正解は「ていけつ」になります。
JLPT_N2_LK_Ch_303,言語知識,文字,表記,3,事故の発生を防ぐために、日常的な<u>てんけん</u>が欠かせません。,点検,点権,転検,転権,点検,「てんけん」の正しい漢字は「点検」です。一つひとつ調べ（しらべ）て確認（かくにん）することです。標準（ひょうじゅん）的なレベルの問題（もんだい）です。<br>「転（てん）」や「権（けん）」などの同じ読み方の漢字との違い（ちがい）に注意（ちゅうい）しましょう。<br>したがって、正解は「点検」になります。
JLPT_N2_LK_Ch_304,言語知識,文字,漢字読み,5,過密な日程が原因で、プロジェクトの進行が<u>破綻</u>した。,はたん,はじょう,ばたん,ばじょう,はたん,「破綻」の正しい読み方は「はたん」です。物事（ものごと）がうまく行かなくなって破れる（やぶれる）ことです。高度（こうど）で難しい（むずかしい）レベルの問題（もんだい）です。<br>「綻」は「たん」と読みます。「じょう」と間違えないように気をつけましょう。<br>したがって、正解は「はたん」になります。
JLPT_N2_LK_Ch_305,言語知識,文字,表記,3,外国の文化を<u>りかい</u>するためには、まず言葉を学ぶことが大切だ。,理解,理改,利解,利改,理解,「りかい」の正しい漢字は「理解」です。意味（いみ）や理由（りゆう）を深く分かることです。標準（ひょうじゅん）的なレベルの問題（もんだい）です。<br>「利（り）」や「改（かい）」などの漢字を使ったひっかけに注意（ちゅうい）してください。<br>したがって、正解は「理解」になります。
JLPT_N2_LK_Ch_306,言語知識,文字,漢字読み,1,休日は家族と一緒に近くの<u>公園</u>へ散歩に行きます。,こうえん,ごうえん,こうえんじ,ごうえんじ,こうえん,「公園」の正しい読み方は「こうえん」です。みんなが休憩（きゅうけい）したり遊んだりする場所です。とても基礎（きそ）的なレベルの問題（もんだい）です。<br>「公」に濁音（だくおん）はつきません。<br>したがって、正解は「こうえん」になります。
JLPT_N2_LK_Ch_307,言語知識,文字,表記,5,長年の研究成果が実を結び、大きな<u>いぎょう</u>を達成した。,偉業,違業,偉形,違形,偉業,「いぎょう」の正しい漢字は「偉業」です。素晴らしく（すばらしく）偉大な仕事（しごと）や業績（ぎょうせき）のことです。高度（こうど）で難しい（むずかしい）レベルの問題（もんだい）です。<br>「違（ちがう）」という似（に）ている漢字に気をつけましょう。<br>したがって、正解は「偉業」になります。
JLPT_N2_LK_Ch_308,言語知識,文字,漢字読み,3,この地域は、綺麗な水と自然環境に<u>恵</u>まれています。,めぐ,えぐ,あぐ,つぐ,めぐ,「恵まれる」の「恵」の正しい読み方は「めぐ」です。良い状態（じょうたい）を与えられる（あたえられる）という意味（いみ）です。標準（ひょうじゅん）的なレベルの問題（もんだい）です。<br>「えぐ」や「あぐ」などの読み間違いに注意（ちゅうい）しましょう。<br>したがって、正解は「めぐ」になります。
JLPT_N2_LK_Ch_309,言語知識,文字,表記,4,台風による被害を減らすため、事前に<u>たいさく</u>を検討した。,対策,対索,帯策,体策,対策,「たいさく」の正しい漢字は「対策」です。困った（こまった）状況（じょうきょう）に対応（たいおう）するための手段（しゅだん）のことです。発展（はってん）的なレベルの問題（もんだい）です。<br>「帯（たい）」など同じ読み方の別の漢字に注意（ちゅうい）してください。<br>したがって、正解は「対策」になります。
JLPT_N2_LK_Ch_310,言語知識,文字,漢字読み,2,危険ですから、非常ボタンに安易に<u>触</u>れないでください。,ふ,ふれ,さわ,さわれ,ふ,「触れる」の「触」の正しい読み方は「ふ」です。手などで触ることや、話題にするという意味があります。基本（きほん）的なレベルの問題です。<br>送り仮名（おくりがな）の「れる」を除いた「ふ」が正解です。「さわる」との混同に注意しましょう。<br>したがって、正解は「ふ」になります。
JLPT_N2_LK_Ch_311,言語知識,文字,表記,1,体調が悪いときは無理をしないで<u>きゅうけい</u>してください。,休憩,究憩,休経,休景,休憩,「きゅうけい」の正しい漢字は「休憩」です。仕事や作業の合間に休むことです。とても基礎（きそ）的なレベルの問題です。<br>「経（けい）」や「景（けい）」といった似ている漢字を使ったひっかけに気をつけましょう。<br>したがって、正解は「休憩」になります。
JLPT_N2_LK_Ch_312,言語知識,文字,漢字読み,4,相手の失礼な発言に対して強く<u>抗議</u>した。,こうぎ,ごうぎ,こうき,ごうき,こうぎ,「抗議」の正しい読み方は「こうぎ」です。相手の言動に対して反対の意見を述べることです。応用（おうよう）的なレベルの問題です。<br>「抗」も「議」も濁音の扱いに注意し、「こうぎ」と正しく読みましょう。<br>したがって、正解は「こうぎ」になります。
JLPT_N2_LK_Ch_313,言語知識,文字,表記,3,売り上げの低迷から脱出するための<u>だかい</u>策を提示した。,打開,打解,妥開,妥解,打開,「だかい」の正しい漢字は「打開」です。行き詰まった状況を打ち破って解決に向かわせることです。標準（ひょうじゅん）的なレベルの問題です。<br>「妥協（だきょう）」の「妥」との間違いに注意してください。<br>したがって、正解は「打開」になります。
JLPT_N2_LK_Ch_314,言語知識,文字,漢字読み,5,事故の原因となった部材の<u>欠陥</u>が指摘された。,けっかん,けつかん,けっけん,けつけん,けっかん,「欠陥」の正しい読み方は「けっかん」です。欠けて足りない部分や不十分な欠点のことです。高度（こうど）で難しいレベルの問題です。<br>「欠」と「陥」の間で促音（小さい「つ」）になる点に注意しましょう。<br>したがって、正解は「けっかん」になります。
JLPT_N2_LK_Ch_315,言語知識,文字,表記,3,新商品の<u>はんばい</u>ルートを開拓するために市場調査を行った。,販売,半売,販買,反売,販売,「はんばい」の正しい漢字は「販売」です。商品を売ることです。標準（ひょうじゅん）的なレベルの問題です。<br>「買（かう）」は反対の意味の漢字ですので、間違えないように注意してください。<br>したがって、正解は「販売」になります。
JLPT_N2_LK_Ch_316,言語知識,文字,漢字読み,1,明日は朝早く<u>出発</u>する予定ですので、準備を済ませます。,しゅっぱつ,しゅつはつ,じゅっぱつ,じゅつはつ,しゅっぱつ,「出発」の正しい読み方は「しゅっぱつ」です。目的地へ向かって出かけることです。とても基礎（きそ）的なレベルの問題です。<br>「出」と「発」の間に促音（小さい「つ」）が入ります。<br>したがって、正解は「しゅっぱつ」になります。
JLPT_N2_LK_Ch_317,言語知識,文字,表記,5,彼は長年の研究成果によって業界に多大な<u>こうせき</u>を残した。,功績,功積,公績,公積,功績,「こうせき」の正しい漢字は「功績」です。成し遂げた素晴らしい成果や手柄のことです。高度（こうど）で難しいレベルの問題です。<br>「公（こう）」や「積（せき）」といった同じ読み方の漢字との混同に気をつけましょう。<br>したがって、正解は「功績」になります。
JLPT_N2_LK_Ch_318,言語知識,文字,漢字読み,2,彼女は良い友人に<u>恵</u>まれて、毎日楽しく過ごしている。,めぐ,えぐ,あぐ,つぐ,めぐ,「恵まれる」の「恵」の正しい読み方は「めぐ」です。良い状態や環境を与えられるという意味です。基本（きほん）的なレベルの問題です。<br>「えぐ」や「あぐ」などの誤読に注意しましょう。<br>したがって、正解は「めぐ」になります。
JLPT_N2_LK_Ch_319,言語知識,文字,表記,4,相手の立場や意見をしっかりと<u>ちょうわ</u>させることが求められる。,調和,長和,調話,長話,調和,「ちょうわ」の正しい漢字は「調和」です。全体がうまくまとまってつり合っている状態を表します。発展（はってん）的なレベルの問題です。<br>「長（ちょう）」や「話（わ）」といった同じ読み方の漢字に惑わされないようにしてください。<br>したがって、正解は「調和」になります。
JLPT_N2_LK_Ch_320,言語知識,文字,漢字読み,1,休日は家族と一緒に<u>公園</u>へ散歩に行きます。,こうえん,ごうえん,こうえんじ,ごうえんじ,こうえん,「公園」の正しい読み方は「こうえん」です。人々が休憩したり遊んだりする公共の場所のことです。とても基礎的なレベルの問題です。<br>「公」に濁音はつきません。<br>したがって、正解は「こうえん」になります。
JLPT_N2_LK_Ch_321,言語知識,文字,表記,2,事故を防ぐために機械の<u>てんけん</u>を怠らないでください。,点検,点権,転検,転権,点検,「てんけん」の正しい漢字は「点検」です。一つひとつ検査して調べることです。基本的なレベルの問題です。<br>「転（てん）」や「権（けん）」などの漢字を使ったひっかけに注意しましょう。<br>したがって、正解は「点検」になります。
JLPT_N2_LK_Ch_322,言語知識,文字,漢字読み,4,新しい技術の導入により生産効率が大きく<u>飛躍</u>した。,ひやく,ひこう,とやく,とこう,ひやく,「飛躍」の正しい読み方は「ひやく」です。大きく跳び上がることや、急速に進歩・発展することです。応用的なレベルの問題です。<br>「飛」は「ひ」、「躍」は「やく」と読みます。<br>したがって、正解は「ひやく」になります。
JLPT_N2_LK_Ch_323,言語知識,文字,表記,3,自分の言動には最後まで<u>せきにん</u>を持つべきです。,責任,積任,関任,責認,責任,「せきにん」の正しい漢字は「責任」です。自分が引き受けるべき務めや立場のことです。標準的なレベルの問題です。<br>「関（かん）」など同じ読み方の別の漢字と間違えないようにしましょう。<br>したがって、正解は「責任」になります。
JLPT_N2_LK_Ch_324,言語知識,文字,漢字読み,5,過密スケジュールが引き金となり計画が<u>破綻</u>した。,はたん,はじょう,ばたん,ばじょう,はたん,「破綻」の正しい読み方は「はたん」です。物事の成り立ちが破れてうまくいかなくなることです。高度で難しいレベルの問題です。<br>「綻」は「たん」と読みます。「じょう」などの誤読に気をつけましょう。<br>したがって、正解は「破綻」になります。
JLPT_N2_LK_Ch_325,言語知識,文字,表記,5,法廷で被告の無罪を<u>しょうめい</u>するための客観的証拠を提示した。,証明,照明,証名,照名,証明,「しょうめい」の正しい漢字は「証明」です。ある事実が本当であることを明らかにすることです。高度で難しいレベルの問題です。<br>「照明（あかり）」は同じ読み方のひっかけですので、文脈で判断しましょう。<br>したがって、正解は「証明」になります。
JLPT_N2_LK_Ch_326,言語知識,文字,漢字読み,3,この地域は古くから他国との<u>貿易</u>で栄えてきました。,ぼうえき,ほうえき,ぼうやく,ほうやく,ぼうえき,「貿易」の正しい読み方は「ぼうえき」です。国と国との間で商品を売り買いすることです。標準的なレベルの問題です。<br>「貿」は濁音のつく「ぼう」、「易」は「えき」と読みます。<br>したがって、正解は「ぼうえき」になります。
JLPT_N2_LK_Ch_327,言語知識,文字,表記,2,毎朝、決まった時間に<u>しょうこう</u>口を通過して教室に向かいます。,昇降,昇行,勝降,勝行,昇降,「しょうこう」の正しい漢字は「昇降」です。あがったり下がったりすることです。基本的なレベルの問題です。<br>「勝（かつ）」や「行（こう）」といった漢字を使ったひっかけに注意してください。<br>したがって、正解は「昇降」になります。
JLPT_N2_LK_Ch_328,言語知識,文字,漢字読み,1,日本の<u>歴史</u>について図書館の資料を使って調べました。,れきし,りきし,れきじ,りきじ,れきし,「歴史」の正しい読み方は「れきし」です。過去に起こった出来事の移り変わりのことです。とても基礎的なレベルの問題です。<br>「りきし」や「れきじ」などの読み間違いに気をつけましょう。<br>したがって、正解は「れきし」になります。
JLPT_N2_LK_Ch_329,言語知識,文字,表記,4,相手の立場に配慮しつつ、こちらの<u>しゅちょう</u>も明確に伝えた。,主張,主長,首張,首長,主張,「しゅちょう」の正しい漢字は「主張」です。自分の意見や持論を強く言い張ることです。発展的なレベルの問題です。<br>「首長（しゅちょう：集団のリーダー）」との書き間違いに注意しましょう。<br>したがって、正解は「主張」になります。
JLPT_N2_LK_Ch_330,言語知識,文字,漢字読み,3,この土地は温暖な気候に<u>恵</u>まれており、農業が盛んだ。,めぐ,えぐ,あぐ,つぐ,めぐ,「恵まれる」の「恵」の正しい読み方は「めぐ」です。良い状態や環境を与えられるという意味です。標準的なレベルの問題です。<br>「えぐ」や「あぐ」などの誤読に注意しましょう。<br>したがって、正解は「めぐ」になります。
JLPT_N2_LK_Ch_331,言語知識,文字,表記,1,冬山に登る際は防寒具を<u>ちゃくよう</u>することが重要だ。,着用,着様,千用,千様,着用,「ちゃくよう」の正しい漢字は「着用」です。服や保護具などを身につけることです。とても基礎的なレベルの問題です。<br>「様（よう）」や「千（せん）」といった形や読みが似ている漢字に気をつけましょう。<br>したがって、正解は「着用」になります。
JLPT_N2_LK_Ch_332,言語知識,文字,漢字読み,5,過密なスケジュールが引き金となり計画が<u>破綻</u>した。,はたん,はじょう,ばたん,ばじょう,はたん,「破綻」の正しい読み方は「はたん」です。物事の成り立ちが破れてうまくいかなくなることです。高度で難しいレベルの問題です。<br>「綻」は「たん」と読みます。「じょう」などの誤読に気をつけましょう。<br>したがって、正解は「破綻」になります。
JLPT_N2_LK_Ch_333,言語知識,文字,表記,2,毎月一回、エレベーターの<u>てんけん</u>が行われている。,点検,点権,転検,転権,点検,「てんけん」の正しい漢字は「点検」です。一つひとつ検査して調べることです。基本的なレベルの問題です。<br>「転（てん）」や「権（けん）」などの漢字を使ったひっかけに注意しましょう。<br>したがって、正解は「点検」になります。
JLPT_N2_LK_Ch_334,言語知識,文字,漢字読み,4,彼の演技力は今年に入って大きく<u>飛躍</u>した。,ひやく,ひこう,とやく,とこう,ひやく,「飛躍」の正しい読み方は「ひやく」です。大きく跳び上がることや、急速に進歩・発展することです。応用的なレベルの問題です。<br>「飛」は「ひ」、「躍」は「やく」と読みます。<br>したがって、正解は「ひやく」になります。
JLPT_N2_LK_Ch_335,言語知識,文字,表記,3,リーダーとしてチームの成果に<u>せきにん</u>を持つことが求められる。,責任,積任,関任,責認,責任,「せきにん」の正しい漢字は「責任」です。自分が引き受けるべき務めや立場のことです。標準的なレベルの問題です。<br>「関（かん）」など同じ読み方の別の漢字と間違えないようにしましょう。<br>したがって、正解は「責任」になります。
JLPT_N2_LK_Ch_336,言語知識,文字,漢字読み,1,この街には古い<u>歴史</u>があり、多くの観光客が訪れる。,れきし,りきし,れきじ,りきじ,れきし,「歴史」の正しい読み方は「れきし」です。過去に起こった出来事の移り変わりのことです。とても基礎的なレベルの問題です。<br>「りきし」や「れきじ」などの読み間違いに気をつけましょう。<br>したがって、正解は「れきし」になります。
JLPT_N2_LK_Ch_337,言語知識,文字,表記,5,彼はアリバイを<u>しょうめい</u>するために当時の写真を提出した。,証明,照明,証名,照名,証明,「しょうめい」の正しい漢字は「証明」です。ある事実が本当であることを明らかにすることです。高度で難しいレベルの問題です。<br>「照明（あかり）」は同じ読み方のひっかけですので、文脈で判断しましょう。<br>したがって、正解は「証明」になります。
JLPT_N2_LK_Ch_338,言語知識,文字,漢字読み,2,校内で写真を撮るには先生の<u>許可</u>を得なければならない。,きょか,ぎょか,きょこう,ぎょこう,きょか,「許可」の正しい読み方は「きょか」です。許すことや認めることを意味します。基本的なレベルの問題です。<br>「きょ」に濁音はつきません。<br>したがって、正解は「きょか」になります。
JLPT_N2_LK_Ch_339,言語知識,文字,表記,4,彼は会議で自分の<u>しゅちょう</u>を強く述べた。,主張,主長,首張,首長,主張,「しゅちょう」の正しい漢字は「主張」です。自分の意見や持論を強く言い張ることです。発展的なレベルの問題です。<br>「首長（しゅちょう：集団のリーダー）」との書き間違いに注意しましょう。<br>したがって、正解は「主張」になります。
JLPT_N2_LK_Ch_340,言語知識,文字,漢字読み,3,彼らは経済的に<u>恵</u>まれた家庭に育った。,めぐ,えぐ,あぐ,つぐ,めぐ,「恵まれる」の「恵」の正しい読み方は「めぐ」です。良い状態や環境を与えられるという意味です。標準的なレベルの問題です。<br>「えぐ」や「あぐ」などの誤読に注意しましょう。<br>したがって、正解は「めぐ」になります。
JLPT_N2_LK_Ch_341,言語知識,文字,表記,1,実験室に入るときは白衣を<u>ちゃくよう</u>してください。,着用,着様,千用,千様,着用,「ちゃくよう」の正しい漢字は「着用」です。服や保護具などを身につけることです。とても基礎的なレベルの問題です。<br>「様（よう）」や「千（せん）」といった形や読みが似ている漢字に気をつけましょう。<br>したがって、正解は「着用」になります。
JLPT_N2_LK_Ch_342,言語知識,文字,漢字読み,5,資金繰りの悪化により、会社の経営が<u>破綻</u>した。,はたん,はじょう,ばたん,ばじょう,はたん,「破綻」の正しい読み方は「はたん」です。物事の成り立ちが破れてうまくいかなくなることです。高度で難しいレベルの問題です。<br>「綻」は「たん」と読みます。「じょう」などの誤読に気をつけましょう。<br>したがって、正解は「破綻」になります。
JLPT_N2_LK_Ch_343,言語知識,文字,表記,2,運転前には必ず車の<u>てんけん</u>を行うようにしている。,点検,点権,転検,転権,点検,「てんけん」の正しい漢字は「点検」です。一つひとつ検査して調べることです。基本的なレベルの問題です。<br>「転（てん）」や「権（けん）」などの漢字を使ったひっかけに注意しましょう。<br>したがって、正解は「点検」になります。
JLPT_N2_LK_Ch_344,言語知識,文字,漢字読み,4,この選手は海外リーグに移籍してから<u>飛躍</u>を遂げた。,ひやく,ひこう,とやく,とこう,ひやく,「飛躍」の正しい読み方は「ひやく」です。大きく跳び上がることや、急速に進歩・発展することです。応用的なレベルの問題です。<br>「飛」は「ひ」、「躍」は「やく」と読みます。<br>したがって、正解は「ひやく」になります。
JLPT_N2_LK_Ch_345,言語知識,文字,表記,3,事故の原因を調査し、<u>せきにん</u>の所在を明らかにする。,責任,積任,関任,責認,責任,「せきにん」の正しい漢字は「責任」です。自分が引き受けるべき務めや立場のことです。標準的なレベルの問題です。<br>「関（かん）」など同じ読み方の別の漢字と間違えないようにしましょう。<br>したがって、正解は「責任」になります。
JLPT_N2_LK_Ch_346,言語知識,文字,漢字読み,1,祖父はこの国の<u>歴史</u>に詳しく、よく昔話を聞かせてくれる。,れきし,りきし,れきじ,りきじ,れきし,「歴史」の正しい読み方は「れきし」です。過去に起こった出来事の移り変わりのことです。とても基礎的なレベルの問題です。<br>「りきし」や「れきじ」などの読み間違いに気をつけましょう。<br>したがって、正解は「れきし」になります。
JLPT_N2_LK_Ch_347,言語知識,文字,表記,5,実験の結果は、その仮説が正しいことを<u>しょうめい</u>している。,証明,照明,証名,照名,証明,「しょうめい」の正しい漢字は「証明」です。ある事実が本当であることを明らかにすることです。高度で難しいレベルの問題です。<br>「照明（あかり）」は同じ読み方のひっかけですので、文脈で判断しましょう。<br>したがって、正解は「証明」になります。
JLPT_N2_LK_Ch_348,言語知識,文字,漢字読み,2,海外に長期滞在するには特別な<u>許可</u>が必要になる場合がある。,きょか,ぎょか,きょこう,ぎょこう,きょか,「許可」の正しい読み方は「きょか」です。許すことや認めることを意味します。基本的なレベルの問題です。<br>「きょ」に濁音はつきません。<br>したがって、正解は「きょか」になります。
JLPT_N2_LK_Ch_349,言語知識,文字,表記,4,双方が自分の<u>しゅちょう</u>を譲らず、議論は平行線をたどった。,主張,主長,首張,首長,主張,「しゅちょう」の正しい漢字は「主張」です。自分の意見や持論を強く言い張ることです。発展的なレベルの問題です。<br>「首長（しゅちょう：集団のリーダー）」との書き間違いに注意しましょう。<br>したがって、正解は「主張」になります。
JLPT_N2_LK_Ch_350,言語知識,文字,漢字読み,2,危険ですので、作業エリアには立ち入らないよう<u>徹底</u>してください。,てってい,てっでい,ちてい,ちっでい,てってい,「徹底」の正しい読み方は「てってい」です。細かなところまで完全に行き届かせることです。基本（きほん）的なレベルの問題です。<br>「徹」は「てつ」ですが、後ろの音と合わさって促音（そくおん：小さい「つ」）になります。<br>したがって、正解は「てってい」になります。
JLPT_N2_LK_Ch_351,言語知識,文字,表記,1,新しい仕事の<u>じゅんび</u>を進めています。,準備,順備,準美,順美,準備,「じゅんび」の正しい漢字は「準備」です。必要なものをそろえて整えることです。とても基礎（きそ）的なレベルの問題です。<br>「順（じゅん）」や「美（び）」といった似ている漢字や読みのひっかけに注意しましょう。<br>したがって、正解は「準備」になります。
JLPT_N2_LK_Ch_352,言語知識,文字,漢字読み,5,急激な環境変化に対して、柔軟に対応できず<u>苦戦</u>を強いられた。,くせん,くぜん,にがせん,にがぜん,くせん,「苦戦」の正しい読み方は「くせん」です。苦しい戦いや厳しい状況で骨を折ることです。高度（こうど）で難しいレベルの問題です。<br>「苦」はここでは音読みで「く」と読みます。「にが」とは読みません。<br>したがって、正解は「くせん」になります。
JLPT_N2_LK_Ch_353,言語知識,文字,表記,3,会議の内容を<u>ようやく</u>して上司に報告した。,要約,用約,要訳,容約,要約,「ようやく」の正しい漢字は「要約」です。文章や話の重要な点を短くまとめることです。標準（ひょうじゅん）的なレベルの問題です。<br>「翻訳（ほんやく）」の「訳（やく）」との違いに気をつけましょう。<br>したがって、正解は「要約」になります。
JLPT_N2_LK_Ch_354,言語知識,文字,漢字読み,4,彼の提案は現場の意見を<u>反映</u>した現実的なものだった。,はんえい,ほんえい,はんよう,ほんよう,はんえい,「反映」の正しい読み方は「はんえい」です。光などが跳ね返ることや、影響が姿にあらわれることです。応用（おうよう）的なレベルの問題です。<br>「映」は「えい」と読みます。<br>したがって、正解は「はんえい」になります。
JLPT_N2_LK_Ch_355,言語知識,文字,表記,2,出発前に、予約内容をもう一度<u>かくにん</u>しておきましょう。,確認,確任,確忍,確人,確認,「かくにん」の正しい漢字は「確認」です。確かめて間違いがないかチェックすることです。基本（きほん）的なレベルの問題です。<br>「忍（にん）」という似ている漢字のひっかけに注意してください。<br>したがって、正解は「確認」になります。
JLPT_N2_LK_Ch_356,言語知識,文字,漢字読み,1,明日は朝早く<u>出発</u>する予定です。,しゅっぱつ,しゅつはつ,じゅっぱつ,じゅつはつ,しゅっぱつ,「出発」の正しい読み方は「しゅっぱつ」です。目的地に向かって出かけることです。とても基礎（きそ）的なレベルの問題です。<br>「出」と「発」の間に促音（小さい「つ」）が入ります。<br>したがって、正解は「しゅっぱつ」になります。
JLPT_N2_LK_Ch_357,言語知識,文字,表記,4,相手の意見を尊重し、組織全体の<u>ちょうわ</u>を維持する。,調和,長和,調話,長話,調和,「ちょうわ」の正しい漢字は「調和」です。全体がバランスよくまとまることです。発展（はってん）的なレベルの問題です。<br>「長（ちょう）」や「話（わ）」などの同音異字に気をつけましょう。<br>したがって、正解は「調和」になります。
JLPT_N2_LK_Ch_358,言語知識,文字,漢字読み,3,この地域は古くから多くの<u>拠点</u>を有しています。,きょてん,きょでん,こてん,こでん,きょてん,「拠点」の正しい読み方は「きょてん」です。活動の中心となる重要な場所のことです。標準（ひょうじゅん）的なレベルの問題です。<br>「拠」は「きょ」と読みます。「こ」と間違えないようにしましょう。<br>したがって、正解は「きょてん」になります。
JLPT_N2_LK_Ch_359,言語知識,文字,表記,5,彼は強い<u>しめい</u>感を持って、地域の防犯活動に取り組んでいる。,使命,指名,使明,指明,使命,「しめい」の正しい漢字は「使命」です。果たすべき大切な務めのことです。高度（こうど）で難しいレベルの問題です。<br>「指名（名前を指定すること）」は意味が異なるひっかけです。<br>したがって、正解は「使命」になります。
JLPT_N2_LK_Ch_360,言語知識,文字,漢字読み,1,明日は友達と映画館で<u>映画</u>を見る予定です。,えいが,えいか,えこう,えきょう,えいが,「映画」の正しい読み方は「えいが」です。スクリーンに映して見せる映像作品のことです。とても基礎的なレベルの問題です。<br>「画」は濁音のつく「が」と読みます。<br>したがって、正解は「えいが」になります。
JLPT_N2_LK_Ch_361,言語知識,文字,表記,3,相手の意図を正確に<u>りかい</u>した上で回答を作成した。,理解,理改,利解,利改,理解,「りかい」の正しい漢字は「理解」です。物事の意味や理由を正しく分かって受け入れることです。標準的なレベルの問題です。<br>「利（り）」や「改（かい）」といった同じ読み方の漢字に注意しましょう。<br>したがって、正解は「理解」になります。
JLPT_N2_LK_Ch_362,言語知識,文字,漢字読み,4,新しい技術の導入により製品の品質が<u>飛躍</u>的に向上した。,ひやく,ひこう,とやく,とこう,ひやく,「飛躍」の正しい読み方は「ひやく」です。大きく跳び上がることや、急速に進歩・発展することです。応用的なレベルの問題です。<br>「飛」は「ひ」、「躍」は「やく」と読みます。<br>したがって、正解は「ひやく」になります。
JLPT_N2_LK_Ch_363,言語知識,文字,表記,2,毎朝、近くの公園を<u>さんぽ</u>して体を動かしています。,散歩,参歩,散布,産歩,散歩,「さんぽ」の正しい漢字は「散歩」です。気晴らしや健康のために歩くことです。基本的なレベルの問題です。<br>「布（ふ）」などの似ている漢字との間違いに注意してください。<br>したがって、正解は「散歩」になります。
JLPT_N2_LK_Ch_364,言語知識,文字,漢字読み,5,事故の原因となった部材の構造上の<u>欠陥</u>が指摘された。,けっかん,けつかん,けっけん,けつけん,けっかん,「欠陥」の正しい読み方は「けっかん」です。欠けて足りない部分や不十分な欠点のことです。高度で難しいレベルの問題です。<br>「欠」と「陥」の間で促音（小さい「つ」）が入る点に注意しましょう。<br>したがって、正解は「けっかん」になります。
JLPT_N2_LK_Ch_365,言語知識,文字,表記,4,問題が発生した根本的な原因を速やかに<u>きゅうめい</u>する。,究明,究命,窮明,窮命,究明,「きゅうめい」の正しい漢字は「究明」です。事理や真実を深くまで突き詰めて明らかにすることです。発展的なレベルの問題です。<br>「窮（きゅう）」という似た意味を持つ漢字との混同に気をつけましょう。<br>したがって、正解は「究明」になります。
JLPT_N2_LK_Ch_366,言語知識,文字,漢字読み,3,この会社は優秀な人材に<u>恵</u>まれている。,めぐ,えぐ,あぐ,つぐ,めぐ,「恵まれる」の「恵」の正しい読み方は「めぐ」です。良い状態や環境を与えられるという意味です。標準的なレベルの問題です。<br>「えぐ」や「あぐ」などの誤読に注意しましょう。<br>したがって、正解は「めぐ」になります。
JLPT_N2_LK_Ch_367,言語知識,文字,表記,1,バイクに乗るときはヘルメットの<u>ちゃくよう</u>が義務付けられている。,着用,着様,千用,千様,着用,「ちゃくよう」の正しい漢字は「着用」です。服や保護具などを身につけることです。とても基礎的なレベルの問題です。<br>「様（よう）」や「千（せん）」といった形や読みが似ている漢字に気をつけましょう。<br>したがって、正解は「着用」になります。
JLPT_N2_LK_Ch_368,言語知識,文字,漢字読み,2,荷物の配送状況をインターネットで<u>追跡</u>できます。,ついせき,ついたち,ついさく,ついたく,ついせき,「追跡」の正しい読み方は「ついせき」です。物の行方や人のあとを追いかけて調べることです。基本的なレベルの問題です。<br>「跡」は「せき」と読みます。「たち」と間違えないようにしましょう。<br>したがって、正解は「ついせき」になります。
JLPT_N2_LK_Ch_369,言語知識,文字,表記,5,長年の研究活動が<u>けつじつ</u>し、新薬の開発に成功した。,結実,決実,結日,結身,結実,「けつじつ」の正しい漢字は「結実」です。努力が成果となって現れることです。高度で難しいレベルの問題です。<br>「結」と「実」の漢字のつくりや部首を正確に確認しておきましょう。<br>したがって、正解は「結実」になります。
JLPT_N2_LK_Ch_370,言語知識,文字,漢字読み,2,この契約内容にはいくつかの<u>変更</u>点があります。,へんこう,へんきょう,ほうこう,ほうきょう,へんこう,「変更」の正しい読み方は「へんこう」です。決められていた内容を変えることです。基本（きほん）的なレベルの問題です。<br>「変」は「へん」、「更」は「こう」と読みます。<br>したがって、正解は「へんこう」になります。
JLPT_N2_LK_Ch_371,言語知識,文字,表記,1,新しい技術の<u>かいはつ</u>を進めています。,開発,開初,関発,関初,開発,「かいはつ」の正しい漢字は「開発」です。新しい技術や商品を実用化することです。とても基礎（きそ）的なレベルの問題です。<br>「関（かん）」や「初（はつ）」といった似ている音や漢字に気をつけましょう。<br>したがって、正解は「開発」になります。
JLPT_N2_LK_Ch_372,言語知識,文字,漢字読み,4,周囲の反対を押し切って方針を<u>転換</u>した。,てんかん,てんこう,でんかん,でんこう,てんかん,「転換」の正しい読み方は「てんかん」です。方針や状態を別の方向に変えることです。応用（おうよう）的なレベルの問題です。<br>「転」は「てん」、「換」は「かん」と読みます。<br>したがって、正解は「てんかん」になります。
JLPT_N2_LK_Ch_373,言語知識,文字,表記,3,相手の都合に配慮して日程を<u>ちょうせい</u>した。,調整,頂整,調政,頂政,調整,「ちょうせい」の正しい漢字は「調整」です。具合や条件を整えて調和させることです。標準（ひょうじゅん）的なレベルの問題です。<br>「頂（ちょう）」や「政（せい）」といった同じ読み方の漢字に注意しましょう。<br>したがって、正解は「調整」になります。
JLPT_N2_LK_Ch_374,言語知識,文字,漢字読み,5,事故の影響により交通網が<u>麻痺</u>した。,まひ,まぴ,まんひ,まんぴ,まひ,「麻痺」の正しい読み方は「まひ」です。機能が停止して働かなくなることです。高度（こうど）で難しいレベルの問題です。<br>「麻」は「ま」、「痺」は「ひ」と読みます。<br>したがって、正解は「まひ」になります。
JLPT_N2_LK_Ch_375,言語知識,文字,表記,3,危険を伴うため十分な<u>けいかい</u>が必要だ。,警戒,敬戒,警開,警械,警戒,「けいかい」の正しい漢字は「警戒」です。事故や災害などを未然に防ぐため気をつけることです。標準（ひょうじゅん）的なレベルの問題です。<br>「開（かい）」などの同じ読み方の漢字と混同しないようにしましょう。<br>したがって、正解は「警戒」になります。
JLPT_N2_LK_Ch_376,言語知識,文字,漢字読み,1,明日は友達と図書館で<u>勉強</u>します。,べんきょう,べんこう,めんきょう,めんこう,べんきょう,「勉強」の正しい読み方は「べんきょう」です。知識や技術を身につけることです。とても基礎（きそ）的なレベルの問題です。<br>「勉」は濁音のつく「べん」、「強」は「きょう」と読みます。<br>したがって、正解は「べんきょう」になります。
JLPT_N2_LK_Ch_377,言語知識,文字,表記,5,彼は強い<u>しんねん</u>を持って困難に立ち向かった。,信念,心念,信年,心年,信念,「しんねん」の正しい漢字は「信念」です。正しいと強く信じる心のことです。高度（こうど）で難しいレベルの問題です。<br>「心（しん）」や「年（ねん）」といった別の漢字との違いに注意しましょう。<br>したがって、正解は「信念」になります。
JLPT_N2_LK_Ch_378,言語知識,文字,漢字読み,2,荷物が無事に<u>到着</u>しました。,とうちゃく,どうちゃく,とうしゃく,どうしゃく,とうちゃく,「到着」の正しい読み方は「とうちゃく」です。目的地に着くことです。基本（きほん）的なレベルの問題です。<br>「到」は濁音のない「とう」、「着」は「ちゃく」と読みます。<br>したがって、正解は「とうちゃく」になります。
JLPT_N2_LK_Ch_379,言語知識,文字,表記,4,問題の解決に向けて具体的な<u>ていあん</u>を行った。,提案,提安,定案,定安,提案,「ていあん」の正しい漢字は「提案」です。案や意見を出すことです。発展（はってん）的なレベルの問題です。<br>「定（てい）」といった同音の漢字や部首の違いに気をつけましょう。<br>したがって、正解は「提案」になります。
JLPT_N2_LK_Ch_380,言語知識,文字,漢字読み,2,彼は音楽の才能に<u>恵</u>まれている。,めぐ,えぐ,あぐ,つぐ,めぐ,「恵まれる」の「恵」の正しい読み方は「めぐ」です。良い状態や環境を与えられるという意味です。基本的なレベルの問題です。<br>「えぐ」や「あぐ」などの誤読に注意しましょう。<br>したがって、正解は「めぐ」になります。
JLPT_N2_LK_Ch_381,言語知識,文字,表記,1,手術中、医師はマスクと手袋を<u>ちゃくよう</u>する。,着用,着様,千用,千様,着用,「ちゃくよう」の正しい漢字は「着用」です。服や保護具などを身につけることです。とても基礎的なレベルの問題です。<br>「様（よう）」や「千（せん）」といった形や読みが似ている漢字に気をつけましょう。<br>したがって、正解は「着用」になります。
JLPT_N2_LK_Ch_382,言語知識,文字,漢字読み,5,無理な計画を立てたせいで、旅行の予定が<u>破綻</u>した。,はたん,はじょう,ばたん,ばじょう,はたん,「破綻」の正しい読み方は「はたん」です。物事の成り立ちが破れてうまくいかなくなることです。高度で難しいレベルの問題です。<br>「綻」は「たん」と読みます。「じょう」などの誤読に気をつけましょう。<br>したがって、正解は「破綻」になります。
JLPT_N2_LK_Ch_383,言語知識,文字,表記,3,自分の失敗を人のせいにせず、<u>せきにん</u>を持って対応した。,責任,積任,関任,責認,責任,「せきにん」の正しい漢字は「責任」です。自分が引き受けるべき務めや立場のことです。標準的なレベルの問題です。<br>「関（かん）」など同じ読み方の別の漢字と間違えないようにしましょう。<br>したがって、正解は「責任」になります。
JLPT_N2_LK_Ch_384,言語知識,文字,漢字読み,4,新製品の発売により、会社の売り上げが<u>飛躍</u>的に伸びた。,ひやく,ひこう,とやく,とこう,ひやく,「飛躍」の正しい読み方は「ひやく」です。大きく跳び上がることや、急速に進歩・発展することです。応用的なレベルの問題です。<br>「飛」は「ひ」、「躍」は「やく」と読みます。<br>したがって、正解は「飛躍」になります。
JLPT_N2_LK_Ch_385,言語知識,文字,表記,2,事故を防ぐために機械の<u>てんけん</u>を行ってください。,点検,点権,転検,転権,点検,「てんけん」の正しい漢字は「点検」です。一つひとつ検査して調べることです。基本的なレベルの問題です。<br>「転（てん）」や「権（けん）」などの漢字を使ったひっかけに注意しましょう。<br>したがって、正解は「点検」になります。
JLPT_N2_LK_Ch_386,言語知識,文字,漢字読み,1,大学で日本の<u>歴史</u>を専攻することにした。,れきし,りきし,れきじ,りきじ,れきし,「歴史」の正しい読み方は「れきし」です。過去に起こった出来事の移り変わりのことです。とても基礎的なレベルの問題です。<br>「りきし」や「れきじ」などの読み間違いに気をつけましょう。<br>したがって、正解は「れきし」になります。
JLPT_N2_LK_Ch_387,言語知識,文字,表記,5,身元を<u>しょうめい</u>するものを持参してください。,証明,照明,証名,照名,証明,「しょうめい」の正しい漢字は「証明」です。ある事実が本当であることを明らかにすることです。高度で難しいレベルの問題です。<br>「照明（あかり）」は同じ読み方のひっかけですので、文脈で判断しましょう。<br>したがって、正解は「証明」になります。
JLPT_N2_LK_Ch_388,言語知識,文字,漢字読み,2,この施設を利用するには事前に管理者の<u>許可</u>を取る必要がある。,きょか,ぎょか,きょこう,ぎょこう,きょか,「許可」の正しい読み方は「きょか」です。許すことや認めることを意味します。基本的なレベルの問題です。<br>「きょ」に濁音はつきません。<br>したがって、正解は「きょか」になります。
JLPT_N2_LK_Ch_389,言語知識,文字,表記,4,彼女は証拠を示しながら冷静に自分の<u>しゅちょう</u>を展開した。,主張,主長,首張,首長,主張,「しゅちょう」の正しい漢字は「主張」です。自分の意見や持論を強く言い張ることです。発展的なレベルの問題です。<br>「首長（しゅちょう：集団のリーダー）」との書き間違いに注意しましょう。<br>したがって、正解は「主張」になります。
JLPT_N2_LK_Ch_390,言語知識,文字,漢字読み,2,会議の途中で急な<u>割り込み</u>があり、進行が遅れた。,わりこ,わりこみ,わりこむ,わりこん,わりこみ,「割り込み」の「割」の正しい読みは「わり」です。途中で割り入ることを意味します。基本的なレベルの問題です。<br>名詞化（送り仮名）の表記と読み間違いに気をつけましょう。<br>したがって、正解は「わりこみ」になります。
JLPT_N2_LK_Ch_391,言語知識,文字,表記,1,新しい製品の<u>しさく</u>を重ねています。,試作,試策,視作,視策,試作,「しさく」の正しい漢字は「試作」です。試しに作ってみることを表します。とても基礎的なレベルの問題です。<br>「視（し）」や「策（さく）」などの似た漢字との混同に気をつけましょう。<br>したがって、正解は「試作」になります。
JLPT_N2_LK_Ch_392,言語知識,文字,漢字読み,4,現場の混乱を避けるため、迅速に<u>撤収</u>した。,てっしゅう,てつしゅう,てっしゆ,てつしゆ,てっしゅう,「撤収」の正しい読み方は「てっしゅう」です。施設や陣営を引き払って退くことです。応用的なレベルの問題です。<br>「撤」は促音（小さい「つ」）に変化して「てっ」となります。<br>したがって、正解は「てっしゅう」になります。
JLPT_N2_LK_Ch_393,言語知識,文字,表記,3,状況に応じて適切に<u>しょち</u>を行ってください。,処置,処地,所置,所地,処置,「しょち」の正しい漢字は「処置」です。手配や手当てをして整えることです。標準的なレベルの問題です。<br>「所（しょ）」という似た読みの漢字に注意してください。<br>したがって、正解は「処置」になります。
JLPT_N2_LK_Ch_394,言語知識,文字,漢字読み,5,相手の巧みな話術に<u>翻弄</u>されてしまった。,ほんろう,ほんとう,はんろう,はんとう,ほんろう,「翻弄」の正しい読み方は「ほんろう」です。思いのままにもてあそぶことです。高度で難しいレベルの問題です。<br>「翻」は「ほん」、「弄」は「ろう」と読みます。<br>したがって、正解は「ほんろう」になります。
JLPT_N2_LK_Ch_395,言語知識,文字,表記,3,トラブルの発生を防ぐために<u>よぼう</u>策を講じる。,予防,預防,予妨,預妨,予防,「よぼう」の正しい漢字は「予防」です。前もって防ぎ止めることです。標準的なレベルの問題です。<br>「預（よ）」や「妨（ぼう）」といった同音の漢字に気をつけましょう。<br>したがって、正解は「予防」になります。
JLPT_N2_LK_Ch_396,言語知識,文字,漢字読み,1,休日は家族と一緒に<u>散歩</u>を楽しみます。,さんぽ,さんふ,ざんぽ,ざんふ,さんぽ,「散歩」の正しい読み方は「さんぽ」です。気晴らしに歩くことです。とても基礎的なレベルの問題です。<br>「散」に濁音はつきません。<br>したがって、正解は「さんぽ」になります。
JLPT_N2_LK_Ch_397,言語知識,文字,表記,5,紛争の平和的解決に向けて<u>ちょうてい</u>が試みられた。,調停,長停,調低,調底,調停,「ちょうてい」の正しい漢字は「調停」です。争いを行っている双方の間に立って和解させることです。高度で難しいレベルの問題です。<br>「低（てい）」などの部首や同音異字に気をつけましょう。<br>したがって、正解は「調停」になります。
JLPT_N2_LK_Ch_398,言語知識,文字,漢字読み,2,この書類は本人であることを<u>証明</u>するために必要です。,しょうめい,じょうめい,しょうみょう,じょうみょう,しょうめい,「証明」の正しい読み方は「しょうめい」です。事実であることを明らかにすることです。基本的なレベルの問題です。<br>「証」も「明」も長音で読みます。<br>したがって、正解は「しょうめい」になります。
JLPT_N2_LK_Ch_399,言語知識,文字,表記,4,問題の根本的な原因を突き止めて<u>はいじょ</u>する。,排除,排徐,拝除,拝徐,排除,「はいじょ」の正しい漢字は「排除」です。押しのけて取り除くことです。発展的なレベルの問題です。<br>「拝（はい）」という部首や形の似ている漢字に注意しましょう。<br>したがって、正解は「排除」になります。
JLPT_N2_LK_Ch_400,言語知識,文字,漢字読み,2,彼女は幼少期から優れた運動神経に<u>恵</u>まれていた。,めぐ,えぐ,あぐ,つぐ,めぐ,「恵まれる」の「恵」の正しい読み方は「めぐ」です。良い状態や環境を与えられるという意味です。基本的なレベルの問題です。<br>「えぐ」や「あぐ」などの誤読に注意しましょう。<br>したがって、正解は「めぐ」になります。
JLPT_N2_LK_Ch_401,言語知識,文字,表記,1,消防士は出動時に必ず防火服を<u>ちゃくよう</u>する。,着用,着様,千用,千様,着用,「ちゃくよう」の正しい漢字は「着用」です。服や保護具などを身につけることです。とても基礎的なレベルの問題です。<br>「様（よう）」や「千（せん）」といった形や読みが似ている漢字に気をつけましょう。<br>したがって、正解は「着用」になります。
JLPT_N2_LK_Ch_402,言語知識,文字,漢字読み,5,ずさんな資金計画がたたり、事業の継続が<u>破綻</u>した。,はたん,はじょう,ばたん,ばじょう,はたん,「破綻」の正しい読み方は「はたん」です。物事の成り立ちが破れてうまくいかなくなることです。高度で難しいレベルの問題です。<br>「綻」は「たん」と読みます。「じょう」などの誤読に気をつけましょう。<br>したがって、正解は「破綻」になります。
JLPT_N2_LK_Ch_403,言語知識,文字,表記,3,チームリーダーとして、部下のミスにも<u>せきにん</u>を持つ姿勢が求められる。,責任,積任,関任,責認,責任,「せきにん」の正しい漢字は「責任」です。自分が引き受けるべき務めや立場のことです。標準的なレベルの問題です。<br>「関（かん）」など同じ読み方の別の漢字と間違えないようにしましょう。<br>したがって、正解は「責任」になります。
JLPT_N2_LK_Ch_404,言語知識,文字,漢字読み,4,彼の演技力は舞台経験を重ねるごとに<u>飛躍</u>的に伸びていった。,ひやく,ひこう,とやく,とこう,ひやく,「飛躍」の正しい読み方は「ひやく」です。大きく跳び上がることや、急速に進歩・発展することです。応用的なレベルの問題です。<br>「飛」は「ひ」、「躍」は「やく」と読みます。<br>したがって、正解は「飛躍」になります。
JLPT_N2_LK_Ch_405,言語知識,文字,表記,2,飛行機は離陸前に入念な<u>てんけん</u>が行われる。,点検,点権,転検,転権,点検,「てんけん」の正しい漢字は「点検」です。一つひとつ検査して調べることです。基本的なレベルの問題です。<br>「転（てん）」や「権（けん）」などの漢字を使ったひっかけに注意しましょう。<br>したがって、正解は「点検」になります。
JLPT_N2_LK_Ch_406,言語知識,文字,漢字読み,1,この城は400年以上の<u>歴史</u>を持つ、地域の象徴的な建造物だ。,れきし,りきし,れきじ,りきじ,れきし,「歴史」の正しい読み方は「れきし」です。過去に起こった出来事の移り変わりのことです。とても基礎的なレベルの問題です。<br>「りきし」や「れきじ」などの読み間違いに気をつけましょう。<br>したがって、正解は「れきし」になります。
JLPT_N2_LK_Ch_407,言語知識,文字,表記,5,この資格試験の合格証は、専門知識を持つことを<u>しょうめい</u>する書類だ。,証明,照明,証名,照名,証明,「しょうめい」の正しい漢字は「証明」です。ある事実が本当であることを明らかにすることです。高度で難しいレベルの問題です。<br>「照明（あかり）」は同じ読み方のひっかけですので、文脈で判断しましょう。<br>したがって、正解は「証明」になります。
JLPT_N2_LK_Ch_408,言語知識,文字,漢字読み,2,未成年がお酒を購入するには保護者の<u>許可</u>が必要になる。,きょか,ぎょか,きょこう,ぎょこう,きょか,「許可」の正しい読み方は「きょか」です。許すことや認めることを意味します。基本的なレベルの問題です。<br>「きょ」に濁音はつきません。<br>したがって、正解は「きょか」になります。
JLPT_N2_LK_Ch_409,言語知識,文字,表記,4,弁護士は法廷で被告の無罪を<u>しゅちょう</u>した。,主張,主長,首張,首長,主張,「しゅちょう」の正しい漢字は「主張」です。自分の意見や持論を強く言い張ることです。発展的なレベルの問題です。<br>「首長（しゅちょう：集団のリーダー）」との書き間違いに注意しましょう。<br>したがって、正解は「主張」になります。
JLPT_N2_LK_Ch_410,言語知識,文字,漢字読み,2,台風の接近に伴い、沿岸部には大雨注意報が<u>発令</u>された。,はつれい,はつれん,はっれい,はっれん,はつれい,「発令」の正しい読み方は「はつれい」です。命令や注意報などを出すことです。基本的なレベルの問題です。<br>促音（小さい「つ」）にならず、「はつれい」とそのまま読破する点に注意しましょう。<br>したがって、正解は「はつれい」になります。
JLPT_N2_LK_Ch_411,言語知識,文字,表記,1,新しい製品の<u>しさく</u>を繰り返し行いました。,試作,試策,視作,視策,試作,「しさく」の正しい漢字は「試作」です。試しに作ってみることを表します。とても基礎的なレベルの問題です。<br>「視（し）」や「策（さく）」などの似た漢字との混同に気をつけましょう。<br>したがって、正解は「試作」になります。
JLPT_N2_LK_Ch_412,言語知識,文字,漢字読み,4,予期せぬトラブルが発生し、現場は<u>混乱</u>を極めた。,こんらん,ごんらん,こんなん,ごんなん,こんらん,「混乱」の正しい読み方は「こんらん」です。秩序がなく乱れることです。応用的なレベルの問題です。<br>「混」は濁音のない「こん」、「乱」は「らん」と読みます。<br>したがって、正解は「こんらん」になります。
JLPT_N2_LK_Ch_413,言語知識,文字,表記,3,けが人が出た際は、速やかに応急<u>しょち</u>を行うことが重要だ。,処置,処地,所置,所地,処置,「しょち」の正しい漢字は「処置」です。手配や手当てをして整えることです。標準的なレベルの問題です。<br>「所（しょ）」という似た読みの漢字に注意してください。<br>したがって、正解は「処置」になります。
JLPT_N2_LK_Ch_414,言語知識,文字,漢字読み,5,過度なプレッシャーから精神的に<u>疲弊</u>してしまった。,ひへい,ひべい,ひほう,ひぼう,ひへい,「疲弊」の正しい読み方は「ひへい」です。心身や勢力が使い果たされて弱ることです。高度で難しいレベルの問題です。<br>「弊」は「へい」と読みます。濁音（べい）と間違えないように気をつけましょう。<br>したがって、正解は「ひへい」になります。
JLPT_N2_LK_Ch_415,言語知識,文字,表記,3,インフルエンザの<u>よぼう</u>のため、手洗いとうがいを徹底している。,予防,預防,予妨,預妨,予防,「よぼう」の正しい漢字は「予防」です。前もって防ぎ止めることです。標準的なレベルの問題です。<br>「預（よ）」や「妨（ぼう）」といった同音の漢字に気をつけましょう。<br>したがって、正解は「予防」になります。
JLPT_N2_LK_Ch_416,言語知識,文字,漢字読み,1,明日は朝早く<u>出発</u>する予定ですので準備をします。,しゅっぱつ,しゅつはつ,じゅっぱつ,じゅつはつ,しゅっぱつ,「出発」の正しい読み方は「しゅっぱつ」です。目的地に向かって出かけることです。とても基礎的なレベルの問題です。<br>「出」と「発」の間に促音（小さい「つ」）が入ります。<br>したがって、正解は「しゅっぱつ」になります。
JLPT_N2_LK_Ch_417,言語知識,文字,表記,5,夫婦間の財産分与をめぐる争いは、家庭裁判所の<u>ちょうてい</u>で解決した。,調停,長停,調低,調底,調停,「ちょうてい」の正しい漢字は「調停」です。争いを行っている双方の間に立って和解させることです。高度で難しいレベルの問題です。<br>「低（てい）」などの部首や同音異字に気をつけましょう。<br>したがって、正解は「調停」になります。
JLPT_N2_LK_Ch_418,言語知識,文字,漢字読み,2,会議の途中で急な<u>割り込み</u>があり進行が遅れた。,わりこ,わりこみ,わりこむ,わりこん,わりこみ,「割り込み」の「割」の正しい読みは「わり」です。途中で割り入ることを意味します。基本的なレベルの問題です。<br>名詞化の送り仮名表記と読み間違いに気をつけましょう。<br>したがって、正解は「わりこみ」になります。
JLPT_N2_LK_Ch_419,言語知識,文字,表記,4,審査基準を明確にすることで、恣意的な判断を<u>はいじょ</u>した。,排除,排徐,拝除,拝徐,排除,「はいじょ」の正しい漢字は「排除」です。押しのけて取り除くことです。発展的なレベルの問題です。<br>「拝（はい）」という部首や形の似ている漢字に注意しましょう。<br>したがって、正解は「排除」になります。
JLPT_N2_LK_Ch_420,言語知識,文字,漢字読み,2,交渉を円滑に進めるため、事前に条件を<u>調整</u>した。,ちょうせい,ちょうしょう,ていせい,ていしょう,ちょうせい,「調整」の正しい読み方は「ちょうせい」です。調子や条件を整えて整頓することを意味します。基本的なレベルの問題です。<br>「調」は「ちょう」、「整」は「せい」と読みます。<br>したがって、正解は「ちょうせい」になります。
JLPT_N2_LK_Ch_421,言語知識,文字,表記,4,問題の再発を防ぐため、抜本的な<u>かいかく</u>が求められている。,改革,改画,開革,開画,改革,「かいかく」の正しい漢字は「改革」です。従来の制度や状態をあらためて新しくすることです。発展的なレベルの問題です。<br>「開（かい）」や「画（かく）」といった同音の漢字に気をつけましょう。<br>したがって、正解は「改革」になります。
JLPT_N2_LK_Ch_422,言語知識,文字,漢字読み,1,この本は世界中で<u>翻訳</u>され、多くの人々に読まれている。,ほんやく,ほんやくつ,ほんわく,ほんわくつ,ほんやく,「翻訳」の正しい読み方は「ほんやく」です。ある言語で書かれた文章を別の言語に直すことです。とても基礎的なレベルの問題です。<br>「訳」は「やく」と読みます。<br>したがって、正解は「ほんやく」になります。
JLPT_N2_LK_Ch_423,言語知識,文字,表記,5,彼は強い<u>しんねん</u>を持って、最後まで自らの初志を貫き通した。,信念,心念,信年,心年,信念,「しんねん」の正しい漢字は「信念」です。正しいと固く信じている心のことです。高度で難しいレベルの問題です。<br>「心（しん）」や「年（ねん）」などの同じ読みの漢字との違いに注意しましょう。<br>したがって、正解は「信念」になります。
JLPT_N2_LK_Ch_424,言語知識,文字,漢字読み,3,不測の事態に備えて、十分な資金を<u>蓄積</u>しておく必要がある。,ちくせき,ちくじゃく,ちくてき,ちくしゃく,ちくせき,「蓄積」の正しい読み方は「ちくせき」です。たくわえ集めることです。標準的なレベルの問題です。<br>「積」は「せき」と読みます。<br>したがって、正解は「ちくせき」になります。
JLPT_N2_LK_Ch_425,言語知識,文字,表記,2,毎朝の<u>さんぽ</u>を日課にすることで健康を維持しています。,散歩,参歩,散布,産歩,散歩,「さんぽ」の正しい漢字は「散歩」です。気晴らしや健康のために歩くことです。基本的なレベルの問題です。<br>「布（ふ）」などの似ている漢字との間違いに注意してください。<br>したがって、正解は「散歩」になります。
JLPT_N2_LK_Ch_426,言語知識,文字,漢字読み,5,急激な需要の変動に対し、供給体制が<u>麻痺</u>してしまった。,まひ,まぴ,まんひ,まんぴ,まひ,「麻痺」の正しい読み方は「まひ」です。機能が一時的または永久に停止して働かなくなることです。高度で難しいレベルの問題です。<br>「麻」は「ま」、「痺」は「ひ」と読みます。<br>したがって、正解は「まひ」になります。
JLPT_N2_LK_Ch_427,言語知識,文字,表記,1,新しい技術の<u>かいはつ</u>に成功し、業界で注目を集めた。,開発,開初,関発,関初,開発,「かいはつ」の正しい漢字は「開発」です。新しい技術や製品を実用化することです。とても基礎的なレベルの問題です。<br>「関（かん）」や「初（はつ）」といった似ている音や漢字に気をつけましょう。<br>したがって、正解は「開発」になります。
JLPT_N2_LK_Ch_428,言語知識,文字,漢字読み,3,契約内容を明確にするため、書面を作成して<u>保管</u>する。,ほかん,ぼかん,ほけん,ぼけん,ほかん,「保管」の正しい読み方は「ほかん」です。品物や書類などを預かって保護・管理することです。標準的なレベルの問題です。<br>「保」に濁音はつきません。<br>したがって、正解は「ほかん」になります。
JLPT_N2_LK_Ch_429,言語知識,文字,表記,4,相手の意見をしっかりと理解した上で<u>ていあん</u>を作成した。,提案,提安,定案,定安,提案,「ていあん」の正しい漢字は「提案」です。案や意見を差し出すことです。発展的なレベルの問題です。<br>「定（てい）」といった同じ読みの漢字に注意しましょう。<br>したがって、正解は「提案」になります。
JLPT_N2_LK_Ch_430,言語知識,文字,漢字読み,1,休日は家族と一緒に<u>公園</u>へ出かけました。,こうえん,ごうえん,こうえんじ,ごうえんじ,こうえん,「公園」の正しい読み方は「こうえん」です。公共の休息や散歩のための場所を指します。とても基礎的なレベルの問題です。<br>「公」に濁音はつきません。<br>したがって、正解は「こうえん」になります。
JLPT_N2_LK_Ch_431,言語知識,文字,表記,3,事故を未然に防ぐため、設備を定期的に<u>てんけん</u>する。,点検,点権,転検,転権,点検,「てんけん」の正しい漢字は「点検」です。一つひとつ確かめて調べることです。標準的なレベルの問題です。<br>「転（てん）」や「権（けん）」などの同音異字に気をつけましょう。<br>したがって、正解は「点検」になります。
JLPT_N2_LK_Ch_432,言語知識,文字,漢字読み,5,過密な動線設計がたたり、会場内は<u>混雑</u>を極めた。,こんざつ,ごんざつ,こんさつ,ごんさつ,こんざつ,「混雑」の正しい読み方は「こんざつ」です。大勢の人や物が集まって乱れることです。高度で難しいレベルの問題です。<br>「雑」は濁音のつく「ざつ」と読みます。<br>したがって、正解は「こんざつ」になります。
JLPT_N2_LK_Ch_433,言語知識,文字,表記,2,新しいプロジェクトの<u>じゅんび</u>を整えています。,準備,順備,準美,順美,準備,「じゅんび」の正しい漢字は「準備」です。必要なものを事前にそろえることです。基本的なレベルの問題です。<br>「順（じゅん）」や「美（び）」などの漢字を使った誤りに注意しましょう。<br>したがって、正解は「準備」になります。
JLPT_N2_LK_Ch_434,言語知識,文字,漢字読み,4,相手の失礼な態度に対し、きっぱりと<u>拒絶</u>の意思を示した。,きょぜつ,きょせつ,ぎょぜつ,ぎょせつ,きょぜつ,「拒絶」の正しい読み方は「きょぜつ」です。要求や申し出を断ることです。応用的なレベルの問題です。<br>「絶」は濁音のつく「ぜつ」と読みます。<br>したがって、正解は「きょぜつ」になります。
JLPT_N2_LK_Ch_435,言語知識,文字,表記,1,安全のため作業時は保護メガネを<u>ちゃくよう</u>すること。,着用,着様,千用,千様,着用,「ちゃくよう」の正しい漢字は「着用」です。衣類や保護具を身につけることです。とても基礎的なレベルの問題です。<br>「様（よう）」や「千（せん）」といった類似した漢字に注意しましょう。<br>したがって、正解は「着用」になります。
JLPT_N2_LK_Ch_436,言語知識,文字,漢字読み,3,この地域は豊かな水資源と自然環境に<u>恵</u>まれている。,めぐ,えぐ,あぐ,つぐ,めぐ,「恵まれる」の「恵」の正しい読み方は「めぐ」です。良い状態を与えられているという意味です。標準的なレベルの問題です。<br>送り仮名を除いた「めぐ」が正解です。<br>したがって、正解は「めぐ」になります。
JLPT_N2_LK_Ch_437,言語知識,文字,表記,5,裁判において被告の無罪を<u>しょうめい</u>する証拠を提出した。,証明,照明,証名,照名,証明,「しょうめい」の正しい漢字は「証明」です。事実を明らかにすることです。高度で難しいレベルの問題です。<br>「照明（あかり）」は同音異義語のひっかけですので文脈で判断してください。<br>したがって、正解は「証明」になります。
JLPT_N2_LK_Ch_438,言語知識,文字,漢字読み,2,荷物の配送状況をWebサイトで<u>追跡</u>する。,ついせき,ついたち,ついさく,ついたく,ついせき,「追跡」の正しい読み方は「ついせき」です。後を追いかけて調べることを指します。基本的なレベルの問題です。<br>「跡」は「せき」と読みます。<br>したがって、正解は「ついせき」になります。
JLPT_N2_LK_Ch_439,言語知識,文字,表記,4,相手の権利を侵害しないよう配慮しつつ<u>しゅちょう</u>を展開する。,主張,主長,首張,首長,主張,「しゅちょう」の正しい漢字は「主張」です。持論を言い張ることです。発展的なレベルの問題です。<br>「首長（しゅちょう：代表者）」との誤認に気をつけましょう。<br>したがって、正解は「主張」になります。
JLPT_N2_LK_Ch_440,言語知識,文字,漢字読み,3,市場のニーズに迅速に<u>適応</u>することが求められている。,てきおう,てきこう,てきよう,てききょう,てきおう,「適応」の正しい読み方は「てきおう」です。環境や条件によくあてはまることを意味します。標準的なレベルの問題です。<br>「適用（てきよう）」との混同に注意しましょう。<br>したがって、正解は「てきおう」になります。
JLPT_N2_LK_Ch_441,言語知識,文字,表記,1,安全確認をしてから作業を<u>かいし</u>してください。,開始,開市,関始,関市,開始,「かいし」の正しい漢字は「開始」です。物事をはじめることです。とても基礎的なレベルの問題です。<br>「関（かん）」や「市（し）」といった似た漢字との間違いに注意しましょう。<br>したがって、正解は「開始」になります。
JLPT_N2_LK_Ch_442,言語知識,文字,漢字読み,5,急激な需要低下により、事業の継続が<u>危ぶ</u>まれている。,あやぶ,あやう,あやふ,あやみ,あやぶ,「危ぶまれる」の「危」の正しい読みは「あやぶ」です。危ない状態だと思うという意味です。高度で難しいレベルの問題です。<br>「危うい（あやうい）」との送り仮名と読みの違いに注意してください。<br>したがって、正解は「あやぶ」になります。
JLPT_N2_LK_Ch_443,言語知識,文字,表記,2,自分の言動には最後まで<u>せきにん</u>を持ちましょう。,責任,積任,関任,責認,責任,「せきにん」の正しい漢字は「責任」です。自分が引き受けるべき務めや立場のことです。基本的なレベルの問題です。<br>「関（かん）」などの同音異字に気をつけましょう。<br>したがって、正解は「責任」になります。
JLPT_N2_LK_Ch_444,言語知識,文字,漢字読み,4,新しい施策の導入により、業績が大きく<u>飛躍</u>した。,ひやく,ひこう,とやく,とこう,ひやく,「飛躍」の正しい読み方は「ひやく」です。大きく跳び上がることや、急速に進歩・発展することです。応用的なレベルの問題です。<br>「飛」は「ひ」、「躍」は「やく」と読みます。<br>したがって、正解は「ひやく」になります。
JLPT_N2_LK_Ch_445,言語知識,文字,表記,3,状況の変化に応じて柔軟に<u>たいおう</u>する。,対応,待応,帯応,対往,対応,「たいおう」の正しい漢字は「対応」です。周りの状況に合わせて事を行うことです。標準的なレベルの問題です。<br>「帯（たい）」などの似た漢字に注意しましょう。<br>したがって、正解は「対応」になります。
JLPT_N2_LK_Ch_446,言語知識,文字,漢字読み,1,日本の<u>歴史</u>について図書館の資料で調べた。,れきし,りきし,れきじ,りきじ,れきし,「歴史」の正しい読み方は「れきし」です。過去に起こった出来事の移り変わりのことです。とても基礎的なレベルの問題です。<br>「りきし」や「れきじ」などの読み間違いに気をつけましょう。<br>したがって、正解は「れきし」になります。
JLPT_N2_LK_Ch_447,言語知識,文字,表記,5,長年の努力が<u>けつじつ</u>し、大きな成果を収めた。,結実,決実,結日,結身,結実,「けつじつ」の正しい漢字は「結実」です。努力が成果となって現れることです。高度で難しいレベルの問題です。<br>「結」と「実」の漢字のつくりの細部に注意してください。<br>したがって、正解は「結実」になります。
JLPT_N2_LK_Ch_448,言語知識,文字,漢字読み,2,この手続きを行うには事前の<u>許可</u>が必要です。,きょか,ぎょか,きょこう,ぎょこう,きょか,「許可」の正しい読み方は「きょか」です。許すことや認めることを意味します。基本的なレベルの問題です。<br>「きょ」に濁音はつきません。<br>したがって、正解は「きょか」になります。
JLPT_N2_LK_Ch_449,言語知識,文字,表記,4,問題の根本的な解決に向けて<u>ていあん</u>を行う。,提案,提安,定案,定安,提案,「ていあん」の正しい漢字は「提案」です。案や意見を出すことです。発展的なレベルの問題です。<br>「定（てい）」といった同音の漢字に気をつけましょう。<br>したがって、正解は「提案」になります。
JLPT_N2_LK_Ch_450,言語知識,文字,漢字読み,2,このプロジェクトの<u>担当</u>者は山田さんです。,たんとう,たんどう,だんとう,だんどう,たんとう,「担当」の正しい読み方は「たんとう」です。受け持つの意味を表します。基本的なレベルの問題です。<br>「担」も「当」も濁音はつきません。<br>したがって、正解は「たんとう」になります。
JLPT_N2_LK_Ch_451,言語知識,文字,表記,1,体調が悪いときは無理をせず<u>きゅうけい</u>してください。,休憩,究憩,休経,休景,休憩,「きゅうけい」の正しい漢字は「休憩」です。作業の合間に休むことです。とても基礎的なレベルの問題です。<br>「経（けい）」や「景（けい）」などの同音字との間違いに注意しましょう。<br>したがって、正解は「休憩」になります。
JLPT_N2_LK_Ch_452,言語知識,文字,漢字読み,4,相手の不当な要求に対して強く<u>抗議</u>した。,こうぎ,ごうぎ,こうき,ごうき,こうぎ,「抗議」の正しい読み方は「こうぎ」です。反対の意見を強く主張することです。応用的なレベルの問題です。<br>「抗」は「こう」、「議」は濁音の「ぎ」と読みます。<br>したがって、正解は「こうぎ」になります。
JLPT_N2_LK_Ch_453,言語知識,文字,表記,3,売り上げを伸ばすための<u>だかい</u>策を話し合った。,打開,打解,妥開,妥解,打開,「だかい」の正しい漢字は「打開」です。行き詰まった状態を突破することです。標準的なレベルの問題です。<br>「妥協（だきょう）」の「妥」と間違えないように気をつけましょう。<br>したがって、正解は「打開」になります。
JLPT_N2_LK_Ch_454,言語知識,文字,漢字読み,5,過密な業務により心身ともに<u>疲弊</u>してしまった。,ひへい,ひべい,ひほう,ひぼう,ひへい,「疲弊」の正しい読み方は「ひへい」です。心身や勢力が弱り果てることです。高度で難しいレベルの問題です。<br>「弊」は濁らない「へい」と読みます。<br>したがって、正解は「ひへい」になります。
JLPT_N2_LK_Ch_455,言語知識,文字,表記,3,トラブルを未然に防ぐための<u>よぼう</u>策を講じる。,予防,預防,予妨,預妨,予防,「よぼう」の正しい漢字は「予防」です。あらかじめ防ぎ止めることです。標準的なレベルの問題です。<br>「預（よ）」や「妨（ぼう）」との混同に注意しましょう。<br>したがって、正解は「予防」になります。
JLPT_N2_LK_Ch_456,言語知識,文字,漢字読み,1,登山隊は日の出前に<u>出発</u>する計画を立てた。,しゅっぱつ,しゅつはつ,じゅっぱつ,じゅつはつ,しゅっぱつ,「出発」の正しい読み方は「しゅっぱつ」です。目的地へ向かい始めることです。とても基礎的なレベルの問題です。<br>「出」と「発」の間に促音（小さい「つ」）が入ります。<br>したがって、正解は「しゅっぱつ」になります。
JLPT_N2_LK_Ch_457,言語知識,文字,表記,5,彼は文学界の<u>じゅうちん</u>として、若手作家の育成にも尽力した。,重鎮,従鎮,重珍,重陳,重鎮,「じゅうちん」の正しい漢字は「重鎮」です。ある分野で重きをなす重鎮人物のことです。高度で難しいレベルの問題です。<br>「鎮」の漢字のつくり（右側）の表記に注意しましょう。<br>したがって、正解は「重鎮」になります。
JLPT_N2_LK_Ch_458,言語知識,文字,漢字読み,2,非常に危険ですので、非常ボタンに<u>触</u>れないでください。,ふ,ふれ,さわ,さわれ,ふ,「触れる」の「触」の正しい読みは「ふ」です。手で触ることや話題にすることを意味します。基本的なレベルの問題です。<br>送り仮名を除いた「ふ」が正解です。<br>したがって、正解は「ふ」になります。
JLPT_N2_LK_Ch_459,言語知識,文字,表記,4,問題の根本原因を突き止めて<u>はいじょ</u>する。,排除,排徐,拝除,拝徐,排除,「はいじょ」の正しい漢字は「排除」です。取り除いて押しのけることです。発展的なレベルの問題です。<br>「拝（はい）」という形や部首が似た漢字との混同に気をつけましょう。<br>したがって、正解は「排除」になります。
JLPT_N2_LK_Ch_460,言語知識,文字,漢字読み,2,契約を更新する前に、細かな条件を<u>確認</u>した。,かくにん,こうにん,かくれん,こうれん,かくにん,「確認」の正しい読み方は「かくにん」です。確かめて間違いがないか調べることです。基本的なレベルの問題です。<br>「確」は「かく」、「認」は「にん」と読みます。<br>したがって、正解は「かくにん」になります。
JLPT_N2_LK_Ch_461,言語知識,文字,表記,1,新しい製品の<u>はんばい</u>を開始しました。,販売,販買,半売,半買,販売,「はんばい」の正しい漢字は「販売」です。商品を売ることです。とても基礎的なレベルの問題です。<br>「買（かう）」や「半（はん）」などの同音・対義の漢字に注意しましょう。<br>したがって、正解は「販売」になります。
JLPT_N2_LK_Ch_462,言語知識,文字,漢字読み,4,法人の経営状態を改善するため、組織の<u>再編</u>を行った。,さいへん,さいべん,さへん,さべん,さいへん,「再編」の正しい読み方は「さいへん」です。再び編制し直すことを意味します。応用的なレベルの問題です。<br>「再」は「さい」、「編」は半濁音にならない「へん」と読みます。<br>したがって、正解は「さいへん」になります。
JLPT_N2_LK_Ch_463,言語知識,文字,表記,3,苦情対応窓口では、担当者が一件ずつ丁寧に<u>たいおう</u>している。,対応,待応,帯応,対往,対応,「たいおう」の正しい漢字は「対応」です。周りの状況に合わせて物事を行うことです。標準的なレベルの問題です。<br>「帯（たい）」など同音の漢字に気をつけましょう。<br>したがって、正解は「対応」になります。
JLPT_N2_LK_Ch_464,言語知識,文字,漢字読み,5,急激な環境の変化に順応できず、計画が<u>破綻</u>した。,はたん,はじょう,ばたん,ばじょう,はたん,「破綻」の正しい読み方は「はたん」です。物事の成り立ちが破れて破滅することです。高度で難しいレベルの問題です。<br>「綻」は「たん」と読みます。「じょう」などの誤読に注意しましょう。<br>したがって、正解は「破綻」になります。
JLPT_N2_LK_Ch_465,言語知識,文字,表記,2,事故の発生を防ぐために<u>てんけん</u>を欠かさない。,点検,点権,転検,転権,点検,「てんけん」の正しい漢字は「点検」です。一つひとつ検査して確認することです。基本的なレベルの問題です。<br>「転（てん）」や「権（けん）」などの誤字に気をつけましょう。<br>したがって、正解は「点検」になります。
JLPT_N2_LK_Ch_466,言語知識,文字,漢字読み,1,日本の<u>歴史</u>について詳しく調査した。,れきし,りきし,れきじ,りきじ,れきし,「歴史」の正しい読み方は「れきし」です。過去に起こった出来事の移り変わりのことです。とても基礎的なレベルの問題です。<br>「りきし」や「れきじ」などの読み間違いに気をつけましょう。<br>したがって、正解は「れきし」になります。
JLPT_N2_LK_Ch_467,言語知識,文字,表記,5,裁判所で被告の無罪を<u>しょうめい</u>するための証拠を出した。,証明,照明,証名,照名,証明,「しょうめい」の正しい漢字は「証明」です。ある事実が本当であることを明らかにすることです。高度で難しいレベルの問題です。<br>「照明（あかり）」などの同音異義語に注意しましょう。<br>したがって、正解は「証明」になります。
JLPT_N2_LK_Ch_468,言語知識,文字,漢字読み,3,この地方は豊富な地下水に<u>恵</u>まれ、酒造りが古くから盛んだ。,めぐ,えぐ,あぐ,つぐ,めぐ,「恵まれる」の「恵」の正しい読み方は「めぐ」です。良い状態を与えられるという意味です。標準的なレベルの問題です。<br>送り仮名を除いた「めぐ」が正解です。<br>したがって、正解は「めぐ」になります。
JLPT_N2_LK_Ch_469,言語知識,文字,表記,4,相手の意見を尊重しつつ、こちらの<u>しゅちょう</u>も明確に伝えた。,主張,主長,首張,首長,主張,「しゅちょう」の正しい漢字は「主張」です。持論や意見を言い張ることです。発展的なレベルの問題です。<br>「首長（しゅちょう：代表者）」との混同に気をつけましょう。<br>したがって、正解は「主張」になります。
JLPT_N2_LK_Ch_470,言語知識,文字,漢字読み,3,市場の急激な変化に対し、事業構造を<u>転換</u>する必要がある。,てんかん,てんこう,でんかん,でんこう,てんかん,「転換」の正しい読み方は「てんかん」です。方針や状態を別の方向に切り替えることを指します。標準的なレベルの問題です。<br>「転」は「てん」、「換」は「かん」と読みます。<br>したがって、正解は「てんかん」になります。
JLPT_N2_LK_Ch_471,言語知識,文字,表記,1,プールに入る際は水泳帽の<u>ちゃくよう</u>が義務付けられている。,着用,着様,千用,千様,着用,「ちゃくよう」の正しい漢字は「着用」です。衣服や保護具を身につけることです。とても基礎的なレベルの問題です。<br>「様（よう）」や「千（せん）」といった形の似た漢字に気をつけましょう。<br>したがって、正解は「着用」になります。
JLPT_N2_LK_Ch_472,言語知識,文字,漢字読み,5,過密なスケジュールが仇となり、プロジェクトの進行が<u>破綻</u>した。,はたん,はじょう,ばたん,ばじょう,はたん,「破綻」の正しい読み方は「はたん」です。物事の成り立ちが破れて破滅することです。高度で難しいレベルの問題です。<br>「綻」は「たん」と読みます。「じょう」などの誤読に注意してください。<br>したがって、正解は「破綻」になります。
JLPT_N2_LK_Ch_473,言語知識,文字,表記,2,事故を防ぐため、機械の定期的な<u>てんけん</u>を怠らないでください。,点検,点権,転検,転権,点検,「てんけん」の正しい漢字は「点検」です。一つひとつ確かめて調べることです。基本的なレベルの問題です。<br>「転（てん）」や「権（けん）」などの同音字に注意しましょう。<br>したがって、正解は「点検」になります。
JLPT_N2_LK_Ch_474,言語知識,文字,漢字読み,4,新しい技術の導入によって、生産効率が<u>飛躍</u>的に向上した。,ひやく,ひこう,とやく,とこう,ひやく,「飛躍」の正しい読み方は「ひやく」です。大きく跳び上がることや急速に進歩・発展することです。応用的なレベルの問題です。<br>「飛」は「ひ」、「躍」は「やく」と読みます。<br>したがって、正解は「ひやく」になります。
JLPT_N2_LK_Ch_475,言語知識,文字,表記,3,自分の発言には、最後まで<u>せきにん</u>を持つべきです。,責任,積任,関任,責認,責任,「せきにん」の正しい漢字は「責任」です。自分が引き受けるべき務めや立場のことです。標準的なレベルの問題です。<br>「関（かん）」などの漢字と間違えないようにしましょう。<br>したがって、正解は「責任」になります。
JLPT_N2_LK_Ch_476,言語知識,文字,漢字読み,1,日本の<u>歴史</u>について図書館で詳しく調べました。,れきし,りきし,れきじ,りきじ,れきし,「歴史」の正しい読み方は「れきし」です。過去に起こった出来事の移り変わりのことです。とても基礎的なレベルの問題です。<br>「りきし」や「れきじ」などの読み間違いに注意しましょう。<br>したがって、正解は「れきし」になります。
JLPT_N2_LK_Ch_477,言語知識,文字,表記,5,法廷で被告の無罪を<u>しょうめい</u>するための証拠を提示した。,証明,照明,証名,照名,証明,「しょうめい」の正しい漢字は「証明」です。ある事実が本当であることを明らかにすることです。高度で難しいレベルの問題です。<br>「照明（あかり）」などの同音異義語に気をつけましょう。<br>したがって、正解は「証明」になります。
JLPT_N2_LK_Ch_478,言語知識,文字,漢字読み,2,この手続きを行うにあたっては、事前の<u>許可</u>が必要です。,きょか,ぎょか,きょこう,ぎょこう,きょか,「許可」の正しい読み方は「きょか」です。望みの行為を認めて許すことです。基本的なレベルの問題です。<br>「きょ」に濁音はつきません。<br>したがって、正解は「きょか」になります。
JLPT_N2_LK_Ch_479,言語知識,文字,表記,4,相手の主張を尊重しつつ、こちらの<u>しゅちょう</u>も明確に伝えた。,主張,主長,首張,首長,主張,「しゅちょう」の正しい漢字は「主張」です。持論や意見を強く言い張ることです。発展的なレベルの問題です。<br>「首長（しゅちょう：集団のリーダー）」との書き間違いに注意してください。<br>したがって、正解は「主張」になります。
JLPT_N2_LK_Ch_480,言語知識,文字,漢字読み,2,展示品には手を<u>触</u>れないよう注意書きがされている。,ふ,ふれ,さわ,さわれ,ふ,「触れる」の「触」の正しい読み方は「ふ」です。手などで触ることや、話題にするという意味があります。基本的なレベルの問題です。<br>送り仮名の「れる」を除いた「ふ」が正解です。「さわる」との混同に注意しましょう。<br>したがって、正解は「ふ」になります。
JLPT_N2_LK_Ch_481,言語知識,文字,表記,1,この地域限定の商品は、来月から<u>はんばい</u>される予定だ。,販売,販買,半売,半買,販売,「はんばい」の正しい漢字は「販売」です。商品を売ることです。とても基礎的なレベルの問題です。<br>「買（かう）」や「半（はん）」などの同音・対義の漢字に注意しましょう。<br>したがって、正解は「販売」になります。
JLPT_N2_LK_Ch_482,言語知識,文字,漢字読み,4,長年の交渉を経て、両国の間で新たな条約が<u>締結</u>された。,ていけつ,ていげつ,でいけつ,たいけつ,ていけつ,「締結」の正しい読み方は「ていけつ」です。約束や契約を結ぶことです。応用的なレベルの問題です。<br>「締」は濁音のつかない「てい」と読みます。<br>したがって、正解は「ていけつ」になります。
JLPT_N2_LK_Ch_483,言語知識,文字,表記,3,交渉が行き詰まる中、若手社員が意外な<u>だかい</u>策を提案した。,打開,打解,妥開,妥解,打開,「だかい」の正しい漢字は「打開」です。行き詰まった状況を打ち破って解決に向かわせることです。標準的なレベルの問題です。<br>「妥協（だきょう）」の「妥」との間違いに注意してください。<br>したがって、正解は「打開」になります。
JLPT_N2_LK_Ch_484,言語知識,文字,漢字読み,5,長引く不況により、地方経済は<u>疲弊</u>しきっている。,ひへい,ひべい,ひほう,ひぼう,ひへい,「疲弊」の正しい読み方は「ひへい」です。心身や勢力が使い果たされて弱ることです。高度で難しいレベルの問題です。<br>「弊」は「へい」と読みます。濁音（べい）と間違えないように気をつけましょう。<br>したがって、正解は「ひへい」になります。
JLPT_N2_LK_Ch_485,言語知識,文字,表記,3,クレームには誠実に<u>たいおう</u>することが信頼につながる。,対応,待応,帯応,対往,対応,「たいおう」の正しい漢字は「対応」です。周りの状況に合わせて事を行うことです。標準的なレベルの問題です。<br>「帯（たい）」などの似た漢字に注意しましょう。<br>したがって、正解は「対応」になります。
JLPT_N2_LK_Ch_486,言語知識,文字,漢字読み,1,彼女は週末、家で古い<u>映画</u>を鑑賞するのが好きだ。,えいが,えいか,えこう,えきょう,えいが,「映画」の正しい読み方は「えいが」です。スクリーンに映して見せる映像作品のことです。とても基礎的なレベルの問題です。<br>「画」は濁音のつく「が」と読みます。<br>したがって、正解は「えいが」になります。
JLPT_N2_LK_Ch_487,言語知識,文字,表記,5,長年の研究成果によって業界に多大な<u>こうせき</u>を残した。,功績,功積,公績,公積,功績,「こうせき」の正しい漢字は「功績」です。成し遂げた素晴らしい成果や手柄のことです。高度で難しいレベルの問題です。<br>「公（こう）」や「積（せき）」といった同じ読み方の漢字との混同に気をつけましょう。<br>したがって、正解は「功績」になります。
JLPT_N2_LK_Ch_488,言語知識,文字,漢字読み,2,警察は逃走した車両をヘリコプターで<u>追跡</u>した。,ついせき,ついたち,ついさく,ついたく,ついせき,「追跡」の正しい読み方は「ついせき」です。物の行方や人のあとを追いかけて調べることです。基本的なレベルの問題です。<br>「跡」は「せき」と読みます。「たち」と間違えないようにしましょう。<br>したがって、正解は「ついせき」になります。
JLPT_N2_LK_Ch_489,言語知識,文字,表記,4,新政権は税制の<u>かいかく</u>を最優先課題に掲げた。,改革,改画,開革,開画,改革,「かいかく」の正しい漢字は「改革」です。従来の制度や状態をあらためて新しくすることです。発展的なレベルの問題です。<br>「開（かい）」や「画（かく）」といった同音の漢字に気をつけましょう。<br>したがって、正解は「改革」になります。
JLPT_N2_LK_Ch_490,言語知識,文字,漢字読み,2,トラブルの拡大を防ぐため、速やかに<u>対応</u>した。,たいおう,だいおう,たいこう,だいこう,たいおう,「対応」の正しい読み方は「たいおう」です。周囲の状況に合わせて物事を処理することを意味します。基本的なレベルの問題です。<br>「対」は「たい」、「応」は「おう」と読みます。<br>したがって、正解は「たいおう」になります。
JLPT_N2_LK_Ch_491,言語知識,文字,表記,1,長時間の運転では、こまめに<u>きゅうけい</u>を取ることが推奨される。,休憩,究憩,休経,休景,休憩,「きゅうけい」の正しい漢字は「休憩」です。作業の合間に休むことです。とても基礎的なレベルの問題です。<br>「経（けい）」や「景（けい）」などの同音字との間違いに注意しましょう。<br>したがって、正解は「休憩」になります。
JLPT_N2_LK_Ch_492,言語知識,文字,漢字読み,4,住民たちは工事の騒音問題について市役所に<u>抗議</u>した。,こうぎ,ごうぎ,こうき,ごうき,こうぎ,「抗議」の正しい読み方は「こうぎ」です。反対の意見や異議を強く主張することです。応用的なレベルの問題です。<br>「抗」は「こう」、「議」は濁音の「ぎ」と読みます。<br>したがって、正解は「抗議」になります。
JLPT_N2_LK_Ch_493,言語知識,文字,表記,3,状況に応じて柔軟に<u>ちょうせい</u>を行ってください。,調整,頂整,調政,頂政,調整,「ちょうせい」の正しい漢字は「調整」です。具合や条件を整えて調和させることです。標準的なレベルの問題です。<br>「頂（ちょう）」や「政（せい）」といった同じ読み方の漢字に注意しましょう。<br>したがって、正解は「調整」になります。
JLPT_N2_LK_Ch_494,言語知識,文字,漢字読み,5,大雪の影響で、都心の交通網は完全に<u>麻痺</u>した。,まひ,まぴ,まんひ,まんぴ,まひ,「麻痺」の正しい読み方は「まひ」です。機能が一時的または永久に停止して働かなくなることです。高度で難しいレベルの問題です。<br>「麻」は「ま」、「痺」は「ひ」と読みます。<br>したがって、正解は「まひ」になります。
JLPT_N2_LK_Ch_495,言語知識,文字,表記,3,自分の発言には最後まで<u>せきにん</u>を持つべきです。,責任,積任,関任,責認,責任,「せきにん」の正しい漢字は「責任」です。自分が引き受けるべき務めや立場のことです。標準的なレベルの問題です。<br>「関（かん）」などの同音異字に気をつけましょう。<br>したがって、正解は「責任」になります。
JLPT_N2_LK_Ch_496,言語知識,文字,漢字読み,1,彼女は日本の<u>歴史</u>に興味を持ち、独学で研究を続けている。,れきし,りきし,れきじ,りきじ,れきし,「歴史」の正しい読み方は「れきし」です。過去に起こった出来事の移り変わりのことです。とても基礎的なレベルの問題です。<br>「りきし」や「れきじ」などの読み間違いに注意しましょう。<br>したがって、正解は「れきし」になります。
JLPT_N2_LK_Ch_497,言語知識,文字,表記,5,労使間の対立を解消するため、第三者による<u>ちょうてい</u>が行われた。,調停,長停,調低,調底,調停,「ちょうてい」の正しい漢字は「調停」です。争っている双方の間に立って和解させることです。高度で難しいレベルの問題です。<br>「低（てい）」などの部首や同音異字に気をつけましょう。<br>したがって、正解は「調停」になります。
JLPT_N2_LK_Ch_498,言語知識,文字,漢字読み,2,校外学習に参加するには保護者の<u>許可</u>が必要だ。,きょか,ぎょか,きょこう,ぎょこう,きょか,「許可」の正しい読み方は「きょか」です。望みの行為を認めて許すことです。基本的なレベルの問題です。<br>「きょ」に濁音はつきません。<br>したがって、正解は「きょか」になります。
JLPT_N2_LK_Ch_499,言語知識,文字,表記,4,会議では感情論を<u>はいじょ</u>し、データに基づいた議論を行った。,排除,排徐,拝除,拝徐,排除,「はいじょ」の正しい漢字は「排除」です。押しのけて取り除くことです。発展的なレベルの問題です。<br>「拝（はい）」という部首や形の似ている漢字に注意しましょう。<br>したがって、正解は「排除」になります。
JLPT_N2_LK_Ch_500,言語知識,文字,漢字読み,1,空港には、<u>出発</u>の2時間前に到着するようにしている。,しゅっぱつ,しゅつはつ,じゅっぱつ,じゅつはつ,しゅっぱつ,「出発」の正しい読み方は「しゅっぱつ」です。目的地に向かって出かけることです。とても基礎的なレベルの問題です。<br>「出」と「発」の間に促音（小さい「つ」）が入ります。<br>したがって、正解は「しゅっぱつ」になります。
JLPT_N2_LK_Ch_501,言語知識,文字,表記,3,緊急事態が発生した際は、マニュアルに従って<u>たいおう</u>する。,対応,待応,帯応,対往,対応,「たいおう」の正しい漢字は「対応」です。周りの状況に合わせて事を行うことです。標準的なレベルの問題です。<br>「帯（たい）」などの似た漢字に注意しましょう。<br>したがって、正解は「対応」になります。
JLPT_N2_LK_Ch_502,言語知識,文字,漢字読み,5,無理な返済計画を立てたことで、家計が<u>破綻</u>してしまった。,はたん,はじょう,ばたん,ばじょう,はたん,「破綻」の正しい読み方は「はたん」です。物事の成り立ちが破れてうまくいかなくなることです。高度で難しいレベルの問題です。<br>「綻」は「たん」と読みます。「じょう」などの誤読に気をつけましょう。<br>したがって、正解は「破綻」になります。
JLPT_N2_LK_Ch_503,言語知識,文字,表記,2,台風シーズン前に、屋根や排水溝の<u>てんけん</u>を済ませておこう。,点検,点権,転検,転権,点検,「てんけん」の正しい漢字は「点検」です。一つひとつ検査して調べることです。基本的なレベルの問題です。<br>「転（てん）」や「権（けん）」などの漢字を使ったひっかけに注意しましょう。<br>したがって、正解は「点検」になります。
JLPT_N2_LK_Ch_504,言語知識,文字,漢字読み,4,この選手は移籍先のチームで才能を<u>飛躍</u>させた。,ひやく,ひこう,とやく,とこう,ひやく,「飛躍」の正しい読み方は「ひやく」です。大きく跳び上がることや、急速に進歩・発展することです。応用的なレベルの問題です。<br>「飛」は「ひ」、「躍」は「やく」と読みます。<br>したがって、正解は「飛躍」になります。
JLPT_N2_LK_Ch_505,言語知識,文字,表記,1,フリーマーケットで手作りのアクセサリーを<u>はんばい</u>した。,販売,販買,半売,半買,販売,「はんばい」の正しい漢字は「販売」です。商品を売ることです。とても基礎的なレベルの問題です。<br>「買（かう）」や「半（はん）」などの同音・対義の漢字に注意しましょう。<br>したがって、正解は「販売」になります。
JLPT_N2_LK_Ch_506,言語知識,文字,漢字読み,3,彼女はチャンスに<u>恵</u>まれ、若くして海外での活躍の場を得た。,めぐ,えぐ,あぐ,つぐ,めぐ,「恵まれる」の「恵」の正しい読み方は「めぐ」です。良い状態を与えられているという意味です。標準的なレベルの問題です。<br>送り仮名を除いた「めぐ」が正解です。<br>したがって、正解は「めぐ」になります。
JLPT_N2_LK_Ch_507,言語知識,文字,表記,5,パスポートは本人であることを<u>しょうめい</u>する公的な書類である。,証明,照明,証名,照名,証明,「しょうめい」の正しい漢字は「証明」です。ある事実が本当であることを明らかにすることです。高度で難しいレベルの問題です。<br>「照明（あかり）」は同じ読み方のひっかけですので、文脈で判断しましょう。<br>したがって、正解は「証明」になります。
JLPT_N2_LK_Ch_508,言語知識,文字,漢字読み,2,撮影を行うには施設の管理者から<u>許可</u>を得なければならない。,きょか,ぎょか,きょこう,ぎょこう,きょか,「許可」の正しい読み方は「きょか」です。許すことや認めることを意味します。基本的なレベルの問題です。<br>「きょ」に濁音はつきません。<br>したがって、正解は「きょか」になります。
JLPT_N2_LK_Ch_509,言語知識,文字,表記,4,取引先との商談では、価格面でこちらの<u>しゅちょう</u>を丁寧に説明した。,主張,主長,首張,首長,主張,「しゅちょう」の正しい漢字は「主張」です。自分の意見や持論を強く言い張ることです。発展的なレベルの問題です。<br>「首長（しゅちょう：集団のリーダー）」との書き間違いに注意しましょう。<br>したがって、正解は「主張」になります。
JLPT_N2_LK_Ch_510,言語知識,文字,漢字読み,2,天候の悪化により、イベントの開催場所が<u>変更</u>された。,へんこう,へんきょう,ほうこう,ほうきょう,へんこう,「変更」の正しい読み方は「へんこう」です。決められていた内容を変えることです。基本的なレベルの問題です。<br>「変」は「へん」、「更」は「こう」と読みます。<br>したがって、正解は「へんこう」になります。
JLPT_N2_LK_Ch_511,言語知識,文字,表記,1,工場では2時間ごとに10分間の<u>きゅうけい</u>が設けられている。,休憩,究憩,休経,休景,休憩,「きゅうけい」の正しい漢字は「休憩」です。作業の合間に休むことです。とても基礎的なレベルの問題です。<br>「経（けい）」や「景（けい）」などの同音字との間違いに注意しましょう。<br>したがって、正解は「休憩」になります。
JLPT_N2_LK_Ch_512,言語知識,文字,漢字読み,4,業績不振を受け、会社は事業部門の<u>再編</u>を決定した。,さいへん,さいべん,さへん,さべん,さいへん,「再編」の正しい読み方は「さいへん」です。再び編制し直すことを意味します。応用的なレベルの問題です。<br>「再」は「さい」、「編」は半濁音にならない「へん」と読みます。<br>したがって、正解は「さいへん」になります。
JLPT_N2_LK_Ch_513,言語知識,文字,表記,3,異文化を<u>りかい</u>するためには、まず現地の習慣を学ぶことが大切だ。,理解,理改,利解,利改,理解,「りかい」の正しい漢字は「理解」です。物事の意味や理由を正しく分かって受け入れることです。標準的なレベルの問題です。<br>「利（り）」や「改（かい）」といった同じ読み方の漢字に注意しましょう。<br>したがって、正解は「理解」になります。
JLPT_N2_LK_Ch_514,言語知識,文字,漢字読み,5,連日の残業で、社員たちは心身ともに<u>疲弊</u>している。,ひへい,ひべい,ひほう,ひぼう,ひへい,「疲弊」の正しい読み方は「ひへい」です。心身や勢力が使い果たされて弱ることです。高度で難しいレベルの問題です。<br>「弊」は「へい」と読みます。濁音（べい）と間違えないように気をつけましょう。<br>したがって、正解は「ひへい」になります。
JLPT_N2_LK_Ch_515,言語知識,文字,表記,2,夕食後に犬と近所を<u>さんぽ</u>するのが日課になっている。,散歩,参歩,散布,産歩,散歩,「さんぽ」の正しい漢字は「散歩」です。気晴らしや健康のために歩くことです。基本的なレベルの問題です。<br>「布（ふ）」などの似ている漢字との間違いに注意してください。<br>したがって、正解は「散歩」になります。
JLPT_N2_LK_Ch_516,言語知識,文字,漢字読み,1,引っ越し先の近くには広い<u>公園</u>があり、子どもたちも気に入っている。,こうえん,ごうえん,こうえんじ,ごうえんじ,こうえん,「公園」の正しい読み方は「こうえん」です。公共の休息や散歩のための場所を指します。とても基礎的なレベルの問題です。<br>「公」に濁音はつきません。<br>したがって、正解は「こうえん」になります。
JLPT_N2_LK_Ch_517,言語知識,文字,表記,5,長年の功績が認められ、業界の<u>じゅうちん</u>としてたたえられた。,重鎮,従鎮,重珍,重陳,重鎮,「じゅうちん」の正しい漢字は「重鎮」です。ある分野で重きをなす重鎮人物のことです。高度で難しいレベルの問題です。<br>「鎮」の漢字のつくり（右側）の表記に注意しましょう。<br>したがって、正解は「重鎮」になります。
JLPT_N2_LK_Ch_518,言語知識,文字,漢字読み,3,この会社はアジア各国に生産<u>拠点</u>を展開している。,きょてん,きょでん,こてん,こでん,きょてん,「拠点」の正しい読み方は「きょてん」です。活動の中心となる重要な場所のことです。標準的なレベルの問題です。<br>「拠」は「きょ」と読みます。「こ」と間違えないようにしましょう。<br>したがって、正解は「きょてん」になります。
JLPT_N2_LK_Ch_519,言語知識,文字,表記,4,学校教育の<u>かいかく</u>をめぐり、有識者の間で議論が交わされている。,改革,改画,開革,開画,改革,「かいかく」の正しい漢字は「改革」です。従来の制度や状態をあらためて新しくすることです。発展的なレベルの問題です。<br>「開（かい）」や「画（かく）」といった同音の漢字に気をつけましょう。<br>したがって、正解は「改革」になります。
JLPT_N2_LK_Ch_520,言語知識,文字,漢字読み,4,長年の交渉を経て、双方の主張が<u>合致</u>した。,がっち,ごっち,がち,ごち,がっち,「合致」の正しい読み方は「がっち」です。ぴったり一致することを意味します。応用的なレベルの問題です。<br>「合」は「がっ」、「致」は「ち」と読みます。<br>したがって、正解は「がっち」になります。
JLPT_N2_LK_Ch_521,言語知識,文字,表記,1,新学期のオリエンテーションは午前9時に<u>かいし</u>された。,開始,開市,関始,関市,開始,「かいし」の正しい漢字は「開始」です。物事をはじめることです。とても基礎的なレベルの問題です。<br>「関（かん）」や「市（し）」といった似た漢字との間違いに注意しましょう。<br>したがって、正解は「開始」になります。
JLPT_N2_LK_Ch_522,言語知識,文字,漢字読み,2,急な予定が入ったため、日程を<u>変更</u>した。,へんこう,へんきょう,ほうこう,ほうきょう,へんこう,「変更」の正しい読み方は「へんこう」です。決められていた内容を変えることです。基本的なレベルの問題です。<br>「変」は「へん」、「更」は「こう」と読みます。<br>したがって、正解は「へんこう」になります。
JLPT_N2_LK_Ch_523,言語知識,文字,表記,5,離婚をめぐる争いは、家庭裁判所の<u>ちょうてい</u>に委ねられた。,調停,長停,調低,調底,調停,「ちょうてい」の正しい漢字は「調停」です。争っている双方の間に立って和解させることです。高度で難しいレベルの問題です。<br>「低（てい）」などの部首や同音異字に気をつけましょう。<br>したがって、正解は「調停」になります。
JLPT_N2_LK_Ch_524,言語知識,文字,漢字読み,3,このワイナリーは、昼夜の寒暖差が大きい気候に<u>恵</u>まれている。,めぐ,えぐ,あぐ,つぐ,めぐ,「恵まれる」の「恵」の正しい読み方は「めぐ」です。良い状態や環境を与えられるという意味です。標準的なレベルの問題です。<br>送り仮名を除いた「めぐ」が正解です。<br>したがって、正解は「めぐ」になります。
JLPT_N2_LK_Ch_525,言語知識,文字,表記,2,保護者には子どもの安全を守る<u>せきにん</u>がある。,責任,積任,関任,責認,責任,「せきにん」の正しい漢字は「責任」です。自分が引き受けるべき務めや立場のことです。基本的なレベルの問題です。<br>「関（かん）」など同じ読み方の別の漢字と間違えないようにしましょう。<br>したがって、正解は「責任」になります。
JLPT_N2_LK_Ch_526,言語知識,文字,漢字読み,5,意見の対立が深まり、二人の関係はついに<u>破綻</u>した。,はたん,はじょう,ばたん,ばじょう,はたん,「破綻」の正しい読み方は「はたん」です。物事の成り立ちが破れてうまくいかなくなることです。高度で難しいレベルの問題です。<br>「綻」は「たん」と読みます。「じょう」などの誤読に気をつけましょう。<br>したがって、正解は「破綻」になります。
JLPT_N2_LK_Ch_527,言語知識,文字,表記,4,不正な取引を<u>はいじょ</u>するため、内部監査を強化した。,排除,排徐,拝除,拝徐,排除,「はいじょ」の正しい漢字は「排除」です。押しのけて取り除くことです。発展的なレベルの問題です。<br>「拝（はい）」という部首や形の似ている漢字に注意しましょう。<br>したがって、正解は「排除」になります。
JLPT_N2_LK_Ch_528,言語知識,文字,漢字読み,1,この寺院は千年以上の<u>歴史</u>を刻んできた由緒ある場所だ。,れきし,りきし,れきじ,りきじ,れきし,「歴史」の正しい読み方は「れきし」です。過去に起こった出来事の移り変わりのことです。とても基礎的なレベルの問題です。<br>「りきし」や「れきじ」などの読み間違いに気をつけましょう。<br>したがって、正解は「れきし」になります。
JLPT_N2_LK_Ch_529,言語知識,文字,表記,3,会議の参加人数に合わせて、会場のレイアウトを<u>ちょうせい</u>した。,調整,頂整,調政,頂政,調整,「ちょうせい」の正しい漢字は「調整」です。具合や条件を整えて調和させることです。標準的なレベルの問題です。<br>「頂（ちょう）」や「政（せい）」といった同じ読み方の漢字に注意しましょう。<br>したがって、正解は「調整」になります。
JLPT_N2_LK_Ch_530,言語知識,文字,漢字読み,3,急速な都市化に伴い、周辺地域の環境破壊が<u>懸念</u>されている。,けねん,けんねん,けいねん,かんねん,けねん,「懸念」の正しい読み方は「けねん」です。気にかかって不安に思うことを意味します。標準的なレベルの問題です。<br>「懸」は「け」、「念」は「ねん」と読みます。<br>したがって、正解は「けねん」になります。
JLPT_N2_LK_Ch_531,言語知識,文字,表記,1,期間限定のグッズは、公式サイトのみで<u>はんばい</u>されている。,販売,販買,半売,半買,販売,「はんばい」の正しい漢字は「販売」です。商品を売ることです。とても基礎的なレベルの問題です。<br>「買（かう）」や「半（はん）」などの同音・対義の漢字に注意しましょう。<br>したがって、正解は「販売」になります。
JLPT_N2_LK_Ch_532,言語知識,文字,漢字読み,5,事故の原因究明に向けて、専門家による<u>検証</u>が行われた。,けんしょう,けんじょう,かんしょう,かんじょう,けんしょう,「検証」の正しい読み方は「けんしょう」です。実際に調べて事実を証明することです。高度で難しいレベルの問題です。<br>「証」は濁らない「しょう」と読みます。<br>したがって、正解は「けんしょう」になります。
JLPT_N2_LK_Ch_533,言語知識,文字,表記,2,作業に入る前に、安全基準をしっかりと<u>かくにん</u>してください。,確認,確任,確忍,確人,確認,「かくにん」の正しい漢字は「確認」です。確かめて間違いがないか調べることです。基本的なレベルの問題です。<br>「忍（にん）」という似ている漢字のひっかけに注意してください。<br>したがって、正解は「確認」になります。
JLPT_N2_LK_Ch_534,言語知識,文字,漢字読み,4,市町村合併に伴い、行政区画の<u>再編</u>が行われた。,さいへん,さいべん,さへん,さべん,さいへん,「再編」の正しい読み方は「さいへん」です。再び編制し直すことを意味します。応用的なレベルの問題です。<br>「再」は「さい」、「編」は半濁音にならない「へん」と読みます。<br>したがって、正解は「さいへん」になります。
JLPT_N2_LK_Ch_535,言語知識,文字,表記,3,チームは劣勢を<u>だかい</u>するため、戦術を大きく変更した。,打開,打解,妥開,妥解,打開,「だかい」の正しい漢字は「打開」です。行き詰まった状況を打ち破って解決に向かわせることです。標準的なレベルの問題です。<br>「妥協（だきょう）」の「妥」との間違いに注意してください。<br>したがって、正解は「打開」になります。
JLPT_N2_LK_Ch_536,言語知識,文字,漢字読み,1,桜の季節になると、この<u>公園</u>は多くの花見客でにぎわう。,こうえん,ごうえん,こうえんじ,ごうえんじ,こうえん,「公園」の正しい読み方は「こうえん」です。公共の休息や散歩のための場所を指します。とても基礎的なレベルの問題です。<br>「公」に濁音はつきません。<br>したがって、正解は「こうえん」になります。
JLPT_N2_LK_Ch_537,言語知識,文字,表記,5,実験データは、この仮説が正しいことを<u>しょうめい</u>している。,証明,照明,証名,照名,証明,「しょうめい」の正しい漢字は「証明」です。ある事実が本当であることを明らかにすることです。高度で難しいレベルの問題です。<br>「照明（あかり）」は同じ読み方のひっかけですので、文脈で判断しましょう。<br>したがって、正解は「証明」になります。
JLPT_N2_LK_Ch_538,言語知識,文字,漢字読み,2,海外への長期出張には会社の正式な<u>許可</u>が求められる。,きょか,ぎょか,きょこう,ぎょこう,きょか,「許可」の正しい読み方は「きょか」です。許すことや認めることを意味します。基本的なレベルの問題です。<br>「きょ」に濁音はつきません。<br>したがって、正解は「きょか」になります。
JLPT_N2_LK_Ch_539,言語知識,文字,表記,4,労働組合は賃上げを<u>しゅちょう</u>して会社側と交渉した。,主張,主長,首張,首長,主張,「しゅちょう」の正しい漢字は「主張」です。自分の意見や持論を強く言い張ることです。発展的なレベルの問題です。<br>「首長（しゅちょう：集団のリーダー）」との書き間違いに注意しましょう。<br>したがって、正解は「主張」になります。
JLPT_N2_LK_Ch_540,言語知識,文字,漢字読み,2,急な天候の悪化に伴い、イベントを一時<u>中断</u>した。,ちゅうだん,ちゅうたん,じゅうだん,じゅうたん,ちゅうだん,「中断」の正しい読み方は「ちゅうだん」です。途中で取りやめることを意味します。基本的なレベルの問題です。<br>「中」は「ちゅう」、「断」は「だん」と読みます。<br>したがって、正解は「ちゅうだん」になります。
JLPT_N2_LK_Ch_541,言語知識,文字,表記,1,工場内では安全靴の<u>ちゃくよう</u>が徹底されている。,着用,着様,千用,千様,着用,「ちゃくよう」の正しい漢字は「着用」です。衣服や保護具を身につけることです。とても基礎的なレベルの問題です。<br>「様（よう）」や「千（せん）」といった類似した漢字に注意しましょう。<br>したがって、正解は「着用」になります。
JLPT_N2_LK_Ch_542,言語知識,文字,漢字読み,4,長年の交渉を経て、ようやく協定が<u>締結</u>された。,ていけつ,ていげつ,でいけつ,たいけつ,ていけつ,「締結」の正しい読み方は「ていけつ」です。契約や条約を結ぶことを指します。応用的なレベルの問題です。<br>「締」は濁音のつかない「てい」と読みます。<br>したがって、正解は「ていけつ」になります。
JLPT_N2_LK_Ch_543,言語知識,文字,表記,3,売り上げ向上を目指して、新しいマーケティング施策を<u>てんかい</u>する。,展開,展改,転開,転改,展開,「てんかい」の正しい漢字は「展開」です。広げて繰り広げることです。標準的なレベルの問題です。<br>「転（てん）」や「改（かい）」などの漢字混同に注意しましょう。<br>したがって、正解は「展開」になります。
JLPT_N2_LK_Ch_544,言語知識,文字,漢字読み,5,管理体制の不備から、計画の根幹が<u>破綻</u>してしまった。,はたん,はじょう,ばたん,ばじょう,はたん,「破綻」の正しい読み方は「はたん」です。成り立ちが破れてうまくいかなくなることです。高度で難しいレベルの問題です。<br>「綻」は「たん」と読みます。<br>したがって、正解は「破綻」になります。
JLPT_N2_LK_Ch_545,言語知識,文字,表記,2,新幹線は運行の合間に細かな<u>てんけん</u>を受けている。,点検,点権,転検,転権,点検,「てんけん」の正しい漢字は「点検」です。一つひとつ検査して調べることです。基本的なレベルの問題です。<br>「転（てん）」や「権（けん）」などの誤字に気をつけましょう。<br>したがって、正解は「点検」になります。
JLPT_N2_LK_Ch_546,言語知識,文字,漢字読み,1,この会社は創業から100年を超える<u>歴史</u>を持っている。,れきし,りきし,れきじ,りきじ,れきし,「歴史」の正しい読み方は「れきし」です。過去に起こった出来事の移り変わりのことです。とても基礎的なレベルの問題です。<br>「りきし」や「れきじ」などの読み間違いに気をつけましょう。<br>したがって、正解は「れきし」になります。
JLPT_N2_LK_Ch_547,言語知識,文字,表記,5,発掘された遺物が、この地に古代都市があったことを<u>しょうめい</u>した。,証明,照明,証名,照名,証明,「しょうめい」の正しい漢字は「証明」です。ある事実が本当であることを明らかにすることです。高度で難しいレベルの問題です。<br>「照明（あかり）」などの同音異義語に注意しましょう。<br>したがって、正解は「証明」になります。
JLPT_N2_LK_Ch_548,言語知識,文字,漢字読み,3,この大学は充実した研究設備に<u>恵</u>まれ、多くの成果を上げている。,めぐ,えぐ,あぐ,つぐ,めぐ,「恵まれる」の「恵」の正しい読み方は「めぐ」です。良い状態を与えられているという意味です。標準的なレベルの問題です。<br>送り仮名を除いた「めぐ」が正解です。<br>したがって、正解は「めぐ」になります。
JLPT_N2_LK_Ch_549,言語知識,文字,表記,4,被告側の弁護人は法廷で無罪を強く<u>しゅちょう</u>した。,主張,主長,首張,首長,主張,「しゅちょう」の正しい漢字は「主張」です。持論や意見を言い張ることです。発展的なレベルの問題です。<br>「首長（しゅちょう：代表者）」との混同に気をつけましょう。<br>したがって、正解は「主張」になります。
JLPT_N2_LK_Ch_550,言語知識,文字,漢字読み,2,新入社員は最初の半年間、先輩社員が<u>担当</u>して指導する。,たんとう,たんどう,だんとう,だんどう,たんとう,「担当」の正しい読み方は「たんとう」です。受け持つの意味を表します。基本的なレベルの問題です。<br>「担」も「当」も濁音はつきません。<br>したがって、正解は「たんとう」になります。
JLPT_N2_LK_Ch_551,言語知識,文字,表記,1,交渉は双方の代表者がそろってから<u>かいし</u>された。,開始,開市,関始,関市,開始,「かいし」の正しい漢字は「開始」です。物事をはじめることです。とても基礎的なレベルの問題です。<br>「関（かん）」や「市（し）」といった似た漢字との間違いに注意しましょう。<br>したがって、正解は「開始」になります。
JLPT_N2_LK_Ch_552,言語知識,文字,漢字読み,5,急激な円安の影響で、輸入に頼っていた事業が<u>破綻</u>した。,はたん,はじょう,ばたん,ばじょう,はたん,「破綻」の正しい読み方は「はたん」です。物事の成り立ちが破れてうまくいかなくなることです。高度で難しいレベルの問題です。<br>「綻」は「たん」と読みます。「じょう」などの誤読に気をつけましょう。<br>したがって、正解は「破綻」になります。
JLPT_N2_LK_Ch_553,言語知識,文字,表記,3,サポートセンターは24時間体制で問い合わせに<u>たいおう</u>している。,対応,待応,帯応,対往,対応,「たいおう」の正しい漢字は「対応」です。周りの状況に合わせて事を行うことです。標準的なレベルの問題です。<br>「帯（たい）」などの似た漢字に注意しましょう。<br>したがって、正解は「対応」になります。
JLPT_N2_LK_Ch_554,言語知識,文字,漢字読み,4,新興国の経済成長は今後さらに<u>飛躍</u>すると予測されている。,ひやく,ひこう,とやく,とこう,ひやく,「飛躍」の正しい読み方は「ひやく」です。大きく跳び上がることや、急速に進歩・発展することです。応用的なレベルの問題です。<br>「飛」は「ひ」、「躍」は「やく」と読みます。<br>したがって、正解は「飛躍」になります。
JLPT_N2_LK_Ch_555,言語知識,文字,表記,2,事故の原因を調査し、<u>せきにん</u>の所在を明確にする。,責任,積任,関任,責認,責任,「せきにん」の正しい漢字は「責任」です。自分が引き受けるべき務めや立場のことです。基本的なレベルの問題です。<br>「関（かん）」など同じ読み方の別の漢字と間違えないようにしましょう。<br>したがって、正解は「責任」になります。
JLPT_N2_LK_Ch_556,言語知識,文字,漢字読み,1,台風の接近により、フェリーの<u>出発</u>が見合わせられた。,しゅっぱつ,しゅつはつ,じゅっぱつ,じゅつはつ,しゅっぱつ,「出発」の正しい読み方は「しゅっぱつ」です。目的地に向かって出かけることです。とても基礎的なレベルの問題です。<br>「出」と「発」の間に促音（小さい「つ」）が入ります。<br>したがって、正解は「しゅっぱつ」になります。
JLPT_N2_LK_Ch_557,言語知識,文字,表記,5,隣地との境界トラブルは、<u>ちょうてい</u>によって解決した。,調停,長停,調低,調底,調停,「ちょうてい」の正しい漢字は「調停」です。争っている双方の間に立って和解させることです。高度で難しいレベルの問題です。<br>「低（てい）」などの部首や同音異字に気をつけましょう。<br>したがって、正解は「調停」になります。
JLPT_N2_LK_Ch_558,言語知識,文字,漢字読み,3,彼は理解のある上司に<u>恵</u>まれ、伸び伸びと働いている。,めぐ,えぐ,あぐ,つぐ,めぐ,「恵まれる」の「恵」の正しい読み方は「めぐ」です。良い状態や環境を与えられるという意味です。標準的なレベルの問題です。<br>送り仮名を除いた「めぐ」が正解です。<br>したがって、正解は「めぐ」になります。
JLPT_N2_LK_Ch_559,言語知識,文字,表記,4,医療現場では感染源を<u>はいじょ</u>する徹底した消毒が行われた。,排除,排徐,拝除,拝徐,排除,「はいじょ」の正しい漢字は「排除」です。押しのけて取り除くことです。発展的なレベルの問題です。<br>「拝（はい）」という部首や形の似ている漢字に注意しましょう。<br>したがって、正解は「排除」になります。
JLPT_N2_LK_Ch_560,言語知識,文字,漢字読み,2,急な気候の変動により、農作物の収穫に<u>影響</u>が出た。,えいきょう,えいこう,かんきょう,かんこう,えいきょう,「影響」の正しい読み方は「えいきょう」です。他に作用を及ぼして変化を生じさせることを意味します。基本的なレベルの問題です。<br>「影」は「えい」、「響」は「きょう」と読みます。<br>したがって、正解は「えいきょう」になります。
JLPT_N2_LK_Ch_561,言語知識,文字,表記,1,新しい健康食品が今週からドラッグストアで<u>はんばい</u>され始めた。,販売,販買,半売,半買,販売,「はんばい」の正しい漢字は「販売」です。商品を売ることです。とても基礎的なレベルの問題です。<br>「買（かう）」や「半（はん）」などの同音・対義の漢字に注意しましょう。<br>したがって、正解は「販売」になります。
JLPT_N2_LK_Ch_562,言語知識,文字,漢字読み,4,この商品の性能は、消費者のニーズと<u>合致</u>している。,がっち,ごっち,がち,ごち,がっち,「合致」の正しい読み方は「がっち」です。ぴったり一致することを意味します。応用的なレベルの問題です。<br>「合」は「がっ」、「致」は「ち」と読みます。<br>したがって、正解は「がっち」になります。
JLPT_N2_LK_Ch_563,言語知識,文字,表記,3,医師は患者の症状に応じて適切に<u>たいおう</u>した。,対応,待応,帯応,対往,対応,「たいおう」の正しい漢字は「対応」です。周りの状況に合わせて事を行うことです。標準的なレベルの問題です。<br>「帯（たい）」などの似た漢字に注意しましょう。<br>したがって、正解は「対応」になります。
JLPT_N2_LK_Ch_564,言語知識,文字,漢字読み,5,過剰な発注が原因で、在庫管理体制が<u>破綻</u>した。,はたん,はじょう,ばたん,ばじょう,はたん,「破綻」の正しい読み方は「はたん」です。物事の成り立ちが破れてうまくいかなくなることです。高度で難しいレベルの問題です。<br>「綻」は「たん」と読みます。「じょう」などの誤読に気をつけましょう。<br>したがって、正解は「破綻」になります。
JLPT_N2_LK_Ch_565,言語知識,文字,表記,2,電気設備の老朽化を防ぐため、定期的な<u>てんけん</u>が欠かせない。,点検,点権,転検,転権,点検,「てんけん」の正しい漢字は「点検」です。一つひとつ検査して調べることです。基本的なレベルの問題です。<br>「転（てん）」や「権（けん）」などの漢字を使ったひっかけに注意しましょう。<br>したがって、正解は「点検」になります。
JLPT_N2_LK_Ch_566,言語知識,文字,漢字読み,1,大学でヨーロッパの<u>歴史</u>を専攻することにした。,れきし,りきし,れきじ,りきじ,れきし,「歴史」の正しい読み方は「れきし」です。過去に起こった出来事の移り変わりのことです。とても基礎的なレベルの問題です。<br>「りきし」や「れきじ」などの読み間違いに気をつけましょう。<br>したがって、正解は「れきし」になります。
JLPT_N2_LK_Ch_567,言語知識,文字,表記,5,彼はアリバイを<u>しょうめい</u>するために当時の領収書を提出した。,証明,照明,証名,照名,証明,「しょうめい」の正しい漢字は「証明」です。ある事実が本当であることを明らかにすることです。高度で難しいレベルの問題です。<br>「照明（あかり）」は同じ読み方のひっかけですので、文脈で判断しましょう。<br>したがって、正解は「証明」になります。
JLPT_N2_LK_Ch_568,言語知識,文字,漢字読み,3,この村は肥沃な土壌に<u>恵</u>まれ、古くから米作りが盛んだ。,めぐ,えぐ,あぐ,つぐ,めぐ,「恵まれる」の「恵」の正しい読み方は「めぐ」です。良い状態や環境を与えられるという意味です。標準的なレベルの問題です。<br>送り仮名を除いた「めぐ」が正解です。<br>したがって、正解は「めぐ」になります。
JLPT_N2_LK_Ch_569,言語知識,文字,表記,4,彼は会議で自分の<u>しゅちょう</u>を裏付けるデータを示した。,主張,主長,首張,首長,主張,「しゅちょう」の正しい漢字は「主張」です。自分の意見や持論を強く言い張ることです。発展的なレベルの問題です。<br>「首長（しゅちょう：集団のリーダー）」との書き間違いに注意しましょう。<br>したがって、正解は「主張」になります。
JLPT_N2_LK_Ch_570,言語知識,文字,漢字読み,2,交渉をスムーズに進めるために事前の<u>調整</u>を行った。,ちょうせい,ちょうしょう,ていせい,ていしょう,ちょうせい,「調整」の正しい読み方は「ちょうせい」です。具合や条件を整えて調和させることを意味します。基本的なレベルの問題です。<br>「調」は「ちょう」、「整」は「せい」と読みます。<br>したがって、正解は「ちょうせい」になります。
JLPT_N2_LK_Ch_571,言語知識,文字,表記,1,バイクの運転者はヘルメットの<u>ちゃくよう</u>が法律で義務付けられている。,着用,着様,千用,千様,着用,「ちゃくよう」の正しい漢字は「着用」です。衣服や保護具を身につけることです。とても基礎的なレベルの問題です。<br>「様（よう）」や「千（せん）」といった類似した漢字に注意しましょう。<br>したがって、正解は「着用」になります。
JLPT_N2_LK_Ch_572,言語知識,文字,漢字読み,4,長年の交渉を経て、ようやく双方の意見が<u>合致</u>した。,がっち,ごっち,がち,ごち,がっち,「合致」の正しい読み方は「がっち」です。ぴったり一致することを意味します。応用的なレベルの問題です。<br>「合」は「がっ」、「致」は「ち」と読みます。<br>したがって、正解は「がっち」になります。
JLPT_N2_LK_Ch_573,言語知識,文字,表記,3,顧客からの要望には、できる限り柔軟に<u>たいおう</u>している。,対応,待応,帯応,対往,対応,「たいおう」の正しい漢字は「対応」です。周りの状況に合わせて事を行うことです。標準的なレベルの問題です。<br>「帯（たい）」などの似た漢字に注意しましょう。<br>したがって、正解は「対応」になります。
JLPT_N2_LK_Ch_574,言語知識,文字,漢字読み,5,管理体制の不備により、事業の継続が<u>危ぶ</u>まれている。,あやぶ,あやう,あやふ,あやみ,あやぶ,「危ぶまれる」の「危」の正しい読みは「あやぶ」です。危ない状態だと思うという意味です。高度で難しいレベルの問題です。<br>「危うい（あやうい）」との送り仮名と読みの違いに注意してください。<br>したがって、正解は「あやぶ」になります。
JLPT_N2_LK_Ch_575,言語知識,文字,表記,2,遊園地のジェットコースターは毎朝運行前に<u>てんけん</u>される。,点検,点権,転検,転権,点検,「てんけん」の正しい漢字は「点検」です。一つひとつ検査して調べることです。基本的なレベルの問題です。<br>「転（てん）」や「権（けん）」などの漢字を使ったひっかけに注意しましょう。<br>したがって、正解は「点検」になります。
JLPT_N2_LK_Ch_576,言語知識,文字,漢字読み,1,この博物館では、街の<u>歴史</u>を写真とともに紹介している。,れきし,りきし,れきじ,りきじ,れきし,「歴史」の正しい読み方は「れきし」です。過去に起こった出来事の移り変わりのことです。とても基礎的なレベルの問題です。<br>「りきし」や「れきじ」などの読み間違いに気をつけましょう。<br>したがって、正解は「れきし」になります。
JLPT_N2_LK_Ch_577,言語知識,文字,表記,5,監視カメラの映像が、彼の無実を<u>しょうめい</u>する決め手となった。,証明,照明,証名,照名,証明,「しょうめい」の正しい漢字は「証明」です。ある事実が本当であることを明らかにすることです。高度で難しいレベルの問題です。<br>「照明（あかり）」などの同音異義語に注意しましょう。<br>したがって、正解は「証明」になります。
JLPT_N2_LK_Ch_578,言語知識,文字,漢字読み,3,彼らは信頼できる仲間に<u>恵</u>まれ、困難を乗り越えてきた。,めぐ,えぐ,あぐ,つぐ,めぐ,「恵まれる」の「恵」の正しい読み方は「めぐ」です。良い状態や環境を与えられるという意味です。標準的なレベルの問題です。<br>送り仮名を除いた「めぐ」が正解です。<br>したがって、正解は「めぐ」になります。
JLPT_N2_LK_Ch_579,言語知識,文字,表記,4,選考過程では個人的な偏見を<u>はいじょ</u>する仕組みが導入された。,排除,排徐,拝除,拝徐,排除,「はいじょ」の正しい漢字は「排除」です。押しのけて取り除くことです。発展的なレベルの問題です。<br>「拝（はい）」という部首や形の似ている漢字に注意しましょう。<br>したがって、正解は「排除」になります。
JLPT_N2_LK_Ch_580,言語知識,文字,漢字読み,2,急な仕様変更が生じたため、全体の設計を<u>見直</u>すことになった。,みなお,みお,みなおし,みおろし,みなお,「見直す」の「見直」の正しい読み方は「みなお」です。改めて見たり考え直したりすることを意味します。基本的なレベルの問題です。<br>送り仮名を除いた「みなお」が正解です。<br>したがって、正解は「みなお」になります。
JLPT_N2_LK_Ch_581,言語知識,文字,表記,1,登山の途中、山小屋で少し<u>きゅうけい</u>を取ることにした。,休憩,究憩,休経,休景,休憩,「きゅうけい」の正しい漢字は「休憩」です。作業の合間に休むことです。とても基礎的なレベルの問題です。<br>「経（けい）」や「景（けい）」などの同音字との間違いに注意しましょう。<br>したがって、正解は「休憩」になります。
JLPT_N2_LK_Ch_582,言語知識,文字,漢字読み,4,少子化の影響で、学校の統廃合と<u>再編</u>が進んでいる。,さいへん,さいべん,さへん,さべん,さいへん,「再編」の正しい読み方は「さいへん」です。再び編制し直すことを意味します。応用的なレベルの問題です。<br>「再」は「さい」、「編」は半濁音にならない「へん」と読みます。<br>したがって、正解は「さいへん」になります。
JLPT_N2_LK_Ch_583,言語知識,文字,表記,3,システム障害には、担当エンジニアが迅速に<u>たいおう</u>した。,対応,待応,帯応,対往,対応,「たいおう」の正しい漢字は「対応」です。周りの状況に合わせて事を行うことです。標準的なレベルの問題です。<br>「帯（たい）」などの似た漢字に注意しましょう。<br>したがって、正解は「対応」になります。
JLPT_N2_LK_Ch_584,言語知識,文字,漢字読み,5,長引く交渉の末、両国間の合意は結局<u>破綻</u>した。,はたん,はじょう,ばたん,ばじょう,はたん,「破綻」の正しい読み方は「はたん」です。物事の成り立ちが破れてうまくいかなくなることです。高度で難しいレベルの問題です。<br>「綻」は「たん」と読みます。「じょう」などの誤読に気をつけましょう。<br>したがって、正解は「破綻」になります。
JLPT_N2_LK_Ch_585,言語知識,文字,表記,2,医師には患者の命を預かるという重い<u>せきにん</u>が伴う。,責任,積任,関任,責認,責任,「せきにん」の正しい漢字は「責任」です。自分が引き受けるべき務めや立場のことです。基本的なレベルの問題です。<br>「関（かん）」など同じ読み方の別の漢字と間違えないようにしましょう。<br>したがって、正解は「責任」になります。
JLPT_N2_LK_Ch_586,言語知識,文字,漢字読み,1,遠足のバスは午前8時に<u>出発</u>する予定だ。,しゅっぱつ,しゅつはつ,じゅっぱつ,じゅつはつ,しゅっぱつ,「出発」の正しい読み方は「しゅっぱつ」です。目的地に向かって出かけることです。とても基礎的なレベルの問題です。<br>「出」と「発」の間に促音（小さい「つ」）が入ります。<br>したがって、正解は「しゅっぱつ」になります。
JLPT_N2_LK_Ch_587,言語知識,文字,表記,5,両社間の契約紛争は、専門機関の<u>ちょうてい</u>で決着した。,調停,長停,調低,調底,調停,「ちょうてい」の正しい漢字は「調停」です。争っている双方の間に立って和解させることです。高度で難しいレベルの問題です。<br>「低（てい）」などの部首や同音異字に気をつけましょう。<br>したがって、正解は「調停」になります。
JLPT_N2_LK_Ch_588,言語知識,文字,漢字読み,3,この島は美しい珊瑚礁に<u>恵</u>まれ、観光地として人気が高い。,めぐ,えぐ,あぐ,つぐ,めぐ,「恵まれる」の「恵」の正しい読み方は「めぐ」です。良い状態や環境を与えられるという意味です。標準的なレベルの問題です。<br>送り仮名を除いた「めぐ」が正解です。<br>したがって、正解は「めぐ」になります。
JLPT_N2_LK_Ch_589,言語知識,文字,表記,4,双方が譲らず、<u>しゅちょう</u>の食い違いから話し合いは平行線をたどった。,主張,主長,首張,首長,主張,「しゅちょう」の正しい漢字は「主張」です。自分の意見や持論を強く言い張ることです。発展的なレベルの問題です。<br>「首長（しゅちょう：集団のリーダー）」との書き間違いに注意しましょう。<br>したがって、正解は「主張」になります。
JLPT_N2_LK_Ch_590,言語知識,文字,漢字読み,2,予期せぬトラブルが発生したため、作業を一時<u>中断</u>した。,ちゅうだん,ちゅうたん,じゅうだん,じゅうたん,ちゅうだん,「中断」の正しい読み方は「ちゅうだん」です。途中で取りやめることを意味します。基本的なレベルの問題です。<br>「中」は「ちゅう」、「断」は「だん」と読みます。<br>したがって、正解は「ちゅうだん」になります。
JLPT_N2_LK_Ch_591,言語知識,文字,表記,1,手術は予定より30分遅れて<u>かいし</u>された。,開始,開市,関始,関市,開始,「かいし」の正しい漢字は「開始」です。物事をはじめることです。とても基礎的なレベルの問題です。<br>「関（かん）」や「市（し）」といった似た漢字との間違いに注意しましょう。<br>したがって、正解は「開始」になります。
JLPT_N2_LK_Ch_592,言語知識,文字,漢字読み,4,両社の間で新たな業務提携契約が<u>締結</u>された。,ていけつ,ていげつ,でいけつ,たいけつ,ていけつ,「締結」の正しい読み方は「ていけつ」です。契約や条約を結ぶことを指します。応用的なレベルの問題です。<br>「締」は濁音のつかない「てい」と読みます。<br>したがって、正解は「ていけつ」になります。
JLPT_N2_LK_Ch_593,言語知識,文字,表記,3,売り上げ向上を目指して、新しい施策を<u>てんかい</u>する。,展開,展改,転開,転改,展開,「てんかい」の正しい漢字は「展開」です。広げて繰り広げることです。標準的なレベルの問題です。<br>「転（てん）」や「改（かい）」などの漢字混同に注意しましょう。<br>したがって、正解は「展開」になります。
JLPT_N2_LK_Ch_594,言語知識,文字,漢字読み,5,急激な需要変動により、供給ラインが<u>麻痺</u>した。,まひ,まぴ,まんひ,まんぴ,まひ,「麻痺」の正しい読み方は「まひ」です。機能が停止して働かなくなることです。高度で難しいレベルの問題です。<br>「麻」は「ま」、「痺」は「ひ」と読みます。<br>したがって、正解は「まひ」になります。
JLPT_N2_LK_Ch_595,言語知識,文字,表記,2,退院後、体力回復のため毎日短い距離を<u>さんぽ</u>するよう医師に勧められた。,散歩,参歩,散布,産歩,散歩,「さんぽ」の正しい漢字は「散歩」です。気晴らしや健康のために歩くことです。基本的なレベルの問題です。<br>「布（ふ）」などの似ている漢字との間違いに注意してください。<br>したがって、正解は「散歩」になります。
JLPT_N2_LK_Ch_596,言語知識,文字,漢字読み,1,マラソン大会は号砲とともに一斉に<u>出発</u>した。,しゅっぱつ,しゅつはつ,じゅっぱつ,じゅつはつ,しゅっぱつ,「出発」の正しい読み方は「しゅっぱつ」です。目的地に向かって出かけることです。とても基礎的なレベルの問題です。<br>「出」と「発」の間に促音（小さい「つ」）が入ります。<br>したがって、正解は「しゅっぱつ」になります。
JLPT_N2_LK_Ch_597,言語知識,文字,表記,5,彼は政界の<u>じゅうちん</u>として、長年にわたり影響力を持ち続けた。,重鎮,従鎮,重珍,重陳,重鎮,「じゅうちん」の正しい漢字は「重鎮」です。ある分野で重きをなす重鎮人物のことです。高度で難しいレベルの問題です。<br>「鎮」の漢字のつくり（右側）の表記に注意しましょう。<br>したがって、正解は「重鎮」になります。
JLPT_N2_LK_Ch_598,言語知識,文字,漢字読み,3,救助隊は避難所を活動の<u>拠点</u>として復旧作業を続けた。,きょてん,きょでん,こてん,こでん,きょてん,「拠点」の正しい読み方は「きょてん」です。活動の中心となる重要な場所のことです。標準的なレベルの問題です。<br>「拠」は「きょ」と読みます。「こ」と間違えないようにしましょう。<br>したがって、正解は「きょてん」になります。
JLPT_N2_LK_Ch_599,言語知識,文字,表記,4,この装置は水中の不純物を<u>はいじょ</u>する機能を備えている。,排除,排徐,拝除,拝徐,排除,「はいじょ」の正しい漢字は「排除」です。押しのけて取り除くことです。発展的なレベルの問題です。<br>「拝（はい）」という部首や形の似ている漢字に注意しましょう。<br>したがって、正解は「排除」になります。
JLPT_N2_LK_Ch_600,言語知識,文字,漢字読み,3,事故の再発を防ぐため、徹底的な<u>原因</u>究明が行われた。,げんいん,げんしん,がんいん,がんしん,げんいん,「原因」の正しい読み方は「げんいん」です。ある事態を引き起こすもととなった事柄を意味します。標準的なレベルの問題です。<br>「原」は「げん」、「因」は「いん」と読みます。<br>したがって、正解は「げんいん」になります。
JLPT_N2_LK_Ch_601,言語知識,文字,表記,1,農家は収穫した野菜を直売所で<u>はんばい</u>している。,販売,販買,半売,半買,販売,「はんばい」の正しい漢字は「販売」です。商品を売ることです。とても基礎的なレベルの問題です。<br>「買（かう）」や「半（はん）」などの同音・対義の漢字に注意しましょう。<br>したがって、正解は「販売」になります。
JLPT_N2_LK_Ch_602,言語知識,文字,漢字読み,5,急激な環境変化により、従来の事業モデルが<u>破綻</u>した。,はたん,はじょう,ばたん,ばじょう,はたん,「破綻」の正しい読み方は「はたん」です。物事の成り立ちが破れてうまくいかなくなることです。高度で難しいレベルの問題です。<br>「綻」は「たん」と読みます。「じょう」などの誤読に気をつけましょう。<br>したがって、正解は「破綻」になります。
JLPT_N2_LK_Ch_603,言語知識,文字,表記,2,エレベーターの安全<u>てんけん</u>は法律で義務付けられている。,点検,点権,転検,転権,点検,「てんけん」の正しい漢字は「点検」です。一つひとつ検査して調べることです。基本的なレベルの問題です。<br>「転（てん）」や「権（けん）」などの漢字を使ったひっかけに注意しましょう。<br>したがって、正解は「点検」になります。
JLPT_N2_LK_Ch_604,言語知識,文字,漢字読み,4,両社の経営方針は完全に<u>合致</u>しており、合併はスムーズに進んだ。,がっち,ごっち,がち,ごち,がっち,「合致」の正しい読み方は「がっち」です。ぴったり一致することを意味します。応用的なレベルの問題です。<br>「合」は「がっ」、「致」は「ち」と読みます。<br>したがって、正解は「がっち」になります。
JLPT_N2_LK_Ch_605,言語知識,文字,表記,1,試合は選手全員の準備が整い次第<u>かいし</u>される。,開始,開市,関始,関市,開始,「かいし」の正しい漢字は「開始」です。物事をはじめることです。とても基礎的なレベルの問題です。<br>「関（かん）」や「市（し）」といった似た漢字との間違いに注意しましょう。<br>したがって、正解は「開始」になります。
JLPT_N2_LK_Ch_606,言語知識,文字,漢字読み,2,この講座は経験豊富な講師が<u>担当</u>している。,たんとう,たんどう,だんとう,だんどう,たんとう,「担当」の正しい読み方は「たんとう」です。受け持つの意味を表します。基本的なレベルの問題です。<br>「担」も「当」も濁音はつきません。<br>したがって、正解は「たんとう」になります。
JLPT_N2_LK_Ch_607,言語知識,文字,表記,5,血液検査の結果が、彼の診断を<u>しょうめい</u>する材料となった。,証明,照明,証名,照名,証明,「しょうめい」の正しい漢字は「証明」です。ある事実が本当であることを明らかにすることです。高度で難しいレベルの問題です。<br>「照明（あかり）」は同じ読み方のひっかけですので、文脈で判断しましょう。<br>したがって、正解は「証明」になります。
JLPT_N2_LK_Ch_608,言語知識,文字,漢字読み,3,彼女は幼い頃から良い師に<u>恵</u>まれ、着実に腕を磨いてきた。,めぐ,えぐ,あぐ,つぐ,めぐ,「恵まれる」の「恵」の正しい読み方は「めぐ」です。良い状態や環境を与えられるという意味です。標準的なレベルの問題です。<br>送り仮名を除いた「めぐ」が正解です。<br>したがって、正解は「めぐ」になります。
JLPT_N2_LK_Ch_609,言語知識,文字,表記,4,新しい規則により、不公平な扱いを<u>はいじょ</u>することを目指している。,排除,排徐,拝除,拝徐,排除,「はいじょ」の正しい漢字は「排除」です。押しのけて取り除くことです。発展的なレベルの問題です。<br>「拝（はい）」という部首や形の似ている漢字に注意しましょう。<br>したがって、正解は「排除」になります。
JLPT_N2_LK_Ch_610,言語知識,文字,漢字読み,2,急な天候の悪化に伴い、野外イベントを<u>延期</u>した。,えんき,えんこう,えんけい,えんきょう,えんき,「延期」の正しい読み方は「えんき」です。期日を先に延ばすことを意味します。基本的なレベルの問題です。<br>「延」は「えん」、「期」は「き」と読みます。<br>したがって、正解は「えんき」になります。
JLPT_N2_LK_Ch_611,言語知識,文字,表記,1,作業を始める前に、必ず安全を<u>かくにん</u>してください。,確認,確任,確忍,確人,確認,「かくにん」の正しい漢字は「確認」です。確かめて間違いがないか調べることです。とても基礎的なレベルの問題です。<br>「忍（にん）」などの似ている漢字に注意しましょう。<br>したがって、正解は「確認」になります。
JLPT_N2_LK_Ch_612,言語知識,文字,漢字読み,4,両国の長年にわたる摩擦を解消するため、条約が<u>締結</u>された。,ていけつ,ていげつ,でいけつ,たいけつ,ていけつ,「締結」の正しい読み方は「ていけつ」です。約束や契約を結ぶことを指します。応用的なレベルの問題です。<br>「締」は濁音のつかない「てい」と読みます。<br>したがって、正解は「ていけつ」になります。
JLPT_N2_LK_Ch_613,言語知識,文字,表記,3,売り上げ回復に向けて、新しい販売戦略を<u>てんかい</u>する。,展開,展改,転開,転改,展開,「てんかい」の正しい漢字は「展開」です。広げて繰り広げることです。標準的なレベルの問題です。<br>「転（てん）」や「改（かい）」などの漢字との混同に気をつけましょう。<br>したがって、正解は「展開」になります。
JLPT_N2_LK_Ch_614,言語知識,文字,漢字読み,5,ずさんな資金計画により、プロジェクト全体の根幹が<u>破綻</u>した。,はたん,はじょう,ばたん,ばじょう,はたん,「破綻」の正しい読み方は「はたん」です。物事の成り立ちが破れて破滅することです。高度で難しいレベルの問題です。<br>「綻」は「たん」と読みます。「じょう」などの誤読に気をつけましょう。<br>したがって、正解は「破綻」になります。
JLPT_N2_LK_Ch_615,言語知識,文字,表記,2,予期せぬ事故を防ぐため、設備の定期<u>てんけん</u>を実施する。,点検,点権,転検,転権,点検,「てんけん」の正しい漢字は「点検」です。一つひとつ検査して調べることです。基本的なレベルの問題です。<br>「転（てん）」や「権（けん）」などの漢字を使ったひっかけに注意しましょう。<br>したがって、正解は「点検」になります。
JLPT_N2_LK_Ch_616,言語知識,文字,漢字読み,1,日本の伝統的な<u>文化</u>について深く学びました。,ぶんか,ぶんこう,ふんか,ふんこう,ぶんか,「文化」の正しい読み方は「ぶんか」です。社会の思考や行動様式などの総称です。とても基礎的なレベルの問題です。<br>「文」は「ぶん」、「化」は「か」と読みます。<br>したがって、正解は「ぶんか」になります。
JLPT_N2_LK_Ch_617,言語知識,文字,表記,5,長年の研究成果が高く評価され、業界の<u>じゅうちん</u>としてたたえられた。,重鎮,従鎮,重珍,重陳,重鎮,「じゅうちん」の正しい漢字は「重鎮」です。ある分野で重きをなす中心人物のことです。高度で難しいレベルの問題です。<br>「鎮」の漢字のつくり（右側）の表記に注意しましょう。<br>したがって、正解は「重鎮」になります。
JLPT_N2_LK_Ch_618,言語知識,文字,漢字読み,3,この地域は、豊かな水資源と美しい自然環境に<u>恵</u>まれている。,めぐ,えぐ,あぐ,つぐ,めぐ,「恵まれる」の「恵」の正しい読み方は「めぐ」です。良い状態や環境を与えられるという意味です。標準的なレベルの問題です。<br>送り仮名を除いた「めぐ」が正解です。<br>したがって、正解は「めぐ」になります。
JLPT_N2_LK_Ch_619,言語知識,文字,表記,4,相手の意見を十分に尊重しつつ、こちらの<u>しゅちょう</u>も伝える。,主張,主長,首張,首長,主張,「しゅちょう」の正しい漢字は「主張」です。持論や意見を言い張ることです。発展的なレベルの問題です。<br>「首長（しゅちょう：代表者）」との誤用に気をつけましょう。<br>したがって、正解は「主張」になります。
JLPT_N2_LK_Ch_620,言語知識,文字,漢字読み,2,事件の捜査は専任の刑事が<u>担当</u>することになった。,たんとう,たんどう,だんとう,だんどう,たんとう,「担当」の正しい読み方は「たんとう」です。受け持つの意味を表します。基本的なレベルの問題です。<br>「担」も「当」も濁音はつきません。<br>したがって、正解は「たんとう」になります。
JLPT_N2_LK_Ch_621,言語知識,文字,表記,1,発掘調査は許可が下りてすぐに<u>かいし</u>された。,開始,開市,関始,関市,開始,「かいし」の正しい漢字は「開始」です。物事をはじめることです。とても基礎的なレベルの問題です。<br>「関（かん）」や「市（し）」といった似た漢字との間違いに注意しましょう。<br>したがって、正解は「開始」になります。
JLPT_N2_LK_Ch_622,言語知識,文字,漢字読み,4,長年の交渉を経て、ようやく双方の主張が<u>合致</u>した。,がっち,ごっち,がち,ごち,がっち,「合致」の正しい読み方は「がっち」です。ぴったり一致することを意味します。応用的なレベルの問題です。<br>「合」は「がっ」、「致」は「ち」と読みます。<br>したがって、正解は「がっち」になります。
JLPT_N2_LK_Ch_623,言語知識,文字,表記,3,この企業は海外市場への事業<u>てんかい</u>を積極的に進めている。,展開,展改,転開,転改,展開,「てんかい」の正しい漢字は「展開」です。広げて繰り広げることです。標準的なレベルの問題です。<br>「転（てん）」や「改（かい）」などの漢字混同に注意しましょう。<br>したがって、正解は「展開」になります。
JLPT_N2_LK_Ch_624,言語知識,文字,漢字読み,5,大規模な停電により、工場の生産ラインが<u>麻痺</u>した。,まひ,まぴ,まんひ,まんぴ,まひ,「麻痺」の正しい読み方は「まひ」です。機能が停止して働かなくなることです。高度で難しいレベルの問題です。<br>「麻」は「ま」、「痺」は「ひ」と読みます。<br>したがって、正解は「まひ」になります。
JLPT_N2_LK_Ch_625,言語知識,文字,表記,2,プロジェクトが失敗した以上、担当者として<u>せきにん</u>を取らざるを得ない。,責任,積任,関任,責認,責任,「せきにん」の正しい漢字は「責任」です。自分が引き受けるべき務めや立場のことです。基本的なレベルの問題です。<br>「関（かん）」など同じ読み方の別の漢字と間違えないようにしましょう。<br>したがって、正解は「責任」になります。
JLPT_N2_LK_Ch_626,言語知識,文字,漢字読み,1,荷物の準備が整い、いよいよ引っ越し先へ<u>出発</u>した。,しゅっぱつ,しゅつはつ,じゅっぱつ,じゅつはつ,しゅっぱつ,「出発」の正しい読み方は「しゅっぱつ」です。目的地に向かって出かけることです。とても基礎的なレベルの問題です。<br>「出」と「発」の間に促音（小さい「つ」）が入ります。<br>したがって、正解は「しゅっぱつ」になります。
JLPT_N2_LK_Ch_627,言語知識,文字,表記,5,国際紛争の解決に向けて、国連による<u>ちょうてい</u>が試みられている。,調停,長停,調低,調底,調停,「ちょうてい」の正しい漢字は「調停」です。争っている双方の間に立って和解させることです。高度で難しいレベルの問題です。<br>「低（てい）」などの部首や同音異字に気をつけましょう。<br>したがって、正解は「調停」になります。
JLPT_N2_LK_Ch_628,言語知識,文字,漢字読み,3,彼らはこの町を活動の<u>拠点</u>として地域おこしに取り組んでいる。,きょてん,きょでん,こてん,こでん,きょてん,「拠点」の正しい読み方は「きょてん」です。活動の中心となる重要な場所のことです。標準的なレベルの問題です。<br>「拠」は「きょ」と読みます。「こ」と間違えないようにしましょう。<br>したがって、正解は「きょてん」になります。
JLPT_N2_LK_Ch_629,言語知識,文字,表記,4,治療計画から不確実な要素を<u>はいじょ</u>し、確実な方法を選んだ。,排除,排徐,拝除,拝徐,排除,「はいじょ」の正しい漢字は「排除」です。押しのけて取り除くことです。発展的なレベルの問題です。<br>「拝（はい）」という部首や形の似ている漢字に注意しましょう。<br>したがって、正解は「排除」になります。
JLPT_N2_LK_Ch_630,言語知識,文字,漢字読み,2,急な予定の都合で、会議の日時を<u>変更</u>することになった。,へんこう,へんきょう,ほうこう,ほうきょう,へんこう,「変更」の正しい読み方は「へんこう」です。決められていた内容を変えることです。基本的なレベルの問題です。<br>「変」は「へん」、「更」は「こう」と読みます。<br>したがって、正解は「へんこう」になります。
JLPT_N2_LK_Ch_631,言語知識,文字,表記,1,契約書にサインする前に、内容を隅々まで<u>かくにん</u>する必要がある。,確認,確任,確忍,確人,確認,「かくにん」の正しい漢字は「確認」です。確かめて間違いがないか調べることです。とても基礎的なレベルの問題です。<br>「忍（にん）」などの似ている漢字に注意しましょう。<br>したがって、正解は「確認」になります。
JLPT_N2_LK_Ch_632,言語知識,文字,漢字読み,5,無理な人員削減がたたり、現場の運営体制が<u>破綻</u>した。,はたん,はじょう,ばたん,ばじょう,はたん,「破綻」の正しい読み方は「はたん」です。物事の成り立ちが破れてうまくいかなくなることです。高度で難しいレベルの問題です。<br>「綻」は「たん」と読みます。「じょう」などの誤読に気をつけましょう。<br>したがって、正解は「破綻」になります。
JLPT_N2_LK_Ch_633,言語知識,文字,表記,3,議論は予想外の方向へと<u>てんかい</u>していった。,展開,展改,転開,転改,展開,「てんかい」の正しい漢字は「展開」です。広げて繰り広げることです。標準的なレベルの問題です。<br>「転（てん）」や「改（かい）」などの漢字混同に注意しましょう。<br>したがって、正解は「展開」になります。
JLPT_N2_LK_Ch_634,言語知識,文字,漢字読み,4,グループ会社は経営効率化のため、子会社の<u>再編</u>を実施した。,さいへん,さいべん,さへん,さべん,さいへん,「再編」の正しい読み方は「さいへん」です。再び編制し直すことを意味します。応用的なレベルの問題です。<br>「再」は「さい」、「編」は半濁音にならない「へん」と読みます。<br>したがって、正解は「再編」になります。
JLPT_N2_LK_Ch_635,言語知識,文字,表記,2,消防署は定期的に消火器の<u>てんけん</u>を行っている。,点検,点権,転検,転権,点検,「てんけん」の正しい漢字は「点検」です。一つひとつ検査して調べることです。基本的なレベルの問題です。<br>「転（てん）」や「権（けん）」などの漢字を使ったひっかけに注意しましょう。<br>したがって、正解は「点検」になります。
JLPT_N2_LK_Ch_636,言語知識,文字,漢字読み,1,早朝のフライトに合わせ、家族全員で早めに<u>出発</u>した。,しゅっぱつ,しゅつはつ,じゅっぱつ,じゅつはつ,しゅっぱつ,「出発」の正しい読み方は「しゅっぱつ」です。目的地に向かって出かけることです。とても基礎的なレベルの問題です。<br>「出」と「発」の間に促音（小さい「つ」）が入ります。<br>したがって、正解は「しゅっぱつ」になります。
JLPT_N2_LK_Ch_637,言語知識,文字,表記,5,契約書に押された印鑑が、合意の事実を<u>しょうめい</u>している。,証明,照明,証名,照名,証明,「しょうめい」の正しい漢字は「証明」です。ある事実が本当であることを明らかにすることです。高度で難しいレベルの問題です。<br>「照明（あかり）」は同じ読み方のひっかけですので、文脈で判断しましょう。<br>したがって、正解は「証明」になります。
JLPT_N2_LK_Ch_638,言語知識,文字,漢字読み,3,貿易会社は港に近いこの地区を<u>拠点</u>に定めた。,きょてん,きょでん,こてん,こでん,きょてん,「拠点」の正しい読み方は「きょてん」です。活動の中心となる重要な場所のことです。標準的なレベルの問題です。<br>「拠」は「きょ」と読みます。「こ」と間違えないようにしましょう。<br>したがって、正解は「きょてん」になります。
JLPT_N2_LK_Ch_639,言語知識,文字,表記,4,工事現場では危険物を<u>はいじょ</u>してから作業を開始した。,排除,排徐,拝除,拝徐,排除,「はいじょ」の正しい漢字は「排除」です。押しのけて取り除くことです。発展的なレベルの問題です。<br>「拝（はい）」という部首や形の似ている漢字に注意しましょう。<br>したがって、正解は「排除」になります。
JLPT_N2_LK_Ch_640,言語知識,文字,漢字読み,2,会場の準備が間に合わず、開演を<u>延期</u>することになった。,えんき,えんこう,えんけい,えんきょう,えんき,「延期」の正しい読み方は「えんき」です。期日を先に延ばすことを意味します。基本的なレベルの問題です。<br>「延」は「えん」、「期」は「き」と読みます。<br>したがって、正解は「えんき」になります。
JLPT_N2_LK_Ch_641,言語知識,文字,表記,1,医療従事者は感染予防のため手袋の<u>ちゃくよう</u>を徹底している。,着用,着様,千用,千様,着用,「ちゃくよう」の正しい漢字は「着用」です。衣服や保護具を身につけることです。とても基礎的なレベルの問題です。<br>「様（よう）」や「千（せん）」といった類似した漢字に注意しましょう。<br>したがって、正解は「着用」になります。
JLPT_N2_LK_Ch_642,言語知識,文字,漢字読み,5,台風による被害が想定を超え、復旧計画が<u>破綻</u>した。,はたん,はじょう,ばたん,ばじょう,はたん,「破綻」の正しい読み方は「はたん」です。物事の成り立ちが破れてうまくいかなくなることです。高度で難しいレベルの問題です。<br>「綻」は「たん」と読みます。「じょう」などの誤読に気をつけましょう。<br>したがって、正解は「破綻」になります。
JLPT_N2_LK_Ch_643,言語知識,文字,表記,3,台風接近の情報を受け、自治体は速やかに<u>たいおう</u>を開始した。,対応,待応,帯応,対往,対応,「たいおう」の正しい漢字は「対応」です。周りの状況に合わせて事を行うことです。標準的なレベルの問題です。<br>「帯（たい）」などの似た漢字に注意しましょう。<br>したがって、正解は「対応」になります。
JLPT_N2_LK_Ch_644,言語知識,文字,漢字読み,4,労使間で新しい労働協約が<u>締結</u>された。,ていけつ,ていげつ,でいけつ,たいけつ,ていけつ,「締結」の正しい読み方は「ていけつ」です。契約や条約を結ぶことを指します。応用的なレベルの問題です。<br>「締」は濁音のつかない「てい」と読みます。<br>したがって、正解は「ていけつ」になります。
JLPT_N2_LK_Ch_645,言語知識,文字,表記,2,登山前にはロープや装備の入念な<u>てんけん</u>が欠かせない。,点検,点権,転検,転権,点検,「てんけん」の正しい漢字は「点検」です。一つひとつ検査して調べることです。基本的なレベルの問題です。<br>「転（てん）」や「権（けん）」などの漢字を使ったひっかけに注意しましょう。<br>したがって、正解は「点検」になります。
JLPT_N2_LK_Ch_646,言語知識,文字,漢字読み,1,この地域には、独自の<u>文化</u>や風習が今も残っている。,ぶんか,ぶんこう,ふんか,ふんこう,ぶんか,「文化」の正しい読み方は「ぶんか」です。社会の思考や行動様式などの総称です。とても基礎的なレベルの問題です。<br>「文」は「ぶん」、「化」は「か」と読みます。<br>したがって、正解は「ぶんか」になります。
JLPT_N2_LK_Ch_647,言語知識,文字,表記,5,労働争議は、労働委員会の<u>ちょうてい</u>によって収拾した。,調停,長停,調低,調底,調停,「ちょうてい」の正しい漢字は「調停」です。争っている双方の間に立って和解させることです。高度で難しいレベルの問題です。<br>「低（てい）」などの部首や同音異字に気をつけましょう。<br>したがって、正解は「調停」になります。
JLPT_N2_LK_Ch_648,言語知識,文字,漢字読み,3,この会社は優秀な技術者に<u>恵</u>まれ、急成長を遂げている。,めぐ,えぐ,あぐ,つぐ,めぐ,「恵まれる」の「恵」の正しい読み方は「めぐ」です。良い状態や環境を与えられるという意味です。標準的なレベルの問題です。<br>送り仮名を除いた「めぐ」が正解です。<br>したがって、正解は「めぐ」になります。
JLPT_N2_LK_Ch_649,言語知識,文字,表記,4,システムの脆弱性を<u>はいじょ</u>するため、セキュリティを強化した。,排除,排徐,拝除,拝徐,排除,「はいじょ」の正しい漢字は「排除」です。押しのけて取り除くことです。発展的なレベルの問題です。<br>「拝（はい）」という部首や形の似ている漢字に注意しましょう。<br>したがって、正解は「排除」になります。
JLPT_N2_LK_Ch_650,言語知識,文字,漢字読み,1,会社への<u>通勤</u>には電車とバスを利用しています。,つうきん,つうかん,とうきん,とうかん,つうきん,「通勤」の正しい読み方は「つうきん」です。仕事のために会社へ通うことを意味します。とても基礎的なレベルの問題です。<br>「通」は「つう」、「勤」は「きん」と読みます。<br>したがって、正解は「つうきん」になります。
JLPT_N2_LK_Ch_651,言語知識,文字,表記,4,新商品の開発に向けて資金を<u>ちょうたつ</u>する。,調達,徴達,頂達,調脱,調達,「ちょうたつ」の正しい漢字は「調達」です。必要な物や資金を用意して取りそろえることです。発展的なレベルの問題です。<br>「頂（ちょう）」など同音の漢字と間違えないようにしましょう。<br>したがって、正解は「調達」になります。
JLPT_N2_LK_Ch_652,言語知識,文字,漢字読み,3,新製品の発売に伴い、大規模な<u>販促</u>キャンペーンを展開した。,はんそく,はんぞく,ほんそく,ほんぞく,はんそく,「販促」の正しい読み方は「はんそく」です。販売促進の略で、売上を高めるための活動のことです。標準的なレベルの問題です。<br>「販」は「はん」、「促」は「そく」と読みます。<br>したがって、正解は「はんそく」になります。
JLPT_N2_LK_Ch_653,言語知識,文字,表記,2,事故の原因を突き止めるため<u>ちょうさ</u>を開始した。,調査,徴査,頂査,調捜,調査,「ちょうさ」の正しい漢字は「調査」です。物事の実態や真偽を調べることです。基本的なレベルの問題です。<br>「頂（ちょう）」などの漢字との間違いに注意してください。<br>したがって、正解は「調査」になります。
JLPT_N2_LK_Ch_654,言語知識,文字,漢字読み,5,過激な発言が世間の<u>糾弾</u>を浴びることとなった。,きゅうだん,きゅうたん,きょだん,きょたん,きゅうだん,「糾弾」の正しい読み方は「きゅうだん」です。罪や責任を問い詰めて責めることです。高度で難しいレベルの問題です。<br>「糾」は「きゅう」と読みます。読み間違えやすい漢字です。<br>したがって、正解は「きゅうだん」になります。
JLPT_N2_LK_Ch_655,言語知識,文字,表記,1,体調が悪いため、本日の会議を<u>けっせき</u>します。,欠席,決席,血席,欠籍,欠席,「けっせき」の正しい漢字は「欠席」です。出かけるべき場所に出ないことです。とても基礎的なレベルの問題です。<br>「血（けつ）」などの漢字混同に注意しましょう。<br>したがって、正解は「欠席」になります。
JLPT_N2_LK_Ch_656,言語知識,文字,漢字読み,2,悪天候のため、イベントの開催を<u>延期</u>することに決まった。,えんき,えんこう,えんけい,えんきょう,えんき,「延期」の正しい読み方は「えんき」です。予定の日時をあとに延ばすことです。基本的なレベルの問題です。<br>「延」は「えん」、「期」は「き」と読みます。<br>したがって、正解は「えんき」になります。
JLPT_N2_LK_Ch_657,言語知識,文字,表記,5,法廷において被告の無罪を<u>しょうめい</u>するための証拠を出した。,証明,照明,証名,照名,証明,「しょうめい」の正しい漢字は「証明」です。事実であることを明らかにすることです。高度で難しいレベルの問題です。<br>「照明（あかり）」との同音異義語の誤用に注意しましょう。<br>したがって、正解は「証明」になります。
JLPT_N2_LK_Ch_658,言語知識,文字,漢字読み,4,両国間の関税率を引き下げる条約が<u>締結</u>された。,ていけつ,ていげつ,でいけつ,たいけつ,ていけつ,「締結」の正しい読み方は「ていけつ」です。条約や契約を結ぶことです。応用的なレベルの問題です。<br>「締」は濁らない「てい」と読みます。<br>したがって、正解は「ていけつ」になります。
JLPT_N2_LK_Ch_659,言語知識,文字,表記,3,売り上げの低迷を脱するために<u>ただちに</u>対策を講じる必要がある。,直ちに,直に,直ぐに,直たちに,直ちに,「ただちに」の正しい漢字表記は「直ちに」です。間を置かずすぐに行う様子を表します。標準的なレベルの問題です。<br>送り仮名の「ちに」を含めて正しく覚えましょう。<br>したがって、正解は「直ちに」になります。
JLPT_N2_LK_Ch_660,言語知識,文字,漢字読み,2,患者の術後管理は専門の看護師が<u>担当</u>している。,たんとう,たんどう,だんとう,だんどう,たんとう,「担当」の正しい読み方は「たんとう」です。受け持つの意味を表します。基本的なレベルの問題です。<br>「担」も「当」も濁音はつきません。<br>したがって、正解は「たんとう」になります。
JLPT_N2_LK_Ch_661,言語知識,文字,表記,1,登山の際は滑落防止のためハーネスの<u>ちゃくよう</u>が推奨される。,着用,着様,千用,千様,着用,「ちゃくよう」の正しい漢字は「着用」です。衣服や保護具を身につけることです。とても基礎的なレベルの問題です。<br>「様（よう）」や「千（せん）」といった類似した漢字に注意しましょう。<br>したがって、正解は「着用」になります。
JLPT_N2_LK_Ch_662,言語知識,文字,漢字読み,4,環境保護に関する国際条約が各国間で<u>締結</u>された。,ていけつ,ていげつ,でいけつ,たいけつ,ていけつ,「締結」の正しい読み方は「ていけつ」です。契約や条約を結ぶことを指します。応用的なレベルの問題です。<br>「締」は濁音のつかない「てい」と読みます。<br>したがって、正解は「ていけつ」になります。
JLPT_N2_LK_Ch_663,言語知識,文字,表記,3,教師は生徒の個々の悩みに丁寧に<u>たいおう</u>している。,対応,待応,帯応,対往,対応,「たいおう」の正しい漢字は「対応」です。周りの状況に合わせて事を行うことです。標準的なレベルの問題です。<br>「帯（たい）」などの似た漢字に注意しましょう。<br>したがって、正解は「対応」になります。
JLPT_N2_LK_Ch_664,言語知識,文字,漢字読み,5,システム障害により、決済機能が一時的に<u>麻痺</u>した。,まひ,まぴ,まんひ,まんぴ,まひ,「麻痺」の正しい読み方は「まひ」です。機能が停止して働かなくなることです。高度で難しいレベルの問題です。<br>「麻」は「ま」、「痺」は「ひ」と読みます。<br>したがって、正解は「まひ」になります。
JLPT_N2_LK_Ch_665,言語知識,文字,表記,2,病院では医療機器の<u>てんけん</u>を毎月実施している。,点検,点権,転検,転権,点検,「てんけん」の正しい漢字は「点検」です。一つひとつ検査して調べることです。基本的なレベルの問題です。<br>「転（てん）」や「権（けん）」などの漢字を使ったひっかけに注意しましょう。<br>したがって、正解は「点検」になります。
JLPT_N2_LK_Ch_666,言語知識,文字,漢字読み,1,留学生たちは日本の<u>文化</u>に触れ、多くのことを学んだ。,ぶんか,ぶんこう,ふんか,ふんこう,ぶんか,「文化」の正しい読み方は「ぶんか」です。社会の思考や行動様式などの総称です。とても基礎的なレベルの問題です。<br>「文」は「ぶん」、「化」は「か」と読みます。<br>したがって、正解は「ぶんか」になります。
JLPT_N2_LK_Ch_667,言語知識,文字,表記,5,相続をめぐる親族間の対立は、弁護士の<u>ちょうてい</u>で解決した。,調停,長停,調低,調底,調停,「ちょうてい」の正しい漢字は「調停」です。争っている双方の間に立って和解させることです。高度で難しいレベルの問題です。<br>「低（てい）」などの部首や同音異字に気をつけましょう。<br>したがって、正解は「調停」になります。
JLPT_N2_LK_Ch_668,言語知識,文字,漢字読み,3,研究チームは山麓の観測所を<u>拠点</u>に調査を続けている。,きょてん,きょでん,こてん,こでん,きょてん,「拠点」の正しい読み方は「きょてん」です。活動の中心となる重要な場所のことです。標準的なレベルの問題です。<br>「拠」は「きょ」と読みます。「こ」と間違えないようにしましょう。<br>したがって、正解は「きょてん」になります。
JLPT_N2_LK_Ch_669,言語知識,文字,表記,4,環境保護団体は開発計画の中止を<u>しゅちょう</u>している。,主張,主長,首張,首長,主張,「しゅちょう」の正しい漢字は「主張」です。自分の意見や持論を強く言い張ることです。発展的なレベルの問題です。<br>「首長（しゅちょう：集団のリーダー）」との書き間違いに注意しましょう。<br>したがって、正解は「主張」になります。
JLPT_N2_LK_Ch_670,言語知識,文字,漢字読み,1,明日の天気は全国的に<u>晴れ</u>る見込みです。,はれ,され,あれ,やれ,はれ,「晴れる」の「晴れ」の正しい読み方は「はれ」です。空に雲がなくなってよく天気がよくなることです。とても基礎的なレベルの問題です。<br>したがって、正解は「はれ」になります。
JLPT_N2_LK_Ch_671,言語知識,文字,表記,4,委員会は利害関係者を<u>はいじょ</u>した中立な立場で審査を行った。,排除,排徐,拝除,拝徐,排除,「はいじょ」の正しい漢字は「排除」です。押しのけて取り除くことです。発展的なレベルの問題です。<br>「拝（はい）」という部首や形の似ている漢字に注意しましょう。<br>したがって、正解は「排除」になります。
JLPT_N2_LK_Ch_672,言語知識,文字,漢字読み,2,大雨のため、試合は一時<u>中断</u>された。,ちゅうだん,ちゅうたん,じゅうだん,じゅうたん,ちゅうだん,「中断」の正しい読み方は「ちゅうだん」です。途中で取りやめることを意味します。基本的なレベルの問題です。<br>「中」は「ちゅう」、「断」は「だん」と読みます。<br>したがって、正解は「ちゅうだん」になります。
JLPT_N2_LK_Ch_673,言語知識,文字,表記,5,貿易摩擦の解消に向けて、両国政府が<u>ちょうてい</u>の場を設けた。,調停,長停,調低,調底,調停,「ちょうてい」の正しい漢字は「調停」です。争っている双方の間に立って和解させることです。高度で難しいレベルの問題です。<br>「低（てい）」などの部首や同音異字に気をつけましょう。<br>したがって、正解は「調停」になります。
JLPT_N2_LK_Ch_674,言語知識,文字,漢字読み,3,彼らは温暖な気候に<u>恵</u>まれた土地で、のびのびと農業を営んでいる。,めぐ,えぐ,あぐ,つぐ,めぐ,「恵まれる」の「恵」の正しい読み方は「めぐ」です。良い状態を与えられているという意味です。標準的なレベルの問題です。<br>送り仮名を除いた「めぐ」が正解です。<br>したがって、正解は「めぐ」になります。
JLPT_N2_LK_Ch_675,言語知識,文字,表記,2,出発前に、忘れ物がないか荷物を<u>かくにん</u>した。,確認,確任,確忍,確人,確認,「かくにん」の正しい漢字は「確認」です。確かめて間違いがないか調べることです。基本的なレベルの問題です。<br>「忍（にん）」という似ている漢字のひっかけに注意してください。<br>したがって、正解は「確認」になります。
JLPT_N2_LK_Ch_676,言語知識,文字,漢字読み,5,過度な楽観的予測により、事業計画が<u>破綻</u>した。,はたん,はじょう,ばたん,ばじょう,はたん,「破綻」の正しい読み方は「はたん」です。物事の成り立ちが破れてうまくいかなくなることです。高度で難しいレベルの問題です。<br>「綻」は「たん」と読みます。「じょう」などの誤読に気をつけましょう。<br>したがって、正解は「破綻」になります。
JLPT_N2_LK_Ch_677,言語知識,文字,表記,1,このチケットはオンラインでのみ<u>はんばい</u>されている。,販売,販買,半売,半買,販売,「はんばい」の正しい漢字は「販売」です。商品を売ることです。とても基礎的なレベルの問題です。<br>「買（かう）」や「半（はん）」などの同音・対義の漢字に注意しましょう。<br>したがって、正解は「販売」になります。
JLPT_N2_LK_Ch_678,言語知識,文字,漢字読み,4,若手研究者の発見が、この分野の研究を<u>飛躍</u>させた。,ひやく,ひこう,とやく,とこう,ひやく,「飛躍」の正しい読み方は「ひやく」です。大きく跳び上がることや、急速に進歩・発展することです。応用的なレベルの問題です。<br>「飛」は「ひ」、「躍」は「やく」と読みます。<br>したがって、正解は「飛躍」になります。
JLPT_N2_LK_Ch_679,言語知識,文字,表記,3,為替の急変動に対し、企業は資金計画を見直して<u>たいおう</u>した。,対応,待応,帯応,対往,対応,「たいおう」の正しい漢字は「対応」です。周りの状況に合わせて事を行うことです。標準的なレベルの問題です。<br>「帯（たい）」などの似た漢字に注意しましょう。<br>したがって、正解は「対応」になります。
JLPT_N2_LK_Ch_680,言語知識,文字,漢字読み,2,この契約内容にはいくつかの<u>修正</u>点があります。,しゅうせい,しゅうしょう,じゅうせい,じゅうしょう,しゅうせい,「修正」の正しい読み方は「しゅうせい」です。不十分な部分や誤りを直すことです。基本的なレベルの問題です。<br>「修」は「しゅう」、「正」は「せい」と読みます。<br>したがって、正解は「しゅうせい」になります。
JLPT_N2_LK_Ch_681,言語知識,文字,表記,4,会議の時間を事前に<u>ちょうせい</u>する。,調整,長制,調制,長整,調整,「ちょうせい」の正しい漢字は「調整」です。調子や釣り合いを整えることです。発展的なレベルの問題です。<br>「長（ちょう）」や「制（せい）」などの同音異義の漢字に注意しましょう。<br>したがって、正解は「調整」になります。
JLPT_N2_LK_Ch_682,言語知識,文字,漢字読み,5,過激な論調に対して強い<u>憤り</u>を覚えた。,いきどおり,いきとおり,いかりとおり,いかりどり,いきどおり,「憤り」の正しい読み方は「いきどおり」です。激しい怒りの感情を表します。高度で難しいレベルの問題です。<br>「憤る（いきどおる）」の連用形名詞化です。「いかり」と混同しないように注意しましょう。<br>したがって、正解は「いきどおり」になります。
JLPT_N2_LK_Ch_683,言語知識,文字,表記,1,体調が悪いため本日のイベントを<u>けっせき</u>します。,欠席,血席,結席,決席,欠席,「けっせき」の正しい漢字は「欠席」です。出席すべき場所に行かないことです。とても基礎的なレベルの問題です。<br>「血」や「結」などの同音の漢字と間違えないようにしましょう。<br>したがって、正解は「欠席」になります。
JLPT_N2_LK_Ch_684,言語知識,文字,漢字読み,3,新製品の発表により株式市場が<u>活況</u>を呈した。,かっきょう,かつきょう,かっこう,かつこう,かっきょう,「活況」の正しい読み方は「かっきょう」です。活動や取引が非常に盛んな様子を意味します。標準的なレベルの問題です。<br>「活」が「かっ」と促音化します。<br>したがって、正解は「かっきょう」になります。
JLPT_N2_LK_Ch_685,言語知識,文字,表記,3,状況の変化に対して適切に<u>たいおう</u>する。,対応,待応,帯応,対往,対応,「たいおう」の正しい漢字は「対応」です。周りの状況に合わせて動くことです。標準的なレベルの問題です。<br>「帯（たい）」などの漢字混同に注意してください。<br>したがって、正解は「対応」になります。
JLPT_N2_LK_Ch_686,言語知識,文字,漢字読み,1,日本の伝統的な<u>文化</u>を学ぶ。,ぶんか,ぶんこう,ふんか,ふんこう,ぶんか,「文化」の正しい読み方は「ぶんか」です。社会の思考や行動様式などの総称です。とても基礎的なレベルの問題です。<br>「文」は「ぶん」、「化」は「か」と読みます。<br>したがって、正解は「ぶんか」になります。
JLPT_N2_LK_Ch_687,言語知識,文字,表記,5,敵対する勢力間の<u>あっせん</u>を行った。,斡旋,斡選,斡繊,斡線,斡旋,「あっせん」の正しい漢字は「斡旋」です。間に入って両者をうまく取り持つことです。高度で難しいレベルの問題です。<br>「旋」の漢字に注意しましょう。<br>したがって、正解は「斡旋」になります。
JLPT_N2_LK_Ch_688,言語知識,文字,漢字読み,4,法人の経営再建のため組織を<u>改編</u>した。,かいへん,かいべん,がいへん,がいべん,かいへん,「改編」の正しい読み方は「かいへん」です。編成を改めることです。応用的なレベルの問題です。<br>「改」は「かい」、「編」は濁らない「へん」です。<br>したがって、正解は「かいへん」になります。
JLPT_N2_LK_Ch_689,言語知識,文字,表記,2,事故を防ぐために機械の<u>てんけん</u>を行う。,点検,点権,転検,転権,点検,「てんけん」の正しい漢字は「点検」です。一つひとつ検査して調べることです。基本的なレベルの問題です。<br>「転（てん）」や「権（けん）」などの漢字を使ったひっかけに注意しましょう。<br>したがって、正解は「点検」になります。
JLPT_N2_LK_Ch_690,言語知識,文字,漢字読み,2,海外顧客とのやり取りは、語学に堪能な社員が<u>担当</u>している。,たんとう,たんどう,だんとう,だんどう,たんとう,「担当」の正しい読み方は「たんとう」です。受け持つの意味を表します。基本的なレベルの問題です。<br>「担」も「当」も濁音はつきません。<br>したがって、正解は「たんとう」になります。
JLPT_N2_LK_Ch_691,言語知識,文字,表記,1,新サービスの提供は来月から<u>かいし</u>される予定だ。,開始,開市,関始,関市,開始,「かいし」の正しい漢字は「開始」です。物事をはじめることです。とても基礎的なレベルの問題です。<br>「関（かん）」や「市（し）」といった似た漢字との間違いに注意しましょう。<br>したがって、正解は「開始」になります。
JLPT_N2_LK_Ch_692,言語知識,文字,漢字読み,4,二人の意見はほとんどの点で<u>合致</u>していた。,がっち,ごっち,がち,ごち,がっち,「合致」の正しい読み方は「がっち」です。ぴったり一致することを意味します。応用的なレベルの問題です。<br>「合」は「がっ」、「致」は「ち」と読みます。<br>したがって、正解は「合致」になります。
JLPT_N2_LK_Ch_693,言語知識,文字,表記,3,店舗スタッフはクレームに冷静に<u>たいおう</u>した。,対応,待応,帯応,対往,対応,「たいおう」の正しい漢字は「対応」です。周りの状況に合わせて事を行うことです。標準的なレベルの問題です。<br>「帯（たい）」などの似た漢字に注意しましょう。<br>したがって、正解は「対応」になります。
JLPT_N2_LK_Ch_694,言語知識,文字,漢字読み,5,事故の影響で、この区間の鉄道ダイヤは<u>麻痺</u>状態が続いている。,まひ,まぴ,まんひ,まんぴ,まひ,「麻痺」の正しい読み方は「まひ」です。機能が停止して働かなくなることです。高度で難しいレベルの問題です。<br>「麻」は「ま」、「痺」は「ひ」と読みます。<br>したがって、正解は「まひ」になります。
JLPT_N2_LK_Ch_695,言語知識,文字,表記,2,飼い主にはペットを最後まで世話する<u>せきにん</u>がある。,責任,積任,関任,責認,責任,「せきにん」の正しい漢字は「責任」です。自分が引き受けるべき務めや立場のことです。基本的なレベルの問題です。<br>「関（かん）」など同じ読み方の別の漢字と間違えないようにしましょう。<br>したがって、正解は「責任」になります。
JLPT_N2_LK_Ch_696,言語知識,文字,漢字読み,1,探検隊は物資を積み込み、密林の奥地へと<u>出発</u>した。,しゅっぱつ,しゅつはつ,じゅっぱつ,じゅつはつ,しゅっぱつ,「出発」の正しい読み方は「しゅっぱつ」です。目的地に向かって出かけることです。とても基礎的なレベルの問題です。<br>「出」と「発」の間に促音（小さい「つ」）が入ります。<br>したがって、正解は「しゅっぱつ」になります。
JLPT_N2_LK_Ch_697,言語知識,文字,表記,5,建設工事をめぐる住民との対立は、行政の<u>ちょうてい</u>で和解に至った。,調停,長停,調低,調底,調停,「ちょうてい」の正しい漢字は「調停」です。争っている双方の間に立って和解させることです。高度で難しいレベルの問題です。<br>「低（てい）」などの部首や同音異字に気をつけましょう。<br>したがって、正解は「調停」になります。
JLPT_N2_LK_Ch_698,言語知識,文字,漢字読み,3,この寺院は古くから信仰の<u>拠点</u>として栄えてきた。,きょてん,きょでん,こてん,こでん,きょてん,「拠点」の正しい読み方は「きょてん」です。活動の中心となる重要な場所のことです。標準的なレベルの問題です。<br>「拠」は「きょ」と読みます。「こ」と間違えないようにしましょう。<br>したがって、正解は「きょてん」になります。
JLPT_N2_LK_Ch_699,言語知識,文字,表記,4,大気中の汚染物質を<u>はいじょ</u>する浄化装置を導入した。,排除,排徐,拝除,拝徐,排除,「はいじょ」の正しい漢字は「排除」です。押しのけて取り除くことです。発展的なレベルの問題です。<br>「拝（はい）」という部首や形の似ている漢字に注意しましょう。<br>したがって、正解は「排除」になります。
JLPT_N2_LK_Ch_700,言語知識,文字,漢字読み,2,停電の影響で、手術が一時<u>中断</u>される事態となった。,ちゅうだん,ちゅうたん,じゅうだん,じゅうたん,ちゅうだん,「中断」の正しい読み方は「ちゅうだん」です。途中で取りやめることを意味します。基本的なレベルの問題です。<br>「中」は「ちゅう」、「断」は「だん」と読みます。<br>したがって、正解は「ちゅうだん」になります。
JLPT_N2_LK_Ch_701,言語知識,文字,表記,1,避難訓練は合図とともに<u>かいし</u>された。,開始,開市,関始,関市,開始,「かいし」の正しい漢字は「開始」です。物事をはじめることです。とても基礎的なレベルの問題です。<br>「関（かん）」や「市（し）」といった似た漢字との間違いに注意しましょう。<br>したがって、正解は「開始」になります。
JLPT_N2_LK_Ch_702,言語知識,文字,漢字読み,4,このデータは、事前の予測とほぼ<u>合致</u>する結果となった。,がっち,ごっち,がち,ごち,がっち,「合致」の正しい読み方は「がっち」です。ぴったり一致することを意味します。応用的なレベルの問題です。<br>「合」は「がっ」、「致」は「ち」と読みます。<br>したがって、正解は「合致」になります。
JLPT_N2_LK_Ch_703,言語知識,文字,表記,3,新しい広告キャンペーンをSNS上で<u>てんかい</u>した。,展開,展改,転開,転改,展開,「てんかい」の正しい漢字は「展開」です。広げて繰り広げることです。標準的なレベルの問題です。<br>「転（てん）」や「改（かい）」などの漢字混同に注意しましょう。<br>したがって、正解は「展開」になります。
JLPT_N2_LK_Ch_704,言語知識,文字,漢字読み,5,豪雨により、河川周辺の排水機能が<u>麻痺</u>してしまった。,まひ,まぴ,まんひ,まんぴ,まひ,「麻痺」の正しい読み方は「まひ」です。機能が停止して働かなくなることです。高度で難しいレベルの問題です。<br>「麻」は「ま」、「痺」は「ひ」と読みます。<br>したがって、正解は「まひ」になります。
JLPT_N2_LK_Ch_705,言語知識,文字,表記,2,政治家には国民の暮らしを守る<u>せきにん</u>が課せられている。,責任,積任,関任,責認,責任,「せきにん」の正しい漢字は「責任」です。自分が引き受けるべき務めや立場のことです。基本的なレベルの問題です。<br>「関（かん）」など同じ読み方の別の漢字と間違えないようにしましょう。<br>したがって、正解は「責任」になります。
JLPT_N2_LK_Ch_706,言語知識,文字,漢字読み,1,貨物船は予定より1時間遅れて<u>出発</u>した。,しゅっぱつ,しゅつはつ,じゅっぱつ,じゅつはつ,しゅっぱつ,「出発」の正しい読み方は「しゅっぱつ」です。目的地に向かって出かけることです。とても基礎的なレベルの問題です。<br>「出」と「発」の間に促音（小さい「つ」）が入ります。<br>したがって、正解は「しゅっぱつ」になります。
JLPT_N2_LK_Ch_707,言語知識,文字,表記,5,スポーツ団体内の対立は、外部委員による<u>ちょうてい</u>で収まった。,調停,長停,調低,調底,調停,「ちょうてい」の正しい漢字は「調停」です。争っている双方の間に立って和解させることです。高度で難しいレベルの問題です。<br>「低（てい）」などの部首や同音異字に気をつけましょう。<br>したがって、正解は「調停」になります。
JLPT_N2_LK_Ch_708,言語知識,文字,漢字読み,3,反乱軍は山岳地帯を<u>拠点</u>に勢力を拡大した。,きょてん,きょでん,こてん,こでん,きょてん,「拠点」の正しい読み方は「きょてん」です。活動の中心となる重要な場所のことです。標準的なレベルの問題です。<br>「拠」は「きょ」と読みます。「こ」と間違えないようにしましょう。<br>したがって、正解は「きょてん」になります。
JLPT_N2_LK_Ch_709,言語知識,文字,表記,4,このフィルターは水道水から不純物を<u>はいじょ</u>する。,排除,排徐,拝除,拝徐,排除,「はいじょ」の正しい漢字は「排除」です。押しのけて取り除くことです。発展的なレベルの問題です。<br>「拝（はい）」という部首や形の似ている漢字に注意しましょう。<br>したがって、正解は「排除」になります。
JLPT_N2_LK_Ch_710,言語知識,文字,漢字読み,2,急な仕様変更により、システムを一時<u>停止</u>した。,ていし,ていじ,じょうし,じょうじ,ていし,「停止」の正しい読み方は「ていし」です。途中で動きをとめることです。基本的なレベルの問題です。<br>「停」は「てい」、「止」は「し」と読みます。<br>したがって、正解は「ていし」になります。
JLPT_N2_LK_Ch_711,言語知識,文字,表記,1,手術の前に、患者の氏名と手術部位を医師と看護師が<u>かくにん</u>する。,確認,確任,確忍,確人,確認,「かくにん」の正しい漢字は「確認」です。確かめて間違いがないか調べることです。とても基礎的なレベルの問題です。<br>「忍（にん）」などの似ている漢字に注意しましょう。<br>したがって、正解は「確認」になります。
JLPT_N2_LK_Ch_712,言語知識,文字,漢字読み,4,目撃者の証言は、現場の状況証拠と<u>合致</u>していた。,がっち,ごっち,がち,ごち,がっち,「合致」の正しい読み方は「がっち」です。ぴったり一致することを意味します。応用的なレベルの問題です。<br>「合」は「がっ」、「致」は「ち」と読みます。<br>したがって、正解は「合致」になります。
JLPT_N2_LK_Ch_713,言語知識,文字,表記,3,災害発生時の<u>たいおう</u>マニュアルを全社員に配布した。,対応,待応,帯応,対往,対応,「たいおう」の正しい漢字は「対応」です。周りの状況に合わせて事を行うことです。標準的なレベルの問題です。<br>「帯（たい）」などの似た漢字に注意しましょう。<br>したがって、正解は「対応」になります。
JLPT_N2_LK_Ch_714,言語知識,文字,漢字読み,5,サイバー攻撃を受け、社内のネットワークが一時<u>麻痺</u>した。,まひ,まぴ,まんひ,まんぴ,まひ,「麻痺」の正しい読み方は「まひ」です。機能が停止して働かなくなることです。高度で難しいレベルの問題です。<br>「麻」は「ま」、「痺」は「ひ」と読みます。<br>したがって、正解は「まひ」になります。
JLPT_N2_LK_Ch_715,言語知識,文字,表記,2,工場のラインは稼働前に安全<u>てんけん</u>を受ける。,点検,点権,転検,転権,点検,「てんけん」の正しい漢字は「点検」です。一つひとつ検査して調べることです。基本的なレベルの問題です。<br>「転（てん）」や「権（けん）」などの漢字を使ったひっかけに注意しましょう。<br>したがって、正解は「点検」になります。
JLPT_N2_LK_Ch_716,言語知識,文字,漢字読み,1,若者の間で新しい<u>文化</u>が次々と生まれている。,ぶんか,ぶんこう,ふんか,ふんこう,ぶんか,「文化」の正しい読み方は「ぶんか」です。社会の思考や行動様式などの総称です。とても基礎的なレベルの問題です。<br>「文」は「ぶん」、「化」は「か」と読みます。<br>したがって、正解は「ぶんか」になります。
JLPT_N2_LK_Ch_717,言語知識,文字,表記,5,賃貸契約のトラブルは、消費者センターの<u>ちょうてい</u>で解決した。,調停,長停,調低,調底,調停,「ちょうてい」の正しい漢字は「調停」です。争っている双方の間に立って和解させることです。高度で難しいレベルの問題です。<br>「低（てい）」などの部首や同音異字に気をつけましょう。<br>したがって、正解は「調停」になります。
JLPT_N2_LK_Ch_718,言語知識,文字,漢字読み,3,NPOはこの施設を<u>拠点</u>に、被災地支援を続けている。,きょてん,きょでん,こてん,こでん,きょてん,「拠点」の正しい読み方は「きょてん」です。活動の中心となる重要な場所のことです。標準的なレベルの問題です。<br>「拠」は「きょ」と読みます。「こ」と間違えないようにしましょう。<br>したがって、正解は「きょてん」になります。
JLPT_N2_LK_Ch_719,言語知識,文字,表記,4,組織改革では、非効率な業務プロセスを<u>はいじょ</u>することが目標だ。,排除,排徐,拝除,拝徐,排除,「はいじょ」の正しい漢字は「排除」です。押しのけて取り除くことです。発展的なレベルの問題です。<br>「拝（はい）」という部首や形の似ている漢字に注意しましょう。<br>したがって、正解は「排除」になります。
JLPT_N2_LK_Ch_720,言語知識,文字,漢字読み,2,提出前に、誤字脱字がないか原稿を<u>修正</u>した。,しゅうせい,しゅうしょう,じゅうせい,じゅうしょう,しゅうせい,「修正」の正しい読み方は「しゅうせい」です。不十分な部分や誤りを直すことです。基本的なレベルの問題です。<br>「修」は「しゅう」、「正」は「せい」と読みます。<br>したがって、正解は「しゅうせい」になります。
JLPT_N2_LK_Ch_721,言語知識,文字,表記,1,工事は近隣住民への説明を終えてから<u>かいし</u>された。,開始,開市,関始,関市,開始,「かいし」の正しい漢字は「開始」です。物事をはじめることです。とても基礎的なレベルの問題です。<br>「関（かん）」や「市（し）」といった似た漢字との間違いに注意しましょう。<br>したがって、正解は「開始」になります。
JLPT_N2_LK_Ch_722,言語知識,文字,漢字読み,5,不正が発覚し、多くの市民が強い<u>憤り</u>を表明した。,いきどおり,いきとおり,いかりとおり,いかりどり,いきどおり,「憤り」の正しい読み方は「いきどおり」です。激しい怒りの感情を表します。高度で難しいレベルの問題です。<br>「憤る（いきどおる）」の連用形名詞化です。「いかり」と混同しないように注意しましょう。<br>したがって、正解は「いきどおり」になります。
JLPT_N2_LK_Ch_723,言語知識,文字,表記,3,通訳者は文化の違いにも配慮して<u>たいおう</u>する。,対応,待応,帯応,対往,対応,「たいおう」の正しい漢字は「対応」です。周りの状況に合わせて事を行うことです。標準的なレベルの問題です。<br>「帯（たい）」などの似た漢字に注意しましょう。<br>したがって、正解は「対応」になります。
JLPT_N2_LK_Ch_724,言語知識,文字,漢字読み,4,リーグは参加チーム数の変動に伴い、組織の<u>再編</u>を行った。,さいへん,さいべん,さへん,さべん,さいへん,「再編」の正しい読み方は「さいへん」です。再び編制し直すことを意味します。応用的なレベルの問題です。<br>「再」は「さい」、「編」は半濁音にならない「へん」と読みます。<br>したがって、正解は「再編」になります。
JLPT_N2_LK_Ch_725,言語知識,文字,表記,2,バスの運転手は出発前に車両の<u>てんけん</u>を義務付けられている。,点検,点権,転検,転権,点検,「てんけん」の正しい漢字は「点検」です。一つひとつ検査して調べることです。基本的なレベルの問題です。<br>「転（てん）」や「権（けん）」などの漢字を使ったひっかけに注意しましょう。<br>したがって、正解は「点検」になります。
JLPT_N2_LK_Ch_726,言語知識,文字,漢字読み,1,新入社員研修の一行は、朝早くバスで研修所へ<u>出発</u>した。,しゅっぱつ,しゅつはつ,じゅっぱつ,じゅつはつ,しゅっぱつ,「出発」の正しい読み方は「しゅっぱつ」です。目的地に向かって出かけることです。とても基礎的なレベルの問題です。<br>「出」と「発」の間に促音（小さい「つ」）が入ります。<br>したがって、正解は「しゅっぱつ」になります。
JLPT_N2_LK_Ch_727,言語知識,文字,表記,5,職業安定所は求職者に対して就職の<u>あっせん</u>を行っている。,斡旋,斡選,斡繊,斡線,斡旋,「あっせん」の正しい漢字は「斡旋」です。間に入って両者をうまく取り持つことです。高度で難しいレベルの問題です。<br>「旋」の漢字に注意しましょう。<br>したがって、正解は「斡旋」になります。
JLPT_N2_LK_Ch_728,言語知識,文字,漢字読み,3,彼は健康な体に<u>恵</u>まれ、年齢を感じさせない活躍を続けている。,めぐ,えぐ,あぐ,つぐ,めぐ,「恵まれる」の「恵」の正しい読み方は「めぐ」です。良い状態や環境を与えられるという意味です。標準的なレベルの問題です。<br>送り仮名を除いた「めぐ」が正解です。<br>したがって、正解は「めぐ」になります。
JLPT_N2_LK_Ch_729,言語知識,文字,表記,4,審査委員は私情を<u>はいじょ</u>し、公平に評価を行った。,排除,排徐,拝除,拝徐,排除,「はいじょ」の正しい漢字は「排除」です。押しのけて取り除くことです。発展的なレベルの問題です。<br>「拝（はい）」という部首や形の似ている漢字に注意しましょう。<br>したがって、正解は「排除」になります。
