question_id,category_lv1,category_lv2,category_lv3,difficulty,question_text,option_1,option_2,option_3,option_4,correct_answer,explanation
JLPT_LK_N2_004,言語知識,語彙,語形成,3,彼の行動には（ ______ ）責任なところがある。,無,不,非,未,無,「責任（せきにん）」の前につく言葉は「無」で、「無責任（むせきにん）」になります。<br>「不責任」や「非責任」「未責任」という言葉はありません。<br>「無責任（むせきにん）」は、責任（せきにん）を持（も）たないことという意味（いみ）です。
JLPT_LK_N2_005,言語知識,語彙,文脈規定,3,道路が（ ______ ）混雑していて、車が全然進まない。,びっしり,じっくり,ひっそり,めっきり,びっしり,「びっしり」は、隙間（すきま）なく詰（つ）まっている様子（ようす）を表（あらわ）します。<br>「じっくり」は、時間（じかん）をかけて丁寧（ていねい）に行（おこな）う様子です。<br>「ひっそり」は、静（しず）かな様子です。<br>「めっきり」は、急（きゅう）に変化（へんか）する様子です。
JLPT_LK_N2_006,言語知識,語彙,言い換え類義,3,会議の時間を<u>変更</u>した。,ずらした,はぶいた,ひかえた,あきらめた,ずらした,「変更（へんこう）する」と「ずらす」は、予定（よてい）や時間を変（か）えるという意味（いみ）で同じです。<br>「省（はぶ）く」は、いらないものを取り除く（とりのぞく）という意味です。<br>「控（ひか）える」は、やめたり少（すく）なくしたりすることです。<br>「諦（あきら）める」は、やめることです。
JLPT_LK_N2_007,言語知識,語彙,用法,3,<u>さわやか</u>,朝の空気を吸ったら、さわやかな気分になった。,雨が激しく降って、さわやかな天気だ。,荷物が重すぎて、さわやかに持てない。,彼は怒ると、とてもさわやかな顔をする。,朝の空気を吸ったら、さわやかな気分になった。,「さわやか」は、気持ちがよい様子（ようす）に使（つか）います。<br>雨（あめ）が激（はげ）しい天気（てんき）や、重（おも）い荷物（にもつ）、怒（おこ）った顔（かお）には使えません。
JLPT_LK_N2_013,言語知識,語彙,語形成,3,ゴミを減らすために、ペットボトルを（ ______ ）利用する。,再,新,過,初,再,「利用（りよう）」の前につく言葉は「再」で、「再利用（さいりよう）」になります。<br>「新利用」「過利用」「初利用」という言葉はありません。<br>「再利用（さいりよう）」は、もう一度（いちど）使うという意味（いみ）です。
JLPT_LK_N2_014,言語知識,語彙,文脈規定,3,忙しくて大切な約束を（ ______ ）忘れてしまった。,うっかり,ぐっすり,こっそり,すっきり,うっかり,「うっかり」は、注意（ちゅうい）が足りなくて忘（わす）れたり失敗（しっぱい）したりする様子（ようす）を表（あらわ）します。<br>「ぐっすり」は、よく眠（ねむ）る様子です。<br>「こっそり」は、人に見られないように隠（かく）れて行う様子です。<br>「すっきり」は、気持ちが爽（さわ）やかになる様子です。
JLPT_LK_N2_015,言語知識,語彙,言い換え類義,3,駅で<u>たまたま</u>昔の友達に会った。,偶然,突然,当然,必然,偶然,「たまたま」と「偶然（ぐうぜん）」は、予想（よそう）していなかったことが起こるという意味（いみ）で同じです。<br>「突然（とつぜん）」は、急（きゅう）にという意味です。<br>「当然（とうぜん）」は、当たり前（あたりまえ）という意味です。<br>「必然（ひつぜん）」は、かならずそうなるという意味です。
JLPT_LK_N2_016,言語知識,語彙,用法,3,<u>あっさり</u>,難しい問題をあっさり解いてしまった。,毎日あっさりと勉強を続けている。,電車が遅れてあっさり遅刻した。,荷物が軽くてあっさりと持てた。,難しい問題をあっさり解いてしまった。,「あっさり」は、簡単（かんたん）に、または短時間（たんじかん）で物事（ものごと）が行われる様子（ようす）に使（つか）います。<br>勉強（べんきょう）を継続（けいぞく）することや、電車（でんしゃ）の遅延（ちえん）、荷物（にもつ）の軽さには使いません。
JLPT_LK_N2_023,言語知識,語彙,語形成,3,この製品は（ ______ ）完成品のため、もう少し作業が必要です。,未,無,非,不,未,「完成品（かんせいひん）」の前につく言葉は「未」で、「未完成品（みかんせいひん）」になります。<br>「無完成品」「非完成品」「不完成品」という言葉はありません。<br>「未（み）」は、まだ〜していないという意味（いみ）を表（あらわ）します。
JLPT_LK_N2_024,言語知識,語彙,文脈規定,3,彼の説明はとても（ ______ ）していて、誰にでも分かりやすい。,明確,優秀,正直,活発,明確,「明確（めいかく）」は、はっきりしていて分かりやすい様子（ようす）を表（あらわ）します。<br>「優秀（ゆうしゅう）」は頭が良いことや能力が高いことです。<br>「正直（しょうじき）」は嘘（うそ）をつかないことです。<br>「活発（かっぱつ）」は元気に動く様子です。
JLPT_LK_N2_025,言語知識,語彙,言い換え類義,3,面接で自分の長所を<u>アピール</u>した。,強調した,想像した,相談した,質問した,強調した,「アピールする」と「強調（きょうちょう）する」は、自分の良いところなどを強く伝えるという意味（いみ）で同じです。<br>「想像（そうぞう）する」は心の中で考えることです。<br>「相談（そうだん）する」は意見を聞くことです。<br>「質問（しつもん）する」は尋ねる（たずねる）ことです。
JLPT_LK_N2_026,言語知識,語彙,用法,3,<u>深刻</u>,水不足の問題がますます深刻になっている。,彼はとても深刻な性格で、誰とでもすぐ友達になる。,昨日は深刻な雨が降って大変だった。,このテストは深刻に難しい。,水不足の問題がますます深刻になっている。,「深刻（しんこく）」は、問題（もんだい）などが重くて大変（たいへん）な状態（じょうたい）に使（つか）います。<br>性格（せいかく）が明るいことや、強い雨（あめ）、問題の難しさには使いません。
JLPT_LK_N2_033,言語知識,語彙,語形成,3,この商品は（ ______ ）製品のため、保証が付いています。,日本製,日本化,日本性,日本感,日本製,「日本」の後ろにつく言葉は「製」で、「日本製（にほんせい）」になります。<br>「日本化」「日本性」「日本感」という組み合わせは不自然です。<br>「〜製（せい）」は、どこで作られたかを表（あらわ）します。
JLPT_LK_N2_034,言語知識,語彙,文脈規定,3,急な雨に降られて、（ ______ ）濡れてしまった。,びしょびしょ,あっさり,うっすら,うっかり,びしょびしょ,「びしょびしょ」は、水や雨でとても濡（ぬ）れている様子（ようす）を表（あらわ）します。<br>「あっさり」は簡単な様子です。<br>「うっすら」は少しだけ見える様子です。<br>「うっかり」は注意（ちゅうい）を忘れる様子です。
JLPT_LK_N2_035,言語知識,語彙,言い換え類義,3,計画を<u>実行</u>に移す。,行う,考える,止める,変える,行う,「実行（じっこう）する」と「行う（おこなう）」は、実際に計画したことをやってみるという意味（いみ）で同じです。<br>「考える（かんがえる）」は頭で思うことです。<br>「止める（とめる）」はやめることです。<br>「変える（かえる）」は違うものにすることです。
JLPT_LK_N2_036,言語知識,語彙,用法,3,<u>わずか</u>,わずかな時間だが、カフェで休憩した。,今日の気温はわずかに暑い。,彼はわずかに大きい声で歌った。,この服はわずかに高い品質だ。,わずかな時間だが、カフェで休憩した。,「わずか」は、数量（すうりょう）や時間（じかん）がとても少ない様子（ようす）に使（つか）います。<br>気温（きおん）の高さや声の大きさ、品質（ひんしつ）の良さには使いません。
JLPT_LK_N2_043,言語知識,語彙,語形成,3,この地域は台風による被害が（ ______ ）拡大している。,再,高,超,未,再,「拡大（かくだい）」の前につく言葉は「再」で、「再拡大（さいかくだい）」になります。<br>「高拡大」「超拡大」「未拡大」という組み合わせは不自然です。<br>「再（さい）」は、もう一度（いちど）〜するという意味（いみ）を表（あらわ）します。
JLPT_LK_N2_044,言語知識,語彙,文脈規定,3,友達と意見が合わず、（ ______ ）ケンカになってしまった。,危うく,うっかり,うっすら,すっかり,危うく,「危うく（あやうく）」は、「もう少しで悪い状態になりそうだった」という意味（いみ）を表（あらわ）します。<br>「うっかり」は注意（ちゅうい）不足の様子です。<br>「うっすら」は少しだけ見える様子です。<br>「すっかり」は完全にという意味です。
JLPT_LK_N2_045,言語知識,語彙,言い換え類義,3,彼の説明はいつも<u>簡潔</u>だ。,手短だ,複雑だ,曖昧だ,退屈だ,手短だ,「簡潔（かんけつ）」と「手短（てみじか）」は、短くてまとまっているという意味（いみ）で同じです。<br>「複雑（ふくざつ）」はわかりにくいことです。<br>「曖昧（あいまい）」は、はっきりしないことです。<br>「退屈（たいくつ）」はおもしろくないことです。
JLPT_LK_N2_046,言語知識,語彙,用法,3,<u>手際</u>,彼は手際よく料理を作った。,手際がいい靴を買った。,手が冷たいので手際を温めた。,手際が広い部屋に引っ越した。,彼は手際よく料理を作った。,「手際（てぎわ）」は、仕事（しごと）や作業（さぎょう）を進めるやり方や効率（こうりつ）に使（つか）います。<br>靴（くつ）や体の一部、部屋（へや）の広さには使いません。
JLPT_LK_N2_053,言語知識,語彙,語形成,3,この地域は人口の（ ______ ）減少が問題になっている。,過度,高過,超過,過小,過度,「減少（げんしょう）」の前につく言葉は「過度」で、「過度な減少」または「過度な〜」の形で使います。<br>「高過」「超過」「過小」は直後（ちょくご）のつながりとして不自然です。<br>「過度（かど）」は、度（ど）を超えているという意味（いみ）です。
JLPT_LK_N2_054,言語知識,語彙,文脈規定,3,彼は約束の時間を（ ______ ）忘れていた。,すっかり,すっきり,しっかり,あっさり,すっかり,「すっかり」は、完全（かんぜん）に、全部（ぜんぶ）という意味（いみ）を表（あらわ）します。<br>「あっさり」は、簡単（かんたん）な様子（ようす）を表すので、合いません。<br>「しっかり」は、丁寧（ていねい）に行う様子を表すので、合いません。<br>「すっきり」は、気分（きぶん）が良（よ）くなる様子を表すので、合いません。<br>N2の標準的な言葉です。
JLPT_LK_N2_055,言語知識,語彙,言い換え類義,3,彼の主張はいつも<u>一貫</u>している。,ブレない,変わる,曖昧だ,矛盾する,ブレない,「一貫（いっかん）している」と「ブレない」は、考えや行動が変わらないという意味（いみ）で同じです。<br>「変わる（かわる）」は別の状態になることです。<br>「曖昧（あいまい）」は、はっきりしないことです。<br>「矛盾（むじゅん）する」は筋道（すじみち）が合わないことです。
JLPT_LK_N2_056,言語知識,語彙,用法,3,<u>工夫</u>,勉強の工夫をして、効率を上げた。,車を工夫して事故を起こした。,風邪を引いたので工夫を飲んだ。,雨が強いので工夫をさした。,勉強の工夫をして、効率を上げた。,「工夫（くふう）」は、良い方法（ほうほう）を考えることに使（つか）います。<br>事故（じこ）を起こすことや、薬（くすり）を飲むこと、傘（かさ）をさすことには使いません。
JLPT_LK_N2_063,言語知識,語彙,語形成,3,製品の安全性を高めるために、（ ______ ）加工を施す。,特殊,特有,特定,特長,特殊,「加工（かこう）」の前につく言葉は「特殊」で、「特殊加工（とくしゅかこう）」になります。<br>「特有加工」「特定加工」「特長加工」という組み合わせは不自然です。<br>「特殊（とくしゅ）」は、普通（ふつう）と違（ちが）っているという意味（いみ）です。
JLPT_LK_N2_064,言語知識,語彙,文脈規定,3,途中で雨が降り出したが、（ ______ ）濡れずに済んだ。,幸い,あいにく,あくまて,あらかじめ,幸い,「幸（さいわ）い」は、運（うん）よく都合（つごう）が良い状態（じょうたい）になったことを表（あらわ）します。<br>「あいにく」は都合が悪い様子です。<br>「あくまで」は最後までやり通す様子です。<br>「あらかじめ」は事前にという意味です。
JLPT_LK_N2_065,言語知識,語彙,言い換え類義,3,古いルールを<u>廃止</u>した。,やめた,変えた,守った,増やした,やめた,「廃止（はいし）する」と「やめる」は、それまで行（おこな）っていたことをなくすという意味（いみ）で同じです。<br>「変（か）える」は別の状態にすることです。<br>「守（まも）る」はルール通りにすることです。<br>「増（ふ）やす」は量を多くすることです。
JLPT_LK_N2_066,言語知識,語彙,用法,3,<u>手軽</u>,手軽に作れる料理のレシピを探している。,この服は手軽に重くて温かい。,彼は手軽なスピードで走り抜けた。,手軽な台風が近づいているので注意が必要だ。,手軽に作れる料理のレシピを探している。,「手軽（てがる）」は、手間（てま）や時間がかからず簡単（かんたん）な様子（ようす）に使（つか）います。<br>服の重さや走るスピード、台風（たいふう）には使いません。
JLPT_LK_N2_073,言語知識,語彙,語形成,3,この製品は（ ______ ）分解ができるため、環境に優しい。,自然,自発,自家,自立,自然,「分解（ぶんかい）」の前につく言葉は「自然」で、「自然分解（しぜんぶんかい）」になります。<br>「自発分解」「自家分解」「自立分解」という組み合わせは不自然です。<br>「自然（しぜん）」は、人の手を加（くわ）えないでそのままの状態という意味（いみ）です。
JLPT_LK_N2_074,言語知識,語彙,文脈規定,3,途中で諦めずに（ ______ ）努力を続けた。,コツコツ,うっすら,すっかり,あっさり,コツコツ,「コツコツ」は、地道（じみち）に休（やす）まず頑張（がんば）る様子（ようす）を表（あらわ）します。<br>「うっすら」は少しだけ見える様子です。<br>「すっかり」は完全（かんぜん）にという意味です。<br>「あっさり」は簡単（かんたん）な様子です。
JLPT_LK_N2_075,言語知識,語彙,言い換え類義,3,彼の提案は<u>効果的</u>だった。,有効だった,不便だった,曖昧だった,慎重だった,有効だった,「効果的（こうかてき）」と「有効（ゆうこう）」は、目的（もくてき）によい影響（えいきょう）や結果（けっか）があるという意味（いみ）で同じです。<br>「不便（ふべん）」は使いにくいことです。<br>「曖昧（あいまい）」は、はっきりしないことです。<br>「慎重（しんちょう）」は注意深（ちゅういぶか）いことです。
JLPT_LK_N2_076,言語知識,語彙,用法,3,<u>几帳面</u>,彼は几帳面な性格だから、部屋がいつも綺麗だ。,昨日は几帳面な雨が降り続けた。,几帳面な味付けの料理を食べた。,この電車は几帳面に速く走る。,彼は几帳面な性格だから、部屋がいつも綺麗だ。,「几帳面（きちょうめん）」は、きちんと丁寧（ていねい）に物事（ものごと）をする性格（せいかく）に使（つか）います。<br>雨（あめ）の降り方や料理の味（あじ）、電車のスピードには使いません。
JLPT_LK_N2_083,言語知識,語彙,語形成,3,この部品は（ ______ ）可能性が高く、コスト削減につながる。,再利用,再使,再用,再動,再利用,「可能性（かのうせい）」の前（まえ）につく自然（しぜん）な言葉は「再利用（さいりよう）」です。<br>「再使」「再用」「再動」という言葉はありません。<br>「再利用（さいりよう）」は、もう一度（いちど）使（つか）うという意味（いみ）です。<br>N2の標準的な語形成の問題です。
JLPT_LK_N2_084,言語知識,語彙,文脈規定,3,目の前で花火が上がって、（ ______ ）声を上げた。,思わず,うっかり,すっかり,あっさり,思わず,「思（おも）わず」は、考（かんが）える前（まえ）に、体（からだ）や心（こころ）が自然（しぜん）に動（うご）いてしまう様子（ようす）を表（あらわ）します。<br>「あっさり」は、簡単（かんたん）に物事（ものごと）が終（お）わる様子です。<br>「うっかり」は、注意（ちゅうい）が足（た）りなくて失敗（しっぱい）する様子です。<br>「すっかり」は、完全（かんぜん）にという意味（いみ）です。<br>どれも驚（おどろ）いた瞬間（しゅんかん）の反応（はんのう）を表す言葉ではないので、ここでは合いません。<br>N2の標準的な言葉です。
JLPT_LK_N2_085,言語知識,語彙,言い換え類義,3,彼の提案を<u>採用</u>した。,取り入れた,取り消した,断った,検討した,取り入れた,「採用（さいよう）する」と「取り入れる（とりいれる）」は、良い意見や方法を選んで使うという意味（いみ）で同じです。<br>「取り消す」はやめることです。<br>「断る」は受け入れないことです。<br>「検討する」は考えることです。
JLPT_LK_N2_086,言語知識,語彙,用法,3,<u>冷静</u>,どんなトラブルが起きても冷静に対応することが大切だ。,彼は冷静なスピードで走り抜けた。,今日は冷静な天気が続いている。,冷静なカバンを買ったので荷物が入る。,どんなトラブルが起きても冷静に対応することが大切だ。,「冷静（れいせい）」は、感情（かんじょう）にならず落ち着いている様子（ようす）に使（つか）います。<br>スピードの速さや天気（てんき）、カバンの大きさには使いません。
JLPT_LK_N2_093,言語知識,語彙,語形成,3,製品の安全基準を満たしていない（ ______ ）格品が混ざっていた。,不,無,非,未,不,「格品（かくひん）」の前につく言葉は「不」で、「不合格品（ふごうかくひん）」や「規格外（きかくがい）」などの文脈における「不格品（ふかくひん / 不規格）」の用法として「不（ふ）」が適しています。<br>「無」「非」「未」という組み合わせは不自然です。<br>「不（ふ）」は、〜ではない、〜が良くないという意味（いみ）を表（あらわ）します。
JLPT_LK_N2_094,言語知識,語彙,文脈規定,3,会議の資料に（ ______ ）目を通して準備を整えた。,ざっと,しっかり,うっかり,びっしり,ざっと,「ざっと」は、短時間（たんじかん）で大まかに全体（ぜんたい）を見る様子（ようす）を表（あらわ）します。<br>「しっかり」は細かく丁寧に行う様子です。<br>「うっかり」は注意不足の様子です。<br>「びっしり」は隙間なく詰まっている様子です。
JLPT_LK_N2_095,言語知識,語彙,言い換え類義,3,彼の説明はとても<u>あいまい</u>だった。,不明確だった,簡潔だった,正確だった,具体的だった,不明確だった,「あいまい」と「不明確（ふめいかく）」は、はっきりしなくて分かりにくいという意味（いみ）で同じです。<br>「簡潔（かんけつ）」は手短でわかりやすいことです。<br>「正確（せいかく）」は間違いがないことです。<br>「具体（ぐたい）的」は分かりやすい例があることです。
JLPT_LK_N2_096,言語知識,語彙,用法,3,<u>柔軟</u>,状況に応じて柔軟に対応することが求められる。,彼は柔軟なスピードで走って1位になった。,この建物は柔軟に高くて目立つ。,柔軟な雨が降り続いて道路が濡れた。,状況に応じて柔軟に対応することが求められる。,「柔軟（じゅうなん）」は、変化（へんか）に合わせて頭（あたま）や考え方をやわらかく変（か）えられる様子（ようす）に使（つか）います。<br>走るスピードや建物の高さ、雨（あめ）には使いません。
JLPT_LK_N2_103,言語知識,語彙,語形成,3,この商品は（ ______ ）分解が可能なため、環境にやさしい。,生分解,生分解性,生分解化,生分解感,生分解性,「生分解（せいぶんかい）」の後ろにつく言葉は「性」で、「生分解性（せいぶんかいせい）」になります。<br>「生分解」「生分解化」「生分解感」という組み合わせは文法（ぶんぽう）的に不自然です。<br>「〜性（せい）」は、そのような性質（せいしつ）を持っていることを表（あらわ）します。
JLPT_LK_N2_104,言語知識,語彙,文脈規定,3,熱いお茶に触れて、（ ______ ）手を引っ込めた。,思わず,うっかり,すっかり,あっさり,思わず,「思（おも）わず」は、考（かんが）える前（まえ）に、体（からだ）や心（こころ）が自然（しぜん）に動（うご）いてしまう様子（ようす）を表（あらわ）します。<br>「あっさり」は、簡単（かんたん）に物事（ものごと）が終（お）わる様子です。<br>「うっかり」は、注意（ちゅうい）が足（た）りなくて失敗（しっぱい）する様子です。<br>「すっかり」は、完全（かんぜん）にという意味（いみ）です。<br>どれも驚（おどろ）いた瞬間（しゅんかん）の反応（はんのう）を表す言葉ではないので、ここでは合いません。<br>N2の標準的な言葉です。
JLPT_LK_N2_105,言語知識,語彙,言い換え類義,3,彼の説明はいつも<u>論理的</u>だ。,筋が通っている,感覚的だ,曖昧だ,複雑だ,筋が通っている,「論理的（ろんりてき）」と「筋（すじ）が通（とお）っている」は、考えや話の順番（じゅんばん）がしっかりしていて正しいという意味（いみ）で同じです。<br>「感覚的（かんかくてき）」は気持ちで判断することです。<br>「曖昧（あいまい）」は、はっきりしないことです。<br>「複雑（ふくざつ）」は分かりにくいことです。
JLPT_LK_N2_106,言語知識,語彙,用法,3,<u>適切</u>,状況に応じて適切な判断をすることが求められる。,彼はとても適切に足が速い。,今日は適切に雨が降って寒かった。,適切に重い荷物を運んだ。,状況に応じて適切な判断をすることが求められる。,「適切（てきせつ）」は、その場（ば）や目的にちょうど合（あ）っている様子（ようす）に使（つか）います。<br>足の速さや雨（あめ）の振り方、荷物（にもつ）の重さには使いません。
JLPT_LK_N2_113,言語知識,語彙,語形成,3,この生地は（ ______ ）耐久性があり、長年愛用できる。,高,超,再,未,高,「耐久性（たいきゅうせい）」の前（まえ）につく言葉は「高（こう）」で、「高耐久性（こうたいきゅうせい）」になります。<br>「超（ちょう）」「再（さい）」「未（み）」という組（く）み合（あ）わせは不自然（ふしぜん）です。<br>「高（こう）〜」は、程度（ていど）が高いことを表（あらわ）す言葉です。<br>N2の標準的な語形成の問題です。
JLPT_LK_N2_114,言語知識,語彙,文脈規定,3,予定より遅れていた作業が、（ ______ ）終わった。,ようやく,うっかり,すっかり,あっさり,ようやく,「ようやく」は、長い時間（じかん）がかかって、苦労（くろう）の末（すえ）に目的（もくてき）が達成（たっせい）される様子（ようす）を表（あらわ）します。<br>「うっかり」は注意（ちゅうい）不足の様子です。<br>「すっかり」は完全にという意味です。<br>「あっさり」は簡単な様子です。
JLPT_LK_N2_115,言語知識,語彙,言い換え類義,3,彼の言葉には<u>矛盾</u>がある。,筋が通っていない,筋が通っている,明確だ,簡潔だ,筋が通っていない,「矛盾（むじゅん）している」と「筋（すじ）が通（とお）っていない」は、前の話と後ろの話が合わなくておかしいという意味（いみ）で同じです。<br>「筋が通っている」は正しい論理（ろんり）のことです。<br>「明確（めいかく）」はわかりやすいことです。<br>「簡潔（かんけつ）」は手短（てみじか）なことです。
JLPT_LK_N2_116,言語知識,語彙,用法,3,<u>冷静</u>,トラブルが起きても冷静に対応することが大切だ。,彼は冷静なスピードで走って優勝した。,今日は冷静な天気が続いていて気持ちがいい。,冷静な服を着て出かけた。,トラブルが起きても冷静に対応することが大切だ。,「冷静（れいせい）」は、感情（かんじょう）にならず落ち着いている様子（ようす）に使（つか）います。<br>走るスピードや天気（てんき）、服には使いません。
JLPT_LK_N2_123,言語知識,語彙,語形成,3,この容器は（ ______ ）分解が可能な素材で作られている。,生分解,生分解性,生分解化,生分解感,生分解性,「分解（ぶんかい）」の後（うし）ろにつく正しい言葉は「性（せい）」で、「生分解性（せいぶんかいせい）」になります。<br>「生分解」は「性」がなく、名詞（めいし）としての形（かたち）が整（ととの）っていません。<br>「生分解化」「生分解感」という言葉はありません。<br>「〜性（せい）」は、そのような性質（せいしつ）を持（も）っているという意味（いみ）を表（あらわ）す言葉です。<br>N2の標準的な語形成の問題です。
JLPT_LK_N2_124,言語知識,語彙,文脈規定,3,面白い話を聞いて、（ ______ ）笑ってしまった。,思わず,うっかり,すっかり,あっさり,思わず,「思（おも）わず」は、考（かんが）える前（まえ）に、体（からだ）や心（こころ）が自然（しぜん）に動（うご）いてしまう様子（ようす）を表（あらわ）します。<br>「あっさり」は、簡単（かんたん）に物事（ものごと）が終（お）わる様子です。<br>「うっかり」は、注意（ちゅうい）が足（た）りなくて失敗（しっぱい）する様子です。<br>「すっかり」は、完全（かんぜん）にという意味（いみ）です。<br>どれも驚（おどろ）いた瞬間（しゅんかん）の反応（はんのう）を表す言葉ではないので、ここでは合いません。<br>N2の標準的な言葉です。
JLPT_LK_N2_125,言語知識,語彙,言い換え類義,3,彼の話は<u>あいまい</u>で分かりにくい。,不明確,簡潔,正確,具体的,不明確,「あいまい」と「不明確（ふめいかく）」は、はっきりしなくて分（わ）かりにくいという意味（いみ）で同（おな）じです。<br>「具体的（ぐたいてき）」は分かりやすい例（れい）があることなので、反対（はんたい）の意味です。<br>「正確（せいかく）」は間違（まちが）いがないことなので、合いません。<br>「簡潔（かんけつ）」は短（みじか）くまとまっていることなので、合いません。<br>N2の標準的な言い換えの問題です。
JLPT_LK_N2_126,言語知識,語彙,用法,3,<u>適切</u>,状況に応じて適切な対応をすることが求められる。,彼はとても適切に足が速い。,今日は適切に雨が降って寒かった。,適切に重い荷物を一人で運んだ。,状況に応じて適切な対応をすることが求められる。,「適切（てきせつ）」は、その場（ば）や目的にちょうど合（あ）っている様子（ようす）に使（つか）います。<br>足の速さや雨（あめ）の振り方、荷物（にもつ）の重さには使いません。
JLPT_LK_N2_133,言語知識,語彙,語形成,3,事故を防ぐため、（ ______ ）注意を払う必要がある。,細心,細小,細長,細部,細心,「注意（ちゅうい）」の前につく言葉は「細心」で、「細心の注意（さいしんのちゅうい）」になります。<br>「細小」「細長」「細部」は注意という言葉と結びつきません。<br>「細心（さいしん）」は、とても細かいところまで気をつけるという意味（いみ）です。
JLPT_LK_N2_134,言語知識,語彙,文脈規定,3,彼の演技は非常に（ ______ ）で、観客を魅了した。,見事,見事さ,見物,見物人,見事,「見事（みごと）」は、とても素晴（すば）らしい様子（ようす）を表（あらわ）します。<br>「〜な」につながる形容動詞（けいようどうし）として使います。<br>「見物（けんぶつ）」や「見物人（けんぶつにん）」は意味が合いません。
JLPT_LK_N2_135,言語知識,語彙,言い換え類義,3,古い制度を<u>改革</u>する。,改める,見守る,繰り返す,引き継ぐ,改める,「改革（かいかく）する」と「改（あらた）める」は、良くないところを直して新しくするという意味（いみ）で同じです。<br>「見守る」は見ていることです。<br>「繰り返す」は何度も行うことです。<br>「引き継ぐ」は次の人に渡すことです。
JLPT_LK_N2_136,言語知識,語彙,用法,3,<u>謙虚</u>,彼は実績があっても常に謙虚な態度をとっている。,謙虚な建物が新しく建った。,今日は謙虚な天気で気持ちがいい。,謙虚な荷物を一人で持ち運んだ。,彼は実績があっても常に謙虚な態度をとっている。,「謙虚（けんきょ）」は、威張らないで（いばらないで）素直な（すなおな）態度（たいど）や性格（せいかく）に使（つか）います。<br>建物（たてもの）や天気（てんき）、荷物（にもつ）には使いません。
JLPT_LK_N2_143,言語知識,語彙,語形成,3,古い家具の（ ______ ）可能性を検討するワークショップが開かれた。,再利用,再使,再用,再動,再利用,「可能性（かのうせい）」の前（まえ）につく自然（しぜん）な言葉は「再利用（さいりよう）」です。<br>「再使」「再用」「再動」という言葉はありません。<br>「再利用（さいりよう）」は、もう一度（いちど）使（つか）うという意味（いみ）です。<br>N2の標準的な語形成の問題です。
JLPT_LK_N2_144,言語知識,語彙,文脈規定,3,後ろから名前を呼ばれて、（ ______ ）振り返った。,思わず,うっかり,すっかり,あっさり,思わず,「思（おも）わず」は、考（かんが）える前（まえ）に、体（からだ）や心（こころ）が自然（しぜん）に動（うご）いてしまう様子（ようす）を表（あらわ）します。<br>「あっさり」は、簡単（かんたん）に物事（ものごと）が終（お）わる様子です。<br>「うっかり」は、注意（ちゅうい）が足（た）りなくて失敗（しっぱい）する様子です。<br>「すっかり」は、完全（かんぜん）にという意味（いみ）です。<br>どれも驚（おどろ）いた瞬間（しゅんかん）の反応（はんのう）を表す言葉ではないので、ここでは合いません。<br>N2の標準的な言葉です。
JLPT_LK_N2_145,言語知識,語彙,言い換え類義,3,彼の説明はいつも<u>明確</u>だ。,はっきりしている,あいまいだ,複雑だ,手短だ,はっきりしている,「明確（めいかく）」と「はっきりしている」は、分かりやすくて疑い（うたがい）がないという意味（いみ）で同じです。<br>「あいまい」はわかりにくいことです。<br>「複雑（ふくざつ）」は組み立てが細かいことです。<br>「手短（てみじか）」は時間が短いことです。
JLPT_LK_N2_146,言語知識,語彙,用法,3,<u>慎重</u>,重大な決定をするときは慎重に考えるべきだ。,彼は慎重なスピードで走って1位になった。,今日は慎重な天気で外遊びにぴったりだ。,慎重な鞄を買ったのでたくさん物が入る。,重大な決定をするときは慎重に考えるべきだ。,「慎重（しんちょう）」は、間違いがないように注意深（ちゅういぶか）く行う様子（ようす）に使（つか）います。<br>走るスピードや天気（てんき）、鞄（かばん）の大きさには使いません。
JLPT_LK_N2_153,言語知識,語彙,語形成,3,事故の防止に向けて、（ ______ ）対策を講じる。,再発,再起,再開,再来,再発,「対策（たいさく）」の前につく表現として自然なのは「再発」で、「再発防止（さいはつぼうし）」などの形で使います。<br>「再起」「再開」「再来」は「対策」と組み合わさる語形成として不自然です。<br>「再発（さいはつ）」は、同じ良くないことがもう一度（いちど）起こることという意味（いみ）です。
JLPT_LK_N2_154,言語知識,語彙,文脈規定,3,途中でトラブルがあったが、（ ______ ）予定通りに完了した。,どうにか,うっかり,すっかり,あっさり,どうにか,「どうにか」は、大変（たいへん）だったがなんとか手段（しゅだん）を見つけて達成（たっせい）する様子（ようす）を表（あらわ）します。<br>「うっかり」は注意不足の様子です。<br>「すっかり」は完全にという意味です。<br>「あっさり」は簡単な様子です。
JLPT_LK_N2_155,言語知識,語彙,言い換え類義,3,彼の提案は<u>画期的</u>だ。,斬新だ,平凡だ,曖昧だ,複雑だ,斬新だ,「画期的（かっきてき）」と「斬新（ざんしん）」は、これまでにない新しいアイデアや工夫（くふう）があるという意味（いみ）で同じです。<br>「平凡（へいぼん）」は普通（ふつう）のことです。<br>「曖昧（あいまい）」は、はっきりしないことです。<br>「複雑（ふくざつ）」は分かりにくいことです。
JLPT_LK_N2_156,言語知識,語彙,用法,3,<u>適切</u>,会議の資料は事前に配布するのが適切だ。,彼はいつも適切なスピードで100メートルを走る。,今日は適切な湿度で洗濯物がよく乾いた。,適切な力でドアを閉めたら壊れてしまった。,会議の資料は事前に配布するのが適切だ。,「適切（てきせつ）」は、その場（ば）や目的（もくてき）にちょうど合（あ）っている様子（ようす）を表（あらわ）します。<br>選択肢2は「速さ」、選択肢3は「湿度（しつど）」、選択肢4は「力（ちから）の強（つよ）さ」を表しており、「適切」はこのような単純（たんじゅん）な程度（ていど）には使いません。<br>N2の標準的な用法の問題です。
JLPT_LK_N2_163,言語知識,語彙,語形成,3,製品の品質を保つため、（ ______ ）検査を実施する。,全数,全量,全額,全開,全数,「検査（けんさ）」の前につく表現として自然なのは「全数」で、「全数検査（ぜんすうけんさ）」になります。<br>「全量」「全額」「全開」は「検査」と結びつく語形成として不自然です。<br>「全数（ぜんすう）」は、すべてを対象（たいしょう）にするという意味（いみ）です。
JLPT_LK_N2_164,言語知識,語彙,文脈規定,3,台風の被害で、畑の作物は（ ______ ）だめになってしまった。,すっかり,すっきり,しっかり,あっさり,すっかり,「すっかり」は、完全（かんぜん）に、全部（ぜんぶ）という意味（いみ）を表（あらわ）します。<br>「あっさり」は、簡単（かんたん）な様子（ようす）を表すので、合いません。<br>「しっかり」は、丁寧（ていねい）に行う様子を表すので、合いません。<br>「すっきり」は、気分（きぶん）が良（よ）くなる様子を表すので、合いません。<br>N2の標準的な言葉です。
JLPT_LK_N2_165,言語知識,語彙,言い換え類義,3,彼の行動はとても<u>柔軟</u>だ。,臨機応変だ,頑固だ,曖昧だ,大雑把だ,臨機応変だ,「柔軟（じゅうなん）」と「臨機応変（りんきおうへん）」は、状況（じょうきょう）に合わせて適切（てきせつ）にやり方を変えられるという意味（いみ）で同じです。<br>「頑固（がんこ）」は自分の考えを変えないことです。<br>「曖昧（あいまい）」は、はっきりしないことです。<br>「大雑把（おおざっぱ）」は細かく気をつけないことです。
JLPT_LK_N2_166,言語知識,語彙,用法,3,<u>几帳面</u>,彼は几帳面な性格なので、整理整頓を欠かさない。,昨日は几帳面な大雨が降った。,几帳面な甘さのケーキを食べた。,この電車は几帳面にスピードを上げる。,彼は几帳面な性格なので、整理整頓を欠かさない。,「几帳面（きちょうめん）」は、細かくきちんと丁寧（ていねい）に行う性格（せいかく）に使（つか）います。<br>雨（あめ）の降り方や食べ物の味（あじ）、電車の速度には使いません。
JLPT_LK_N2_173,言語知識,語彙,語形成,3,新しい包装材は（ ______ ）分解が可能なため、廃棄後も環境への影響が少ない。,生分解,生分解性,生分解化,生分解感,生分解性,「分解（ぶんかい）」の後（うし）ろにつく正しい言葉は「性（せい）」で、「生分解性（せいぶんかいせい）」になります。<br>「生分解」は「性」がなく、名詞（めいし）としての形（かたち）が整（ととの）っていません。<br>「生分解化」「生分解感」という言葉はありません。<br>「〜性（せい）」は、そのような性質（せいしつ）を持（も）っているという意味（いみ）を表（あらわ）す言葉です。<br>N2の標準的な語形成の問題です。
JLPT_LK_N2_174,言語知識,語彙,文脈規定,3,大きな地震を感じて、（ ______ ）机の下に隠れた。,思わず,うっかり,すっかり,あっさり,思わず,「思（おも）わず」は、考（かんが）える前（まえ）に、体（からだ）や心（こころ）が自然（しぜん）に動（うご）いてしまう様子（ようす）を表（あらわ）します。<br>「あっさり」は、簡単（かんたん）に物事（ものごと）が終（お）わる様子です。<br>「うっかり」は、注意（ちゅうい）が足（た）りなくて失敗（しっぱい）する様子です。<br>「すっかり」は、完全（かんぜん）にという意味（いみ）です。<br>どれも驚（おどろ）いた瞬間（しゅんかん）の反応（はんのう）を表す言葉ではないので、ここでは合いません。<br>N2の標準的な言葉です。
JLPT_LK_N2_175,言語知識,語彙,言い換え類義,3,彼の伝え方は<u>あいまい</u>で分かりにくい。,不明確,簡潔,正確,具体的,不明確,「あいまい」と「不明確（ふめいかく）」は、はっきりしなくて分（わ）かりにくいという意味（いみ）で同（おな）じです。<br>「具体的（ぐたいてき）」は分かりやすい例（れい）があることなので、反対（はんたい）の意味です。<br>「正確（せいかく）」は間違（まちが）いがないことなので、合いません。<br>「簡潔（かんけつ）」は短（みじか）くまとまっていることなので、合いません。<br>N2の標準的な言い換えの問題です。
JLPT_LK_N2_176,言語知識,語彙,用法,3,<u>適切</u>,状況に応じて言葉遣いを適切に変えることが大切だ。,彼女は適切な速さでピアノを弾き終えた。,今朝は適切な冷え込みで布団から出たくなかった。,適切な重さのリュックを背負って山を登った。,状況に応じて言葉遣いを適切に変えることが大切だ。,「適切（てきせつ）」は、その場（ば）や目的（もくてき）にちょうど合（あ）っている様子（ようす）を表（あらわ）します。<br>選択肢2は「速さ」、選択肢3は「気温（きおん）」、選択肢4は「重（おも）さ」を表しており、「適切」はこのような単純（たんじゅん）な程度には使いません。<br>N2の標準的な用法の問題です。
JLPT_LK_N2_183,言語知識,語彙,語形成,3,このストローは（ ______ ）分解が可能な植物由来の材料でできている。,生分解,生分解性,生分解化,生分解感,生分解性,「分解（ぶんかい）」の後（うし）ろにつく正しい言葉は「性（せい）」で、「生分解性（せいぶんかいせい）」になります。<br>「生分解」は「性」がなく、名詞（めいし）としての形（かたち）が整（ととの）っていません。<br>「生分解化」「生分解感」という言葉はありません。<br>「〜性（せい）」は、そのような性質（せいしつ）を持（も）っているという意味（いみ）を表（あらわ）す言葉です。<br>N2の標準的な語形成の問題です。
JLPT_LK_N2_184,言語知識,語彙,文脈規定,3,珍しい動物を見つけて、（ ______ ）カメラを構えた。,思わず,うっかり,すっかり,あっさり,思わず,「思（おも）わず」は、考（かんが）える前（まえ）に、体（からだ）や心（こころ）が自然（しぜん）に動（うご）いてしまう様子（ようす）を表（あらわ）します。<br>「あっさり」は、簡単（かんたん）に物事（ものごと）が終（お）わる様子です。<br>「うっかり」は、注意（ちゅうい）が足（た）りなくて失敗（しっぱい）する様子です。<br>「すっかり」は、完全（かんぜん）にという意味（いみ）です。<br>どれも驚（おどろ）いた瞬間（しゅんかん）の反応（はんのう）を表す言葉ではないので、ここでは合いません。<br>N2の標準的な言葉です。
JLPT_LK_N2_185,言語知識,語彙,言い換え類義,3,彼の計画は非常に<u>緻密</u>だ。,細かい,大雑把だ,曖昧だ,大げさだ,細かい,「緻密（ちみつ）」と「細かい（こまかい）」は、計画や作業に隙間やミスがなく、注意深く整理されているという意味（いみ）で同じです。<br>「大雑把（おおざっぱ）」は大まかなことです。<br>「曖昧（あいまい）」は、はっきりしないことです。<br>「大げさ」は事実より誇張することです。
JLPT_LK_N2_186,言語知識,語彙,用法,3,<u>適切</u>,状況に応じて適切な言葉遣いを選択することが重要だ。,彼はとても適切に足が速い。,今日は適切に雨が降って寒かった。,適切に重い荷物を一人で運んだ。,状況に応じて適切な言葉遣いを選択することが重要だ。,「適切（てきせつ）」は、その場（ば）や目的にちょうど合（あ）っている様子（ようす）に使（つか）います。<br>足の速さや雨（あめ）の振り方、荷物（にもつ）の重さには使いません。
JLPT_LK_N2_193,言語知識,語彙,語形成,3,長年の研究が実を結び、（ ______ ）革新的な技術が誕生した。,技術,新技術,画期,超技術,技術,「革新的（かくしんてき）」な技術（ぎじゅつ）という文脈（ぶんみゃく）で、接頭辞（せっとうじ）を組み合わせる問題では「新」をつけて「新技術（しんぎじゅつ）」とする形が自然（しぜん）です。<br>「新技術（しんぎじゅつ）」は、新しく作られた技術という意味です。
JLPT_LK_N2_194,言語知識,語彙,文脈規定,3,試験の前に、復習を（ ______ ）行って万全の態勢を整えた。,念入りに,大雑把に,うっかり,あっさり,念入りに,「念入り（ねんいり）に」は、細（こま）かいところまで注意（ちゅうい）してしっかり行う様子（ようす）を表（あらわ）します。<br>「大雑把に」は大まかな様子です。<br>「うっかり」は注意不足の様子です。<br>「あっさり」は簡単な様子です。
JLPT_LK_N2_195,言語知識,語彙,言い換え類義,3,彼の説明はいつも<u>簡潔</u>だ。,要領を得ている,複雑だ,曖昧だ,冗長だ,要領を得ている,「簡潔（かんけつ）」と「要領（ようりょう）を得（え）ている」は、無駄（むだ）がなく大事なポイントがしっかりまとまっているという意味（いみ）で同じです。<br>「複雑（ふくざつ）」は分かりにくいことです。<br>「曖昧（あいまい）」は、はっきりしないことです。<br>「冗長（じょうちょう）」は無駄に長いことです。
JLPT_LK_N2_196,言語知識,語彙,用法,3,<u>妥当</u>,現状を考慮すると、今回の判断は妥当だと言える。,彼はとても妥当に足が速い。,今日は妥当な雨が降って寒かった。,妥当に重い荷物を一人で運んだ。,現状を考慮すると、今回の判断は妥当だと言える。,「妥当（だとう）」は、考えや判断（はんだん）が正（ただ）しくて適切（てきせつ）な様子（ようす）に使（つか）います。<br>足の速さや雨（あめ）の振り方、荷物（にもつ）の重さには使いません。
JLPT_LK_N2_203,言語知識,語彙,語形成,3,この製品は環境に配慮された（ ______ ）分解性のプラスチックで作られている。,生,自,自発,生動,生,「分解性（ぶんかいせい）」の前につく表現として適切なのは「生」で、「生分解性（せいぶんかいせい）」になります。<br>「自分解性」「自発分解性」などの組み合わせは不自然です。<br>「生分解性（せいぶんかいせい）」は、微生物などの働きで自然に分解される性質を表（あらわ）します。
JLPT_LK_N2_204,言語知識,語彙,文脈規定,3,意外な結果を知って、（ ______ ）涙が出た。,思わず,うっかり,すっかり,あっさり,思わず,「思（おも）わず」は、考（かんが）える前（まえ）に、体（からだ）や心（こころ）が自然（しぜん）に動（うご）いてしまう様子（ようす）を表（あらわ）します。<br>「あっさり」は、簡単（かんたん）に物事（ものごと）が終（お）わる様子です。<br>「うっかり」は、注意（ちゅうい）が足（た）りなくて失敗（しっぱい）する様子です。<br>「すっかり」は、完全（かんぜん）にという意味（いみ）です。<br>どれも驚（おどろ）いた瞬間（しゅんかん）の反応（はんのう）を表す言葉ではないので、ここでは合いません。<br>N2の標準的な言葉です。
JLPT_LK_N2_205,言語知識,語彙,言い換え類義,3,彼の提案は非常に<u>画期的</u>だった。,斬新だった,平凡だった,曖昧だった,慎重だった,斬新だった,「画期的（かっきてき）」と「斬新（ざんしん）」は、これまでにない新しい発想や工夫があるという意味（いみ）で同じです。<br>「平凡（へいぼん）」は普通のことです。<br>「曖昧（あいまい）」は、はっきりしないことです。<br>「慎重（しんちょう）」は注意深いことです。
JLPT_LK_N2_206,言語知識,語彙,用法,3,<u>適切</u>,状況に応じて適切な処置をとることが求められる。,彼はとても適切に走るのが速い。,今日は適切に雨が降って寒かった。,適切に重い荷物を一人で持ち上げた。,状況に応じて適切な処置をとることが求められる。,「適切（てきせつ）」は、その場（ば）や目的にちょうど合（あ）っている様子（ようす）に使（つか）います。<br>足の速さや雨（あめ）の降る状態、荷物（にもつ）の重さには使いません。
JLPT_LK_N2_213,言語知識,語彙,語形成,3,メーカーは（ ______ ）耐久性を売りにした新製品を発表した。,高,超,再,未,高,「耐久性（たいきゅうせい）」の前（まえ）につく言葉は「高（こう）」で、「高耐久性（こうたいきゅうせい）」になります。<br>「超（ちょう）」「再（さい）」「未（み）」という組（く）み合（あ）わせは不自然（ふしぜん）です。<br>「高（こう）〜」は、程度（ていど）が高いことを表（あらわ）す言葉です。<br>N2の標準的な語形成の問題です。
JLPT_LK_N2_214,言語知識,語彙,文脈規定,3,足元で何かが動いて、（ ______ ）飛び上がった。,思わず,うっかり,すっかり,あっさり,思わず,「思（おも）わず」は、考（かんが）える前（まえ）に、体（からだ）や心（こころ）が自然（しぜん）に動（うご）いてしまう様子（ようす）を表（あらわ）します。<br>「あっさり」は、簡単（かんたん）に物事（ものごと）が終（お）わる様子です。<br>「うっかり」は、注意（ちゅうい）が足（た）りなくて失敗（しっぱい）する様子です。<br>「すっかり」は、完全（かんぜん）にという意味（いみ）です。<br>どれも驚（おどろ）いた瞬間（しゅんかん）の反応（はんのう）を表す言葉ではないので、ここでは合いません。<br>N2の標準的な言葉です。
JLPT_LK_N2_215,言語知識,語彙,言い換え類義,3,彼の説明は非常に<u>論理的</u>だった。,筋が通っていた,感覚的だった,曖昧だった,複雑だった,筋が通っていた,「論理的（ろんりてき）」と「筋（すじ）が通（とお）っていた」は、考えや話の順番（じゅんばん）がしっかりしていて正しいという意味（いみ）で同じです。<br>「感覚的」は気持ちで判断することです。<br>「曖昧」は、はっきりしないことです。<br>「複雑」は分かりにくいことです。
JLPT_LK_N2_216,言語知識,語彙,用法,3,<u>冷静</u>,どんなトラブルが起きても冷静に対処することが求められる。,彼は冷静なスピードで走って1位になった。,今日は冷静な天気が続いていて気持ちがいい。,冷静な鞄を買ったので荷物が入る。,どんなトラブルが起きても冷静に対処することが求められる。,「冷静（れいせい）」は、感情（かんじょう）にならず落ち着いている様子（ようす）に使（つか）います。<br>走るスピードや天気（てんき）、鞄（かばん）の大きさには使いません。
JLPT_LK_N2_223,言語知識,語彙,語形成,3,今回の発見により、（ ______ ）エネルギーの活用に一歩近づいた。,新,初,発,起,新,「エネルギー」の前につく表現として自然なのは「新」で、「新エネルギー（しんエネルギー）」になります。<br>「初エネルギー」「発エネルギー」などの組み合わせは不自然です。<br>「新（しん）〜」は、新しい種類のものを表（あらわ）します。
JLPT_LK_N2_224,言語知識,語彙,文脈規定,3,冷たい風が吹いて、（ ______ ）肩をすくめた。,思わず,うっかり,すっかり,あっさり,思わず,「思（おも）わず」は、考（かんが）える前（まえ）に、体（からだ）や心（こころ）が自然（しぜん）に動（うご）いてしまう様子（ようす）を表（あらわ）します。<br>「あっさり」は、簡単（かんたん）に物事（ものごと）が終（お）わる様子です。<br>「うっかり」は、注意（ちゅうい）が足（た）りなくて失敗（しっぱい）する様子です。<br>「すっかり」は、完全（かんぜん）にという意味（いみ）です。<br>どれも驚（おどろ）いた瞬間（しゅんかん）の反応（はんのう）を表す言葉ではないので、ここでは合いません。<br>N2の標準的な言葉です。
JLPT_LK_N2_225,言語知識,語彙,言い換え類義,3,彼女の主張は常に<u>一貫</u>している。,ブレがない,曖昧だ,変化しやすい,矛盾している,ブレがない,「一貫（いっかん）している」と「ブレがない」は、考えや態度が途中で変わらず筋が通っているという意味（いみ）で同じです。<br>「曖昧（あいまい）」は、はっきりしないことです。<br>「変化しやすい」は変わりやすいことです。<br>「矛盾（むじゅん）している」は辻褄が合わないことです。
JLPT_LK_N2_226,言語知識,語彙,用法,3,<u>厳正</u>,試験は厳正に行われなければならない。,彼は非常に厳正なスピードで走った。,今日は厳正な雨が降って寒かった。,厳正に重い荷物を運んだ。,試験は厳正に行われなければならない。,「厳正（げんせい）」は、不正がなく非常に厳格で正しい様子（ようす）に使（つか）います。<br>走るスピードや天気（てんき）、荷物（にもつ）の重さには使いません。
JLPT_LK_N2_241,言語知識,語彙,文脈規定,1,荷物を運ぶのを（ ______ ）してくれたので助かった。,手伝い,邪魔,遠慮,無視,手伝い,「助かった」という文脈に合うのは「手伝い」です。<br>「邪魔」「遠慮」「無視」は文脈に合いません。<br>「手伝い（てつだい）」は、他人の仕事を助けることです。
JLPT_LK_N2_242,言語知識,語彙,語形成,2,環境への悪影響を減らすため、（ ______ ）分解性の素材を採用した。,生,自,再,高,生,「分解性」の前について「微生物によって分解される性質」を表す接頭辞は「生」です。<br>「生分解性（せいぶんかいせい）」が正解です。
JLPT_LK_N2_243,言語知識,語彙,言い換え類義,2,彼の説明はいつも<u>簡潔</u>だ。,短くて分かりやすい,複雑で長い,曖昧で不十分だ,丁寧だが遅い,短くて分かりやすい,「簡潔（かんけつ）」は「無駄がなく短くて分かりやすい」という意味です。<br>「複雑で長い」「曖昧」「丁寧だが遅い」は適しません。
JLPT_LK_N2_244,言語知識,語彙,用法,4,<u>画期的</u>,従来の課題を克服する画新的な新技術が開発された。,画期的なスピードで走って1位になった。,今日は画期的な大雨が降っている。,画期的に重い荷物を一人で持ち上げた。,従来の課題を克服する画新的な新技術が開発された。,「画期的（かっきてき）」は、時代を開くほど新しい工夫や発見がある様子に使います。<br>走る速度、雨の量、荷物の重さなどの単なる度合いには使いません。
JLPT_LK_N2_245,言語知識,語彙,文脈規定,5,彼の隠された思惑を（ ______ ）見抜いて対策を講じた。,いち早く,うっかり,すっかり,あっさり,いち早く,「いち早く」は、他のだれよりも早く、速やかにという意味を表します。<br>「うっかり」「すっかり」「あっさり」は文脈に合いません。
JLPT_LK_N2_246,言語知識,語彙,言い換え類義,4,彼の発言は非常に<u>曖昧</u>だった。,不確実だった,明確だった,論理的だった,具体的だった,不確実だった,「曖昧（あいまい）」は、態度や内容がはっきりしない様子を表します。<br>「明確」「論理的」「具体的」は反対の意味に近い言葉です。
JLPT_LK_N2_247,言語知識,語彙,用法,1,<u>案内</u>,駅の改札口で友達に道案内を頼んだ。,彼は案内なスピードで走った。,案内な雨が降って寒かった。,案内な鞄を買った。,駅の改札口で友達に道案内を頼んだ。,「案内（あんない）」は、事情や道筋を教え導くことに使います。<br>走るスピード、天気、鞄などの描写には使いません。
JLPT_LK_N2_248,言語知識,語彙,語形成,5,過度な開発により（ ______ ）破壊が進んでいる。,環境,自然,生態,空間,環境,自然環境や地球環境を壊すことを表す熟語形成として「環境破壊（かんきょうはかい）」が最も一般的かつ標準的な表現です。
JLPT_LK_N2_249,言語知識,語彙,文脈規定,2,約束の時間に（ ______ ）遅れてしまった。,うっかり,思わず,すっかり,あっさり,うっかり,「うっかり」は、不注意で失敗してしまう様子を表します。<br>「思わず」「すっかり」「あっさり」は文脈に合いません。
JLPT_LK_N2_250,言語知識,語彙,言い換え類義,5,事件の真相は依然として<u>不透明</u>なままだ。,よく分からない,明確になっている,解決している,公開されている,よく分からない,「不透明（ふとうめい）」は、将来の見通しや事実関係がはっきり解明されていない様子（よく分からない状態）を表します。
JLPT_LK_N2_271,言語知識,語彙,語形成,1,プラスチックのごみを減らすため、（ ______ ）利用できる容器を使う。,再,新,未,初,再,「利用（りよう）」の前につけて「もう一度（いちど）利用する」という意味（いみ）を作る言葉は「再（さい）」で、「再利用（さいりよう）」となります。<br>「新利用」「未利用」「初利用」という組み合わせは不自然（ふしぜん）です。<br>N2の基本（きほん）的な語形成（ごけいせい）の問題（もんだい）ですので、確実に覚えましょう。
JLPT_LK_N2_272,言語知識,語彙,文脈規定,1,友達（ともだち）に大切な本を貸してもらったので、（ ______ ）扱った。,丁寧,乱暴,適当,邪魔,丁寧,「大切な本を貸してもらった」という文脈（ぶんみゃく）に合うのは、大切（たいせつ）に扱うことを表す「丁寧（ていねい）」です。<br>「乱暴（らんぼう）」は雑にする様子、「適当（てきとう）」は加減が雑な様子、「邪魔（じゃま）」は妨げになることです。<br>日常（にちじょう）でよく使う基礎（きそ）的な言葉の理解を問う問題です。
JLPT_LK_N2_273,言語知識,語彙,言い換え類義,2,彼はいつも<u>急速</u>に仕事を片付ける。,とても速く,とても慎重に,とても静かに,とても丁寧に,とても速く,「急速（きゅうそく）に」は「進むスピードがとても速い（はやい）様子（ようす）」を表します。<br>「慎重（しんちょう）に」「静か（しずか）に」「丁寧（ていねい）に」は意味（いみ）が異なります。<br>N2でよく出題（しゅつだい）される標準（ひょうじゅん）的な類義語（るいぎご）の問題です。
JLPT_LK_N2_274,言語知識,語彙,用法,2,<u>さっぱり</u>,お風呂に入って気分がさっぱりした。,荷物が重くて手がさっぱり痛い。,彼はさっぱりした速度で走った。,今日はさっぱりした大雨が降っている。,お風呂に入って気分がさっぱりした。,「さっぱり」は、気分（きぶん）やすがすがしさが爽やか（さわやか）になる様子（ようす）や、否定（ひてい）の言葉（ことば）と一緒（いっしょ）に「全然（ぜんぜん）〜ない」という意味（いみ）で使います。<br>痛み（いたみ）の強さや走る速度（そくど）、雨（あめ）の強さには使えません。<br>標準（ひょうじゅん）的なオノマトペの使い方を問う問題です。
JLPT_LK_N2_275,言語知識,語彙,語形成,4,愛憎や欲望が入り交じり、（ ______ ）人間関係が複雑に絡み合っている。,ドロドロした,ギクシャクした,キリキリした,ウトウトした,ドロドロした,愛憎（あいぞう）や欲望（よくぼう）などがもつれて醜い（みにくい）状態（じょうたい）の人間関係（にんげんかんけい）を表すのは「ドロドロした」です。<br>「ギクシャクした」は関係（かんけい）がスムーズにいかない様子、「キリキリした」は胃（い）などが痛む様子、「ウトウトした」は居眠り（いねむり）する様子です。<br>ニュアンスの理解（りかい）が必要（ひつよう）な応用（おうよう）レベルのオノマトペ表現です。
JLPT_LK_N2_276,言語知識,語彙,文脈規定,4,彼の説明は筋道が通っており、（ ______ ）余地がない。,反論の,ぐうの音の,手も足もの,首をかしげる,反論の,「筋道（すじみち）が通っている（論理的である）」という文脈（ぶんみゃく）から、「反論（はんろん）する余地（よち）がない」と続けるのが自然です。<br>「ぐうの音」や「手も足も」は文法的な繋がりが合わず、「首をかしげる」は文脈に合いません。<br>言葉の結びつきを理解（りかい）しているかが問われる応用（おうよう）問題です。
JLPT_LK_N2_277,言語知識,語彙,言い換え類義,5,相手の不躾な質問に<u>閉口</u>した。,困り果てた,感心した,納得した,喜んだ,困り果てた,「閉口（へいこう）する」は、言い返せなくなったり、嫌になって「困り果てる（こまりはてる）」という意味（いみ）を表します。<br>「感心（かんしん）した」「納得（なっとく）した」「喜んだ（よろこんだ）」は全く反対（はんたい）や無関係（むかんけい）の意味です。<br>高い語彙力（ごいりょく）が求められる発展（はってん）レベルの類義語問題です。
JLPT_LK_N2_278,言語知識,語彙,用法,5,<u>反映</u>,住民の意見を新しい公園の設計に反映させた。,鏡に自分の姿を綺麗に反映した。,彼はテストで満点を取って成績を反映した。,スイッチを押すと電球がパッと反映した。,住民の意見を新しい公園の設計に反映させた。,「反映（はんえい）する」は、影響（えいきょう）や意向（いこう）が具体的な形（かたち）となって表れる（あらわれる）ことに使います。<br>鏡（かがみ）に映る（うつる）場合は「反射（はんしゃ）」や「投影（とうえい）」、テストの点数が付く場合は「記録（きろく）」、電球（でんきゅう）がつく場合は「点灯（てんとう）」を用います。<br>抽象（ちゅうしょう）的な概念（がいねん）の正確な用法（ようほう）を問う高難度の発展（はってん）問題です。
JLPT_LK_N2_279,言語知識,語彙,文脈規定,2,事故のニュースを聞いて、自分の目を（ ______ ）しまった。,疑って,信じて,忘れて,閉じて,疑って,信じられないような出来事（できごと）を見て驚いた（おどろいた）ときは「目を疑（うたが）う」という慣用表現（かんようひょうげん）を使います。<br>「信じて」「忘れて」「閉じて」は文脈（ぶんみゃく）に合いません。<br>よく使われる標準（ひょうじゅん）的な表現（ひょうげん）の問題です。
JLPT_LK_N2_280,言語知識,語彙,言い換え類義,4,彼の主張にはいくつか<u>矛盾</u>する点がある。,つじつまが合わない,分かりにくい,納得できる,変化している,つじつまが合わない,「矛盾（むじゅん）する」は、二つの事柄（ことがら）の整合性（せいごうせい）が取れず「つじつまが合わない」という意味（いみ）を表します。<br>「分かりにくい」「納得できる」「変化している」は意味が異なります。<br>抽象度（ちゅうしょうど）の高い言葉の理解を問う応用（おうよう）レベルの問題です。
JLPT_LK_N2_301,言語知識,語彙,語形成,1,ごみを減らす（へらす）ため、（ ______ ）利用できる製品を選ぶ。,再,未,無,初,再,「利用（りよう）」の前につけて「もう一度（いちど）利用する」という意味（いみ）を作る言葉は「再（さい）」で、「再利用（さいりよう）」となります。<br>「未利用」「無利用」「初利用」という組み合わせは不自然（ふしぜん）です。<br>N2の基本（きほん）的な語形成の問題ですので、確実に押さえましょう。
JLPT_LK_N2_302,言語知識,語彙,文脈規定,2,荷物が重すぎて、途中で（ ______ ）しまった。,くたびれて,あきらめて,こぼれて,はずれて,くたびれて,「荷物が重い」という理由から「疲れて元気（げんき）がなくなる」という意味の「くたびれて」が最も適しています。<br>「あきらめて」「こぼれて」「はずれて」は文脈に合いません。<br>日常的によく使われる標準（ひょうじゅん）レベルの動詞の理解を問う問題です。
JLPT_LK_N2_303,言語知識,語彙,言い換え類義,4,彼女の意見は非常に<u>客観的</u>だ。,感情に左右されない,個人の好みに偏った,非常に曖昧な,専門性に欠けた,感情に左右されない,「客観的（きゃっかんてき）」は「自分の感情（かんじょう）や立場（たちば）を離れて、事実（じじつ）に基づいている様子」を表します。<br>「個人の好みに偏った」「曖昧」「専門性に欠けた」は適しません。<br>抽象度の高い言葉のニュアンスを理解しているかが問われる応用（おうよう）レベルの問題です。
JLPT_LK_N2_304,言語知識,語彙,用法,5,<u>著しい</u>,技術の進歩によって生産性が著しく向上した。,彼は著しいスピードでご飯を食べ終わった。,今日は著しい猛暑なので外出を控える。,荷物が著しく重いので手伝ってほしい。,技術の進歩によって生産性が著しく向上した。,「著しい（いちじるしい）」は、変化（へんか）や違い（ちがい）がはっきりと目立つ様子に使います。<br>単なる動作の速さ、暑さの度合い、荷物の重さなどには使えません。<br>言葉の正確なコロケーション（結びつき）が求められる、発展（はってん）レベルの高難度問題です。
JLPT_LK_N2_305,言語知識,語彙,文脈規定,1,時間がないので、（ ______ ）準備を終わらせよう。,急いで,のんびり,ゆっくり,だんだん,急いで,「時間がない」という文脈（ぶんみゃく）に合うのは「急いで（いそいで）」です。<br>「のんびり」「ゆっくり」「だんだん」は意味が合いません。<br>N2の基礎（きそ）的な語彙（ごい）力を確認する基本問題です。
JLPT_LK_N2_306,言語知識,語彙,言い換え類義,2,会議の資料を事前に<u>配布</u>する。,配る,集める,捨てる,直す,配る,「配布（はいふ）する」は「広く配る（くばる）」という意味を表します。<br>「集める（あつめる）」「捨てる（すてる）」「直す（なおす）」は意味が異なります。<br>漢字の語彙と和語の言い換えを問う標準（ひょうじゅん）的な問題です。
JLPT_LK_N2_307,言語知識,語彙,語形成,4,新しいシステムの導入により、大幅なコスト（ ______ ）が実現した。,削減,省略,割引,減少,削減,費用（ひよう）や経費（けいひ）を削って（けずって）減らすことを表すビジネス語彙としては「コスト削減（さくげん）」が最も適切です。<br>「省略（しょうりゃく）」「割引（わりびき）」「減少（げんしょう）」はコストという言葉と自然に結びつきません。<br>正確な使い分けが必要な応用（おうよう）レベルの複合語問題です。
JLPT_LK_N2_308,言語知識,語彙,用法,2,<u>合同</u>,2つの学校が合同で運動会を開催した。,彼は合同な態度で人に接する。,今日の天気は合同で過ごしやすい。,合同な荷物を一人で運んだ。,2つの学校が合同で運動会を開催した。,「合同（ごうどう）」は「複数の人や組織が一緒（いっしょ）になって1つのことを行う」場合に使います。<br>人の態度、天気、荷物の状態などには使えません。<br>間違えやすい名詞の用法を問う標準（ひょうじゅん）レベルの問題です。
JLPT_LK_N2_309,言語知識,語彙,文脈規定,5,不躾な要求に対して、彼女は（ ______ ）とした態度で拒否した。,きっぱり,うっすら,うっかり,すんなり,きっぱり,態度や回答が「明確（めいかく）で迷いがない様子」を表すのは「きっぱり」です。<br>「うっすら」は薄い様子、「うっかり」は不注意、「すんなり」は順調に進む様子です。<br>文脈に応じた副詞やオノマトペの繊細なニュアンスを見抜く発展（はってん）レベルの問題です。
JLPT_LK_N2_310,言語知識,語彙,言い換え類義,5,彼の提案はとても<u>画期的</u>だった。,今までにないほど新しい,非常に複雑でわかりにくい,伝統的で古い,普通で珍しくない,今までにないほど新しい,「画期的（かっきてき）」は「時代を開くほど従来（じゅうらい）の常識（じょうしき）を破る新しさがある様子」を表します。<br>「複雑」「伝統的」「普通」は意味が異なります。<br>高得点を目指すために押さえておきたい、少し難しい発展（はってん）レベルの語彙問題です。
JLPT_LK_N2_651,言語知識,語彙,語形成,3,最近は、環境保護（かんきょうほご）のために______製品（せいひん）を買う人が増（ふ）えている。,再利用,再使用,再生活,再生産,再利用,【解説】<br>正解（せいかい）は「再利用（さいりよう）」です。「再利用（さいりよう）」は、一度（いちど）使（つか）ったものをもう一度（いちど）使（つか）うという意味（いみ）のよく使（つか）われる言葉（ことば）です。<br><br>■ほかの選択肢（せんたくし）について<br>・「再使用（さいしよう）」：意味（いみ）は通（つう）じますが、「再利用製品（さいりようせいひん）」という決（き）まった言葉（ことば）で使うのが自然（しぜん）です。<br>・「再生活（さいせいかつ）」：このような言葉（ことば）はありません。<br>・「再生産（さいせいさん）」：もう一度（いちど）新（あたら）しく作（つく）るという意味（いみ）で、使（つか）ったものをもう一度（いちど）つかう意味（いみ）とは違（ちが）います。<br><br>これはN2の標準的（ひょうじゅんてき）な言葉（ことば）の組（く）み合（あ）わせの問題（もんだい）です。
JLPT_LK_N2_652,言語知識,語彙,語形成,3,この仕事（しごと）は安全（あんぜん）______が高（たか）いため、初心者（しょしんしゃ）でも安心（あんしん）してできます。,性,化,感,度,性,【解説】<br>正解（せいかい）は「性（せい）」です。「安全性（あんぜんせい）」で「安全（あんぜん）の度合い（どあい）や性質（せいしつ）」という意味（いみ）の決（き）まった言葉（ことば）になります。<br><br>■ほかの選択肢（せんたくし）について<br>・「安全化（あんぜんか）」：安全（あんぜん）にする活動（かつどう）のことで、ここでは文脈（ぶんみゃく）に合いません。<br>・「安全感（あんぜんかん）」：安心感（あんしんかん）と言（い）うことはありますが、「安全感（あんぜんかん）」とはいいません。<br>・「安全度（あんぜんど）」：安全（あんぜん）のレベルを表（あらわ）す言葉（ことば）ですが、「高（たか）い」と一緒（いっしょ）に使うときは「安全性（あんぜんせい）」が一番（いちばん）自然（しぜん）です。<br><br>これは基本（きほん）的な接尾語（せつびご）の問題（もんだい）です。
JLPT_LK_N2_653,言語知識,語彙,文脈規定,3,会議（かいぎ）の準備（じゅんび）に時間がかかり、予定（よてい）の時間を______オーバーしてしまった。,大幅に,大層に,大量に,大いに,大幅に,【解説】<br>正解（せいかい）は「大幅に（おおはばに）」です。「大幅（おおはば）に」は、数量（すうりょう）や程度（ていど）が大きく変（か）わる様子（ようす）を表（あらわ）します。時間（じかん）や予算（よさん）が大きく超（こ）えるときに「大幅（おおはば）にオーバーする」と使（つか）います。<br><br>■ほかの選択肢（せんたくし）について<br>・「大層に（たいそうに）」：大げさにという意味（いみ）で、時間が超（こ）えるときには使いません。<br>・「大量に（たいりょうに）」：物（もの）の量（りょう）が多いときに使います。時間には使いません。<br>・「大いに（おおいに）」：とても、非常にという意味（いみ）で、「大いに喜ぶ（よろこぶ）」などの動作（どうさ）に使います。<br><br>これは標準的（ひょうじゅんてき）な副詞（ふくし）の使い方（つかいかた）の問題（もんだい）です。
JLPT_LK_N2_654,言語知識,語彙,文脈規定,3,友達（ともだち）に秘密（ひみつ）を教（おし）えられていたのに、______話してしまった。,うっかり,すっきり,しっかり,ぴったり,うっかり,【解説】<br>正解（せいかい）は「うっかり」です。「うっかり」は、気（き）をつけていなくて、注意（ちゅうい）が足りずに失敗（しっぱい）してしまう様子（ようす）を表（あらわ）します。<br><br>■ほかの選択肢（せんたくし）について<br>・「すっきり」：気分（きぶん）がさわやかになる様子（ようす）です。<br>・「しっかり」：確実（かくじつ）に、ちゃんとする様子（ようす）です。<br>・「ぴったり」：ちょうど合う様子（ようす）です。<br><br>オノマトペ（擬音語・擬態語（ぎおんご・ぎたいご））の標準的（ひょうじゅんてき）な問題（もんだい）です。
JLPT_LK_N2_655,言語知識,語彙,文脈規定,3,事故（じこ）の原因（げんいん）を______調（しら）べるために、専門家（せんもんか）が集（あつ）まった。,詳しく,熱心に,急に,単に,詳しく,【解説】<br>正解（せいかい）は「詳しく（くわしく）」です。「調べる（しらべる）」という動作（どうさ）と一緒に使って、細かい部分（ぶぶん）まで確認（かくにん）するという意味（いみ）になります。<br><br>■ほかの選択肢（せんたくし）について<br>・「熱心に（ねっしんに）」：一生懸命（いっしょうけんめい）にする気持ちを表（あらわ）すので、原因（げんいん）を探（さが）す目的（もくてき）の文脈（ぶんみゃく）には少し不自然（ふしぜん）です。<br>・「急に（きゅうに）」：時間が突然（とつぜん）という意味（いみ）で、調べる内容（ないよう）に合いません。<br>・「単に（たんに）」：ただ〜だけという意味（いみ）です。<br><br>これはN2の基礎（きそ）的な言葉（ことば）の組み合わせの問題（もんだい）です。
JLPT_LK_N2_656,言語知識,語彙,言い換え類義,3,彼の説明（せつめい）はいつも<u>おおまか</u>だ。,大体だ,適当だ,複雑だ,正確だ,大体だ,【解説】<br>正解（せいかい）は「大体だ（だいたいだ）」です。「おおまか」は、細かい部分（ぶぶん）を省（はぶ）いて、全体の要点（ようてん）だけを捉（とら）える様子（ようす）を表（あらわ）すので、「大体（だいたい）」と同じ意味（いみ）です。<br><br>■ほかの選択肢（せんたくし）について<br>・「適当だ（てきとうだ）」：いい加減（かげん）だ、またはちょうどいいという意味（いみ）です。<br>・「複雑だ（ふくざつだ）」：細かくて分かりにくいという意味（いみ）で、反対（はんたい）の意味に近いです。<br>・「正確だ（せいかくだ）」：間（ま）違いがないという意味（いみ）で、反対（はんたい）の意味です。<br><br>これは標準的（ひょうじゅんてき）な類義語（るいぎご）の問題（もんだい）です。
JLPT_LK_N2_657,言語知識,語彙,言い換え類義,3,この仕事（しごと）は引き受けるのが<u>おっくうだ</u>。,面倒だ,不安だ,危険だ,不可能だ,面倒だ,【解説】<br>正解（せいかい）は「面倒だ（めんどうだ）」です。「おっくうだ」は、やる気が起きなくて、する行動（こうどう）が気重（きおも）に感じる様子（ようす）を表（あらわ）すので、「面倒だ（めんどうだ）」と言い換（か）えることができます。<br><br>■ほかの選択肢（せんたくし）について<br>・「不安だ（ふあんだ）」：心配（しんぱい）だという意味（いみ）です。<br>・「危険だ（きけんだ）」：あぶないという意味（いみ）です。<br>・「不可能だ（ふかのうだ）」：できないという意味（いみ）です。<br><br>少し応用（おうよう）的なナ形容詞（けいようし）の類義語（るいぎご）問題（もんだい）です。
JLPT_LK_N2_658,言語知識,語彙,言い換え類義,3,計画（けいかく）を<u>削る</u>ことにした。,減らす,やめる,変える,遅らせる,減らす,【解説】<br>正解（せいかい）は「減らす（へらす）」です。「削る（けずる）」は、予算（よさん）や時間（じかん）、計画（けいかく）の一部（いちぶ）を小さくしたり少なくしたりするときに使います。そのため「減らす（へらす）」が一番近（ちか）いです。<br><br>■ほかの選択肢（せんたくし）について<br>・「やめる」：全部（ぜんぶ）中止（ちゅうし）することです。<br>・「変える（かえる）」：別のものにすることです。<br>・「遅らせる（おくらせる）」：時間を後ろにすることです。<br><br>動詞（どうし）の意味（いみ）を正しく理解（りかい）しているか問う標準的（ひょうじゅんてき）な問題（もんだい）です。
JLPT_LK_N2_659,言語知識,語彙,用法,3,<u>省く</u>,手間を省くために、新しいシステムを導入した。,時間を省いて、早めに家を出た。,いらない文章を省いて、書類を提出した。,予算を省くために、旅行をキャンセルした。,手間を省くために、新しいシステムを導入した。,【解説】<br>正解（せいかい）は「手間を省くために、新しいシステムを導入した。」です。「省く（はぶく）」は、無駄（むだ）な作業（さぎょう）や手数（てかず）をなくすという意味（いみ）で、「手間（てま）を省く（はぶく）」という形でよく使（つか）います。<br><br>■ほかの選択肢（せんたくし）について<br>・「時間を省いて〜」：時間（じかん）を短（みじか）くする場合は「時間（じかん）を節約（せつやく）して」などを使います。<br>・「いらない文章を省いて〜」：文章（ぶんしょう）の一部（いちぶ）をなくす場合は「削る（けずる）」や「削除（さくじょ）する」を使います。<br>・「予算を省く〜」：お金（かね）や予算（よさん）を少なくする場合は「削減（さくげん）する」を使います。<br><br>コロケーション（言葉のつながり）を問（と）う標準的（ひょうじゅんてき）な問題（もんだい）です。
JLPT_LK_N2_660,言語知識,語彙,用法,3,<u>すばやい</u>,彼はすばやい判断でピンチを救った。,すばやい声で挨拶をした。,すばやい文字でメモを取った。,すばやい味の料理を作った。,彼はすばやい判断でピンチを救った。,【解説】<br>正解（せいかい）は「彼はすばやい判断でピンチを救った。」です。「すばやい」は、動作（どうさ）や頭（あたま）の回転（かいてん）・決断（けつだん）などがとても速（はや）い様子（ようす）を表（あらわ）します。<br><br>■ほかの選択肢（せんたくし）について<br>・「すばやい声〜」：声（こえ）の大きさや速さは「明るい（あかるい）声（こえ）」や「速い（はやい）話し方（はなしかた）」を使います。<br>・「すばやい文字〜」：文字（もじ）を書く速さは「速く（はやく）書く」を使います。<br>・「すばやい味〜」：味（あじ）には使えません。「濃い（こい）味（あじ）」などを使います。<br><br>意味（いみ）の範囲（はんい）を問う基本（きほん）的な問題（もんだい）です。
JLPT_LK_N2_661,言語知識,語彙,語形成,1,電気（でんき）の無駄遣（むだづか）いを防（ふせ）ぐため、______省エネを意識（いしき）しましょう。,日常,日中,日毎,日日,日常,【解説】<br>正解（せいかい）は「日常（にちじょう）」です。「日常（にちじょう）」は、普段（ふだん）の生活（せいかつ）という意味（いみ）で、「日常（にちじょう）省（しょう）エネ」のように毎日（まいにち）の行動（こうどう）を表（あらわ）す言葉（ことば）として使（つか）います。<br><br>■ほかの選択肢（せんたくし）について<br>・「日中（にっちゅう）」：昼間（ひるま）の時間（じかん）という意味（いみ）です。<br>・「日毎（ひごと）」：一日（ついたち）ごとの変化（へんか）などを表（あらわ）す言葉（ことば）です。<br>・「日日（ひび）」：毎日（まいにち）という意味（いみ）の副詞（ふくし）的（てき）な言葉（ことば）です。<br><br>これはN2の基礎（きそ）レベルの語形成（ごけいせい）問題（もんだい）です。
JLPT_LK_N2_662,言語知識,語彙,語形成,4,新製品（しんせいひん）の開発（かいはつ）に向け、開発（かいはつ）チームの______化を図（はか）る。,活性,活発,活用,活力,活性,【解説】<br>正解（せいかい）は「活性（かっせい）」です。「活性化（かっせいか）」で、組織（そしき）や機能（きのう）を元気に活発（かっぱつ）にすることという意味（いみ）の決（き）まった言葉（ことば）になります。<br><br>■ほかの選択肢（せんたくし）について<br>・「活発化（かっぱつか）」：状態（じょうたい）が活発（かっぱつ）になるという意味（いみ）で使（つか）いますが、「〜の活発化」より「活性化を図る」の形（かたち）が一番自然（しぜん）です。<br>・「活用化（かつようか）」：このような言葉（ことば）はありません。<br>・「活力化（かつりょくか）」：このような言葉（ことば）はありません。<br><br>これは少し難（むずか）しい応用（おうよう）的な接尾語（せつびご）の問題（もんだい）です。
JLPT_LK_N2_663,言語知識,語彙,文脈規定,2,バスが遅（おく）れてヒヤヒヤしたが、______試験（しけん）の開始（かいし）時間に間に合った。,なんとか,なんでも,なんとかして,なんとしても,なんとか,【解説】<br>正解（せいかい）は「なんとか」です。「なんとか」は、十分（じゅうぶん）ではないが、苦労（くろう）して目標（もくひょう）を達成（たっせい）できた様子（ようす）を表（あらわ）します。<br><br>■ほかの選択肢（せんたくし）について<br>・「なんでも」：すべてのもの、という意味（いみ）です。<br>・「なんとかして」：どうしても〜したいという強い気持ちを表（あらわ）す時に使（つか）います。<br>・「なんとしても」：どんな方法（ほうほう）を使（つか）っても必ず、という強い意志（いし）を表（あらわ）します。<br><br>これはN2の基本（きほん）的な副詞（ふくし）の問題（もんだい）です。
JLPT_LK_N2_664,言語知識,語彙,文脈規定,5,長年（ながねん）の研究（けんきゅう）が実（みの）り、ついに新薬（しんやく）の開発（かいはつ）に______した。,成功,到達,達成,成就,成功,【解説】<br>正解（せいかい）は「成功（せいこう）」です。「開発（かいはつ）に成功（せいこう）する」というコロケーション（自然（しぜん）なつながり）で使（つか）います。<br><br>■ほかの選択肢（せんたくし）について<br>・「到達（とうたつ）」：目標（もくひょう）の数字（すうじ）や場所に届（とど）くという意味（いみ）です。<br>・「達成（たっせい）」：目標（もくひょう）や計画（けいかく）を最後まで完了（かんりょう）させることで、「開発を達成する」とは言いません。<br>・「成就（じょうじゅ）」：夢（ゆめ）や願いが叶（かな）うという意味（いみ）です。<br><br>言葉（ことば）の正確（せいかく）な使い分けを問（と）う発展（はってん）的な問題（もんだい）です。
JLPT_LK_N2_665,言語知識,語彙,文脈規定,3,荷物（にもつ）の重（おも）さを測（はか）ったら、思（おも）っていたより______軽（かる）かった。,案外,意外,意外と,存分,案外,【解説】<br>正解（せいかい）は「案外（あんがい）」です。「案外（あんがい）」は、予想（よそう）していた内容（ないよう）と違（ちが）う様子（ようす）を表（あらわ）す副詞（ふくし）です。<br><br>■ほかの選択肢（せんたくし）について<br>・「意外（いがい）」：な形容詞（けいようし）や名詞（めいし）なので、直後（ちょくご）にイ形容詞（けいようし）「軽い」を直接（ちょくせつ）修飾（しゅうしょく）できません。（「意外と軽い」なら使えます）。<br>・「意外と（いがいと）」：話し言葉（はなしことば）でよく使（つか）いますが、より自然（しぜん）な文章（ぶんしょう）表現（ひょうげん）として「案外」が適（てき）しています。<br>・「存分（ぞんぶん）に」：心（こころ）ゆくまで十分（じゅうぶん）にという意味（いみ）です。<br><br>標準的（ひょうじゅんてき）な副詞（ふくし）の問題（もんだい）です。
JLPT_LK_N2_666,言語知識,語彙,言い換え類義,1,その話（はなし）を聞（き）いて<u>あきれた</u>。,呆然とした,怒った,感心した,喜んだ,呆然とした,【解説】<br>正解（せいかい）は「呆然とした（ぼうぜんとした）」です。「あきれる」は、予想（よそう）外（がい）のひどい出来事（できごと）に言葉（ことば）が出（で）ない様子（ようす）を表（あらわ）します。<br><br>■ほかの選択肢（せんたくし）について<br>・「怒った（おこった）」：腹（はら）を立てるという意味（いみ）です。<br>・「感心した（かんしんした）」：素晴らしいと褒（ほ）める意味（いみ）です。<br>・「喜んだ（よろこんだ）」：うれしく思うという意味（いみ）です。<br><br>N2の基本（きほん）的な感情（かんじょう）を表（あらわ）す動詞（どうし）の問題（もんだい）です。
JLPT_LK_N2_667,言語知識,語彙,言い換え類義,4,この地域（ちいき）は水（みず）が<u>ふんだんに</u>ある。,たっぷり,わずかに,なんとか,たまたま,たっぷり,【解説】<br>正解（せいかい）は「たっぷり」です。「ふんだんに」は、余（あま）るほど十分（じゅうぶん）にたくさんある様子（ようす）を表（あらわ）します。<br><br>■ほかの選択肢（せんたくし）について<br>・「わずかに」：ほんの少しだけという意味（いみ）で、反対（はんたい）の意味（いみ）です。<br>・「なんとか」：苦労（くろう）してギリギリという意味（いみ）です。<br>・「たまたま」：偶全（ぐうぜん）という意味（いみ）です。<br><br>少し難（むずか）しい副詞（ふくし）の類義語（るいぎご）問題（もんだい）です。
JLPT_LK_N2_668,言語知識,語彙,言い換え類義,2,彼はいつも<u>冷静（れいせい）だ</u>。,落ち着いている,威張っている,遠慮している,慌てている,落ち着いている,【解説】<br>正解（せいかい）は「落ち着いている（おちついている）」です。「冷静（れいせい）」は、感情（かんじょう）にながされず、静（しず）かに物事（ものごと）を判断（はんだん）できる様子（ようす）を表（あらわ）します。<br><br>■ほかの選択肢（せんたくし）について<br>・「威張っている（いばっている）」：自慢（じまん）して偉（えら）そうにしている様子（ようす）です。<br>・「遠慮している（えんりょしている）」：控えめ（ひかえめ）にしている様子（ようす）です。<br>・「慌てている（あわてている）」：急（急）いでパニックになっている様子（ようす）で、反対（はんたい）の意味（いみ）です。<br><br>基礎（きそ）的なな形容詞（けいようし）の言い換え（いいかえ）問題（もんだい）です。
JLPT_LK_N2_669,言語知識,語彙,用法,5,<u>みなす</u>,彼を我が家の一員とみなして歓迎した。,彼は自分の意見を正しいとみなして譲らない。,全員の参加を条件とみなして計画を進めた。,彼は失言を反省してみなした。,彼を我が家の一員とみなして歓迎した。,【解説】<br>正解（せいかい）は「彼を我が家の一員とみなして歓迎した。」です。「みなす」は、「〜を…だと判定（はんてい）して扱う（あつかう）」という意味（いみ）で、「〜とみなす」の形（かたち）で使（つか）います。<br><br>■ほかの選択肢（せんたくし）について<br>・「自分の意見を〜みなして」：自分（じぶん）で強く信（しん）じ込む場合は「思い込む（おもいこむ）」や「主張（しゅちょう）する」を使います。<br>・「〜条件とみなして」：前提（ぜんてい）にする場合は「条件（じょうけん）として」や「想定（そうてい）して」を使います。<br>・「失言を反省してみなした」：後悔（こうかい）して認（みと）める場合は「認める（みとめる）」を使います。<br><br>使い方が難（むずか）しい発展（はってん）レベルの他動詞（たどうし）の問題（もんだい）です。
JLPT_LK_N2_670,言語知識,語彙,用法,3,<u>引き返す</u>,忘れ物に気づいて、途中で家に引き返した。,意見が合わずに、会議の途中で話を引き返した。,風邪をひいたので、予定を休みに引き返した。,注文した商品をキャンセルして引き返した。,忘れ物に気づいて、途中で家に引き返した。,【解説】<br>正解（せいかい）は「忘れ物に気づいて、途中で家に引き返した。」です。「引き返す（ひきかえす）」は、移動（いどう）している途中で、来（き）た方向（ほうこう）や元の場所（ばしょ）へ戻（もど）るという意味（いみ）で使（つか）います。<br><br>■ほかの選択肢（せんたくし）について<br>・「話を引き返した」：会話（かいわ）を前のテーマに戻す場合は「話を戻（もど）した」を使います。<br>・「予定を休みに〜」：予定（よてい）を変更（へんこう）する場合は「変更（へんこう）した」や「取り消した」を使います。<br>・「注文をキャンセルして〜」：注文（ちゅうもん）をやめる場合は「取り消した（とりけした）」を使います。<br><br>移動（いどう）を表（あらわ）す標準的（ひょうじゅんてき）な複合動詞（ふくごうどうし）の問題（もんだい）です。
JLPT_LK_N2_671,言語知識,語彙,語形成,1,危険（きけん）なエリアへの立ち入りは______禁じられている。,固く,重く,強く,深く,固く,【解説】<br>正解（せいかい）は「固く（かたく）」です。「固く（かたく）禁（きん）じられている」で、「絶対に（ぜったいに）禁止（きんし）されている」という意味（いみ）の決（き）まった表現（ひょうげん）になります。<br><br>■ほかの選択肢（せんたくし）について<br>・「重く（おもく）」：責任（せきにん）や病気（びょうき）などが重いときに使います。<br>・「強く（つよく）」：「強く（つよく）要望（ようぼう）する」などのように使います。<br>・「深く（ふかく）」：「深く（ふかく）反省（はんせい）する」などのように使います。<br><br>これはN2の基礎（きそ）的な語形成（ごけいせい）・コロケーションの問題（もんだい）です。
JLPT_LK_N2_672,言語知識,語彙,語形成,5,彼（かれ）の行動（こうどう）はあまりにも______常識だ。,非,無,未,不,非,【解説】<br>正解（せいかい）は「非（ひ）」です。「非常識（ひじょうしき）」で、「常識（じょうしき）から外（はず）れている様子（ようす）」を表（あらわ）す決（き）まった言葉（ことば）になります。<br><br>■ほかの選択肢（せんたくし）について<br>・「無（む）」：「無意識（むいしき）」や「無意味（むいみ）」のように、存在（そんざい）しないことを表します。<br>・「未（み）」：「未完成（みかんせい）」のように、まだ達成（たっせい）していないことを表します。<br>・「不（ふ）」：「不真面目（ふまじめ）」のように使いますが、「常識」には付きません。<br><br>接頭語（せっとうご）の使い分けを問（と）う発展（はってん）的な問題（もんだい）です。
JLPT_LK_N2_673,言語知識,語彙,文脈規定,2,雨（あめ）が______降（ふ）ってきたので、急（いそ）いで傘（かさ）を開（ひら）いた。,ザーザー,スラスラ,ニッコリ,ノロノロ,ザーザー,【解説】<br>正解（せいかい）は「ザーザー」です。「ザーザー」は、雨（あめ）が激（はげ）しく降（ふ）る様子（ようす）を表（あらわ）すオノマトペです。<br><br>■ほかの選択肢（せんたくし）について<br>・「スラスラ」：文章（ぶんしょう）や言葉（ことば）が引っかからずに進（すす）む様子（ようす）です。<br>・「ニッコリ」：楽しそうに笑（わら）う様子（ようす）です。<br>・「ノロノロ」：動きが遅（おそ）い様子（ようす）です。<br><br>これはN2の基本（きほん）的なオノマトペの問題（もんだい）です。
JLPT_LK_N2_674,言語知識,語彙,文脈規定,4,この地域（ちいき）は、歴史（れきし）的な建（たて）ものが多く______残（のこ）されている。,色濃く,手厚く,幅広く,力強く,色濃く,【解説】<br>正解（せいかい）は「色濃く（いろこく）」です。「色濃く（いろこく）残（のこ）る」で、昔（むかし）の特徴（とくちょう）や影響（えいきょう）がしっかりと残（のこ）っている様子（ようす）を表（あらわ）します。<br><br>■ほかの選択肢（せんたくし）について<br>・「手厚く（てあつく）」：心配り（こころくばり）やサポートが十分（じゅうぶん）な様子（ようす）です（例：手厚い看護（かんご））。<br>・「幅広く（はばひろく）」：範囲（はんい）が広い様子（ようす）です（例：幅広く集める）。<br>・「力強く（ちからづよく）」：勢い（いきおい）や力（ちから）がある様子（ようす）です（例：力強く歩く）。<br><br>正確（せいかく）な修飾（しゅうしょく）関係（かんけい）を問（と）う応用（おうよう）的な問題（もんだい）です。
JLPT_LK_N2_675,言語知識,語彙,文脈規定,3,新（あたら）しい環境（かんきょう）にも、ようやく______きた。,慣れて,慣れ慣れて,慣れ合って,言い慣れて,慣れて,【解説】<br>正解（せいかい）は「慣れて（なれて）」です。「環境（かんきょう）に慣（な）れる」で、その場所（ばしょ）や状況（じょうきょう）になじむという意味（いみ）になります。<br><br>■ほかの選択肢（せんたくし）について<br>・「慣れ慣れて」：このような形（かたち）はありません。<br>・「慣れ合って」：関係（かんけい）がだらしなくなる（悪い意味（いみ）で遠慮（えんりょ）がなくなる）ことです。<br>・「言い慣れて」：言葉（ことば）を言うことに慣（な）れることです。<br><br>標準的（ひょうじゅんてき）な動詞（どうし）の問題（もんだい）です。
JLPT_LK_N2_676,言語知識,語彙,言い換え類義,3,会議（かいぎ）の途中で<u>休憩（きゅうけい）</u>が入った。,合間,合唱,合致,合体,合間,【解説】<br>正解（せいかい）は「合間（あいま）」です。「合間（あいま）」は、物事（ものごと）と物事（ものごと）の間の短い時間（じかん）や休（やす）みのことを意味（いみ）します。<br><br>■ほかの選択肢（せんたくし）について<br>・「合唱（がっしょう）」：みんなで一緒に歌（うた）うことです。<br>・「合致（がっち）」：ぴったり一致（いっち）することです。<br>・「合体（がったい）」：二つ以上のものが一つに合わさることです。<br><br>標準的（ひょうじゅんてき）な名詞（めいし）の言い換え（いいかえ）問題（もんだい）です。
JLPT_LK_N2_677,言語知識,語彙,言い換え類義,5,その話（はなし）を聞いて<u>安心（あんしん）した</u>。,ほっとした,じっとした,そわそわした,すっきりした,ほっとした,【解説】<br>正解（せいかい）は「ほっとした」です。「ほっとする」は、心配（しんぱい）がなくなり、心（こころ）が落ち着く様子（ようす）を表（あらわ）すので、「安心（あんしん）した」と言い換（か）えることができます。<br><br>■ほかの選択肢（せんたくし）について<br>・「じっとした」：動かずに静（しず）かにしている様子（ようす）です。<br>・「そわそわした」：落ち着きがなく心配（しんぱい）な様子（ようす）です。<br>・「すっきりした」：気分（きぶん）がさわやかになる様子（ようす）です。<br><br>オノマトペによる情感（じょうかん）表現（ひょうげん）の言い換え（いいかえ）を問（と）う発展（はってん）問題（もんだい）です。
JLPT_LK_N2_678,言語知識,語彙,言い換え類義,2,事態（じたい）は<u>急速（きゅうそく）に</u>変化（へんか）している。,急速に,急速と,急速で,急速な,急速に,【解説】<br>正解（せいかい）は「急速に（きゅうそくに）」です。「急速（きゅうそく）」は、変化（へんか）や進歩（しんぽ）のスピードが非常に速いことを表（あらわ）し、動詞（どうし）を修飾（しゅうしょく）するときは「〜に」の形（かたち）を使います。<br><br>■ほかの選択肢（せんたくし）について<br>・「急速と」「急速で」：副詞（ふくし）的に動詞（どうし）へ繋げる形（かたち）として不自然（ふしぜん）です。<br>・「急速な」：名詞（めいし）を修飾（しゅうしょく）する形（かたち）です（例：急速な変化）。<br><br>基礎（きそ）的な品詞（ひんし）の形（かたち）に関する言い換え（いいかえ）問題（もんだい）です。
JLPT_LK_N2_679,言語知識,語彙,用法,4,<u>見極める</u>,相手の本当のねらいを慎重に見極める必要がある。,信号が赤になるのを見極めてから道路を渡った。,映画の最後のシーンをしっかり見極めた。,山の頂上から街の景色を見極めた。,相手の本当のねらいを慎重に見極める必要がある。,【解説】<br>正解（せいかい）は「相手の本当のねらいを慎重に見極める必要がある。」です。「見極める（みきわめる）」は、物事（ものごと）の本質（ほんしつ）や真実（しんじつ）をしっかり確認（かくにん）して判断（はんだん）するという意味（いみ）で使（つか）います。<br><br>■ほかの選択肢（せんたくし）について<br>・「信号が赤になるのを〜」：目（め）で確かめる場合は「確認（かくにん）して」を使います。<br>・「映画の最後のシーンを〜」：集中（しゅうちゅう）して見る場合は「観た（みた）」や「見届けた（みとどけた）」を使います。<br>・「遠くの景色を〜」：広い場所（ばしょ）を見渡す（みわたす）場合は「見渡した（みわたした）」や「眺めた（ながめた）」を使います。<br><br>抽象（ちゅうしょう）的な動作（どうさ）を表（あらわ）す難しめの複合動詞（ふくごうどうし）の問題（もんだい）です。
JLPT_LK_N2_680,言語知識,語彙,用法,1,<u>蓄える</u>,将来のために、少しずつお金を蓄えている。,お腹が空いたので、ごはんをしっかり蓄えた。,旅行の荷物をカバンの中に蓄えた。,部屋の掃除をして、綺麗な空間を蓄えた。,将来のために、少しずつお金を蓄えている。,【解説】<br>正解（せいかい）は「将来のために、少しずつお金を蓄えている。」です。「蓄える（たくわえる）」は、将来（しょうらい）のために金品（きんぴん）や力（ちから）、知識（ちしき）などをためておくという意味（いみ）で使（つか）います。<br><br>■ほかの選択肢（せんたくし）について<br>・「ごはんを〜」：食べ物を体に移動（いどう）させる行動（こうどう）には「食べた」を使います。<br>・「荷物を〜」：物（もの）を中に移動（いどう）させる行動（こうどう）には「詰めた（つめた）」や「入れた（いれた）」を使います。<br>・「綺麗な空間を〜」：状態（じょうたい）を保つ（たもつ）場合は「維持（いじ）した」や「保った（たもった）」を使います。<br><br>動詞（どうし）の基礎（きそ）的な使い分けの問題（もんだい）です。
JLPT_LK_N2_981,言語知識,語彙,語形成,2,この地域（ちいき）は、______住環境（じゅうかんきょう）が整（ととの）っていて暮（く）らしやすい。,住,生活,居住,住宅,居住,【解説】<br>正解（せいかい）は「居住（きょじゅう）」です。「居住環境（きょじゅうかんきょう）」で「住（す）んでいる場所（ばしょ）のまわりの様子（ようす）」という意味（いみ）の熟語（じゅくご）になります。<br><br>■ほかの選択肢（せんたくし）について<br>・「住環境（じゅうかんきょう）」：単独（たんどく）で使（つか）う言葉（ことば）で、前に「住」を重複（ちょうふく）してつけません。<br>・「生活環境（せいかつかんきょう）」：言葉（ことば）としてありますが、「住環境」と合体（がったい）させて「生活住環境」とは言いません。<br>・「住宅環境（じゅうたくかんきょう）」：家（いえ）そのものの環境（かんきょう）を指（さ）すことが多く、街（まち）全体の暮らしやすさには「居住環境」を使います。<br><br>これは基本（きほん）的な語形成（ごけいせい）の問題（もんだい）です。
JLPT_LK_N2_982,言語知識,語彙,語形成,4,台風（たいふう）の影響（えいきょう）で、電車（でんしゃ）の不通（ふつう）区間（くかん）で______運転（うんてん）が行（おこな）われている。,代行,代理,代替,代用,代行,【解説】<br>正解（せいかい）は「代行（だいこう）」です。「代行運転（だいこううんてん）」や「代行バス」のように、本来（ほんらい）のルートや方法（ほうほう）のかわりに運航（うんこう）・運転（うんてん）することという意味（いみ）で使（つか）います。<br><br>■ほかの選択肢（せんたくし）について<br>・「代理（だいり）」：人（ひと）のかわりを務（つと）めることです（例：代理人）。<br>・「代替（だいたい）」：代わりのものを準備（じゅんび）することですが、「代替運転」とは言いません（代替バスなら使います）。<br>・「代用（だいよう）」：別の物（もの）で間に合わせることです（例：代用品）。<br><br>これは少し難（むずか）しい熟語（じゅくご）の使い分け問題（もんだい）です。
JLPT_LK_N2_983,言語知識,語彙,文脈規定,1,図書館（としょかん）の中（なか）では、______静（しず）かにしてください。,くれぐれも,ぜひ,どうぞ,どうか,くれぐれも,【解説】<br>正解（せいかい）は「くれぐれも」です。「くれぐれも」は、強くお願いしたり注意（ちゅうい）したりするときに使う副詞（ふくし）です。<br><br>■ほかの選択肢（せんたくし）について<br>・「ぜひ」：願い（ねがい）や希望（きぼう）を強く表（あらわ）す言葉（ことば）です（例：ぜひ来てください）。<br>・「どうぞ」：相手（あいて）に勧めたり許可（きょか）したりするときに使います（例：どうぞお入りください）。<br>・「どうか」：心からお願いするときに使います（例：どうか助けてください）。<br><br>これはN2の基礎（きそ）的な副詞（ふくし）の問題（もんだい）です。
JLPT_LK_N2_984,言語知識,語彙,文脈規定,3,急（きゅう）な坂道（さかみち）を登（のぼ）ったので、息（いき）が______してしまった。,きれる,きれるように,きれて,きれた,きれて,【解説】<br>正解（せいかい）は「きれて」です。「息（いき）が切（き）れる」で、激（はげ）しい運動（うんどう）などで呼吸（こきゅう）が苦（くる）しくなるという意味（いみ）の慣用句（かんようく）です。文末（ぶんまつ）の「〜てしまう」につながる形（かたち）を選（えら）びます。<br><br>■ほかの選択肢（せんたくし）について<br>・「きれる」「きれるように」「きれた」：直後（ちょくご）の「〜しまった」に繋（つな）がる形（かたち）として文法（ぶんぽう）的に合（あ）いません。<br><br>コロケーション（言葉の結びつき）と文法（ぶんぽう）接続（せつぞく）を問う標準（ひょうじゅん）的な問題（もんだい）です。
JLPT_LK_N2_985,言語知識,語彙,文脈規定,5,相手（あいて）の軽率（けいそつ）な発言（はつげん）に対して、______怒（いか）りを覚（おぼ）えた。,激しい,激しく,激しさ,激した,激しい,【解説】<br>正解（せいかい）は「激しい（はげしい）」です。「怒り（いかり）」という名詞（めいし）を直接（ちょくせつ）修飾（しゅうしょく）するため、イ形容詞（けいようし）の基本形（きほんけい）「激しい」が入（はい）ります。<br><br>■ほかの選択肢（せんたくし）について<br>・「激しく」：動詞（どうし）などを修飾（しゅうしょく）する形（かたち）です（例：激しく怒る）。<br>・「激しさ」：名詞（めいし）の形（かたち）です。<br>・「激した」：動詞（どうし）「激する」の過去形（かこけい）です。<br><br>品詞（ひんし）の接続（せつぞく）と強いコロケーションを問う応用（おうよう）的な問題（もんだい）です。
JLPT_LK_N2_986,言語知識,語彙,言い換え類義,3,彼（かれ）の対応（たいおう）はいつも<u>適切（てきせつ）だ</u>。,ふさわしい,大体だ,適当だ,曖昧だ,ふさわしい,【解説】<br>正解（せいかい）は「ふさわしい」です。「適切（てきせつ）」は、その場（ば）や状況（じょうきょう）にぴったり合（あ）っている様子（ようす）を表（あらわ）すので、「ふさわしい」と言い換（か）えることができます。<br><br>■ほかの選択肢（せんたくし）について<br>・「大体だ（だいたいだ）」：大部分（だいぶぶん）という意味（いみ）です。<br>・「適当だ（てきとうだ）」：いい加減（かげん）という意味（いみ）で使われることがあります。<br>・「曖昧だ（あいまいだ）」：はっきりしないという意味（いみ）です。<br><br>標準（ひょうじゅん）的なな形容詞（けいようし）の言い換え（いいかえ）問題（もんだい）です。
JLPT_LK_N2_987,言語知識,語彙,言い換え類義,2,計画（けいかく）を<u>変更（へんこう）する</u>ことにした。,変える,やめる,進める,遅らせる,変える,【解説】<br>正解（せいかい）は「変える（かえる）」です。「変更（へんこう）する」は、決（き）まっていた内容（ないよう）や予定（よてい）を別のものに変（か）えるという意味（いみ）です。<br><br>■ほかの選択肢（せんたくし）について<br>・「やめる」：中止（ちゅうし）することです。<br>・「進める（すすめる）」：前（まえ）に前進（ぜんしん）させることです。<br>・「遅らせる（おくらせる）」：時間を後ろにすることです。<br><br>基礎（きそ）的な熟語（じゅくご）の言い換え（いいかえ）問題（もんだい）です。
JLPT_LK_N2_988,言語知識,語彙,言い換え類義,4,<u>あらかじめ</u>準備（じゅんび）をしておく。,事前に,直前に,急に,ついでに,事前に,【解説】<br>正解（せいかい）は「事前に（じぜんに）」です。「あらかじめ」は、事が起こる前（まえ）に、前もって行動（こうどう）しておく様子（ようす）を表（あらわ）します。<br><br>■ほかの選択肢（せんたくし）について<br>・「直前に（ちょくぜんに）」：すぐ前のタイミングという意味（いみ）です。<br>・「急に（きゅうに）」：突然（とつぜん）という意味（いみ）です。<br>・「ついでに」：別の用事のついでにという意味（いみ）です。<br><br>少し難（むずか）しい和語（わご）の副詞（ふくし）の言い換え（いいかえ）問題（もんだい）です。
JLPT_LK_N2_989,言語知識,語彙,用法,5,<u>養う</u>,日頃から体力を養っておくことが大切だ。,庭で綺麗なお花を養っている。,新しい言語の技術を養って会話した。,部屋の掃除をして綺麗さを養った。,日頃から体力を養っておくことが大切だ。,【解説】<br>正解（せいかい）は「日頃から体力を養っておくことが大切だ。」です。「養う（やしなう）」は、知識（ちしき）・体力（たいりょく）・実力（じつりょく）などを時間をかけて育（そだ）てる・鍛（きた）えるという意味（いみ）で使（つか）います。<br><br>■ほかの選択肢（せんたくし）について<br>・「お花を〜」：植物（しょくぶつ）を育てる場合は「育てている（そだてている）」や「栽培（さいばい）している」を使います。<br>・「言語の技術を〜」：スキルを身につける場合は「修得（しゅうとく）した」や「身につけた」を使います。<br>・「綺麗さを〜」：状態（じょうたい）を維持（いじ）する場合は「保った（たもった）」を使います。<br><br>抽象（ちゅうしょう）的な動詞（どうし）の意味領域（いみりょういき）を問う発展（はってん）レベルの問題（もんだい）です。
JLPT_LK_N2_990,言語知識,語彙,用法,3,<u>妨げる</u>,大声で騒ぐ行為は、他人の睡眠を妨げる。,雨が降り始めて、買い物の進行を妨げた。,勉強を頑張って、合格の可能性を妨げた。,荷物をたくさん詰めて、カバンの空間を妨げた。,大声で騒ぐ行為は、他人の睡眠を妨げる。,【解説】<br>正解（せいかい）は「大声で騒ぐ行為は、他人の睡眠を妨げる。」です。「妨げる（さまたげる）」は、進行（しんこう）や活動（かつどう）、状態（じょうたい）を邪魔（じゃま）してスムーズにいかなくさせるという意味（いみ）で使（つか）います。<br><br>■ほかの選択肢（せんたくし）について<br>・「買い物の進行を〜」：邪魔（じゃま）をする対象（たいしょう）として不自然（ふしぜん）です。「買い物を邪魔した」などと言います。<br>・「合格の可能性を〜」：悪い結果（けっか）を引き起こす場合は「下げた」や「損なった（そこなった）」を使います。<br>・「カバンの空間を〜」：場所（ばしょ）をふさぐ場合は「圧迫（あっぱく）した」や「奪った（うばった）」を使います。<br><br>他動詞（たどうし）の正確（せいかく）なコロケーションを問う標準（ひょうじゅん）的な問題（もんだい）です。
JLPT_LK_N2_991,言語知識,語彙,語形成,3,この地域（ちいき）は、______高齢化（こうれいか）が急激（きゅうげき）に進（すす）んでいる。,少子,少人,少数,少量,少子,【解説】<br>正解（せいかい）は「少子（しょうし）」です。「少子高齢化（しょうしこうれいか）」で「子供（こども）の数が減（へ）り、お年寄り（としより）の割合（わりあい）が増（ふ）えること」という意味（いみ）の決（き）まった四字熟語（よじじゅくご）になります。<br><br>■ほかの選択肢（せんたくし）について<br>・「少人（しょうじん）」：人（ひと）が少ないことですが、このような四字熟語はありません。<br>・「少数（しょうすう）」：数が少ないことですが、「少数高齢化」とは言いません。<br>・「少量（しょうりょう）」：量が少ないことですが、人口（じんこう）の変化（へんか）には使いません。<br><br>これはN2の標準的（ひょうじゅんてき）な社会（しゃかい）語彙（ごい）の語形成（ごけいせい）問題（もんだい）です。
JLPT_LK_N2_992,言語知識,語彙,語形成,5,彼（かれ）は自覚（じかく）______な行動（こうどう）が多く、周囲（しゅうい）に迷惑（めいわく）をかけている。,欠如,不足,不十分,欠乏,欠如,【解説】<br>正解（せいかい）は「欠如（けつじょ）」です。「自覚欠如（じかくけつじょ）」や「責任感欠如（せきにんかんけつじょ）」のように、あるべき意識（いしき）や感情（かんじょう）が完全に欠（か）けている様子（ようす）を表（あらわ）す表現（ひょうげん）として使（つか）います。<br><br>■ほかの選択肢（せんたくし）について<br>・「不足（ふそく）」：「自覚不足（じかくふそく）」という表現（ひょうげん）もありますが、「自覚不足な行動」ではなく「自覚不足による行動」などの形で使うのが一般的（いっぱんてき）です。<br>・「不十分（ふじゅうぶん）」：名詞（めいし）の直後（ちょくご）にそのまま接続（せつぞく）して一つの熟語（じゅくご）にはなりません。<br>・「欠乏（けつぼう）」：物（もの）や資源（しげん）が足りないときに使います（例：酸素欠乏）。<br><br>これは熟語（じゅくご）の厳密（げんみつ）なコロケーションを問（と）う発展（はってん）レベルの問題（もんだい）です。
JLPT_LK_N2_993,言語知識,語彙,文脈規定,2,約束（やくそく）の時間（じかん）に______遅（おく）れてしまい、申し訳（わけ）ありませんでした。,大変,すっかり,すっかりと,かなり,大変,【解説】<br>正解（せいかい）は「大変（たいへん）」です。「大変（たいへん）〜」の形で、謝罪（しゃざい）や感謝（かんしゃ）の気持ちを込（こ）めて度合い（どあい）が非常に大きいことを表（あらわ）します。<br><br>■ほかの選択肢（せんたくし）について<br>・「すっかり」：全部（ぜんぶ）や完全（かんぜん）にという意味（いみ）で、遅刻（ちこく）の度合い（どあい）には合いません。<br>・「すっかりと」：不自然（ふしぜん）な形（かたち）です。<br>・「かなり」：程度（てど）が大きいことを表（あらわ）しますが、お詫び（わび）の文脈（ぶんみゃく）で相手（あいて）に伝える言葉としては「大変」が最も丁寧（ていねん）で自然（しぜん）です。<br><br>これはN2の基礎（きそ）的な副詞（ふくし）とあいさつ表現（ひょうげん）の問題（もんだい）です。
JLPT_LK_N2_994,言語知識,語彙,文脈規定,4,交渉（こうしょう）は難航（なんこう）したが、最終的（さいしゅうてき）に______がついた。,決着,合体,決定,確定,決着,【解説】<br>正解（せいかい）は「決着（けっちゃく）」です。「決着（けっちゃく）がつく」で、争い（あらそい）や話し合い（はなしあい）の結果（けっか）が最後（さいご）にきまるという意味（いみ）の慣用表現（かんようひょうげん）になります。<br><br>■ほかの選択肢（せんたくし）について<br>・「合体（がったい）」：二つのものが一つになることです。<br>・「決定（けってい）」：「決定する」や「決定を下す」のように使い、「決定がつく」とは言いません。<br>・「確定（かくてい）」：「確定する」や「確定を得る」のように使います。<br><br>これは慣用句（かんようく）的（てき）な結びつきを問（と）う応用（おうよう）レベルの問題（もんだい）です。
JLPT_LK_N2_995,言語知識,語彙,文脈規定,1,荷物（にもつ）がたくさんあるので、車（くるま）で______に行（い）く。,迎え,送り,訪問,案内,迎え,【解説】<br>正解（せいかい）は「迎え（むかえ）」です。「迎え（むかえ）に行く」で、来る人や来る荷物を引き取りに行くという意味（いみ）になります。<br><br>■ほかの選択肢（せんたくし）について<br>・「送り（おくり）」：人を別の場所まで一緒に行くことです。<br>・「訪問（ほうもん）」：訪れる（おとずれる）ことですが、「訪問に行く」という重ねた言い方はしません。<br>・「案内（あんない）」：場所を教えることです。<br><br>これはN2の超基本（ちょうきほん）レベルの問題（もんだい）です。
JLPT_LK_N2_996,言語知識,語彙,言い換え類義,4,この文章（ぶんしょう）は<u>やや</u>分かりにくい。,少し,まったく,すこぶる,大分,少し,【解説】<br>正解（せいかい）は「少し（すこし）」です。「やや」は、程度（ていど）がそれほど大きくなく、「少し」という意味（いみ）を表（あらわ）す硬（かた）い表現（ひょうげん）です。<br><br>■ほかの選択肢（せんたくし）について<br>・「まったく」：全然（ぜんぜん）〜ない、という意味（いみ）で使います。<br>・「すこぶる」：非常に、とても、という意味（いみ）で反対（はんたい）の大きな度合いを表します。<br>・「大分（だいぶ）」：かなり、相当（そうとう）という意味（いみ）です。<br><br>度合い（どあい）を表（あらわ）す副詞（ふくし）の応用（おうよう）問題（もんだい）です。
JLPT_LK_N2_997,言語知識,語彙,言い換え類義,3,彼（かれ）は<u>おだやかな</u>人柄（ひとがら）だ。,静かで落ち着いた,明るくて元気な,厳しくて怖い,細かくてうるさい,静かで落ち着いた,【解説】<br>正解（せいかい）は「静かで落ち着いた（しずかでおちついた）」です。「おだやか」は、性格（せいかく）や様子（ようす）が優（やさ）しく、静（しず）かで落ち着いている状態（じょうたい）を表（あらわ）します。<br><br>■ほかの選択肢（せんたくし）について<br>・「明るくて元気な」：「活発だ（かっぱつだ）」などの意味になります。<br>・「厳しくて怖い」：「厳しい（きびしい）」などの意味になります。<br>・「細かくてうるさい」：「神経質だ（しんけいしつだ）」などの意味になります。<br><br>形容詞（けいようし）の意味（いみ）を問（と）う標準的（ひょうじゅんてき）な問題（もんだい）です。
JLPT_LK_N2_998,言語知識,語彙,言い換え類義,2,新（あたら）しい方針（ほうしん）を<u>打ち出した</u>。,発表した,取り消した,検討した,隠した,発表した,【解説】<br>正解（せいかい）は「発表した（はっぴょうした）」です。「打ち出す（うちだす）」は、考えや方針（ほうしん）などを新（あたら）しく明確（めいかく）にみんなに示す（発表する）という意味（いみ）です。<br><br>■ほかの選択肢（せんたくし）について<br>・「取り消した（とりけした）」：やめたという意味（いみ）です。<br>・「検討した（けんとうした）」：よく考えたという意味（いみ）です。<br>・「隠した（かくした）」：見えないようにしたという意味（いみ）です。<br><br>複合動詞（ふくごうどうし）の基本（きほん）的な言い換え（いいかえ）問題（もんだい）です。
JLPT_LK_N2_999,言語知識,語彙,用法,5,<u>あらかじめ</u>,会議に必要な資料は、あらかじめ印刷しておいてください。,急に雨が降ってきたので、あらかじめ傘を買った。,友達が遅れてきたので、あらかじめカフェで待った。,荷物が重かったので、あらかじめタクシーに乗った。,会議に必要な資料は、あらかじめ印刷しておいてください。,【解説】<br>正解（せいかい）は「会議に必要な資料は、あらかじめ印刷しておいてください。」です。「あらかじめ」は、事（こと）が起こる前（まえ）に、準備（じゅんび）として前もって何かを行う時に使（つか）います。<br><br>■ほかの選択肢（せんたくし）について<br>・「急に雨が降ってきたので〜」：出来事（できごと）が起きた「後（あと）」の行動（こうどう）には使えません。「急遽（きゅうきょ）」などを使います。<br>・「友達が遅れてきたので〜」：事態（じたい）に対応（たいおう）してその場で行う行動には使えません。「ひとまず」などを使います。<br>・「荷物が重かったので〜」：その場の状況（じょうきょう）による判断（はんだん）には使えません。「仕方なく（しかたなく）」などを使います。<br><br>時間軸（じかんじく）の前後の関係（かんけい）を正しく理解（りかい）できているか問（と）う発展（はってん）レベルの問題（もんだい）です。
JLPT_LK_N2_1000,言語知識,語彙,用法,1,<u>補う</u>,不足している水分をスポーツドリンクで補った。,部屋が散らかっているので、綺麗に補った。,予定の時間より早く着いたので、時間を補った。,お腹が空いたので、ご飯を食べてお腹を補った。,不足している水分をスポーツドリンクで補った。,【解説】<br>正解（せいかい）は「不足している水分をスポーツドリンクで補った。」です。「補う（おぎなう）」は、足りない部分（ぶぶん）や不足（ふそく）している分を足して埋（う）めるという意味（いみ）で使（つか）います。<br><br>■ほかの選択肢（せんたくし）について<br>・「部屋を綺麗に〜」：部屋を整（ととの）える場合は「片付けた（かたづけた）」や「掃除した（そうじした）」を使います。<br>・「時間を〜」：時間を有効（ゆうこう）に使う場合は「時間を潰した（つぶした）」や「活用した（かつようした）」を使います。<br>・「お腹を〜」：お腹を満（み）たす場合は「お腹を満たした（みたした）」や「満足させた」を使います。<br><br>基礎（きそ）的な他動詞（たどうし）の意味領域（いみりょういき）を問（と）う問題（もんだい）です。
JLPT_LK_N2_1001,言語知識,語彙,語形成,1,非常（ひじょう）の際には、この______非常口（ひじょうぐち）から外（そと）に出（で）てください。,専用,専務,専念,専修,専用,【解説】<br>正解（せいかい）は「専用（せんよう）」です。「非常口（ひじょうぐち）」や「車椅子（くるまいす）」などの言葉（ことば）と一緒に「専用（せんよう）」をつかうと、「それだけのために使う」という意味（いみ）になります。<br><br>■ほかの選択肢（せんたくし）について<br>・「専務（せんむ）」：会社（かいしゃ）の役職（やくしょく）の名前（なまえ）です。<br>・「専念（せんねん）」：一つのことに集中（しゅうちゅう）することです（例：勉強に専念する）。<br>・「専修（せんしゅう）」：専門（せんもん）にして修める（おさめる）ことです。<br><br>これはN2の超基本（ちょうきほん）レベルの問題（もんだい）です。
JLPT_LK_N2_1002,言語知識,語彙,語形成,4,チームの______向上（こうじょう）を目指（めざ）して、合同（ごうどう）合宿（がっしゅく）を行（おこな）った。,士気,意気,気力,気概,士気,【解説】<br>正解（せいかい）は「士気（しき）」です。「士気向上（しきこうじょう）」や「士気が高まる（たかまる）」で、グループみんなのやる気や意気込み（いきごみ）という意味（いみ）の決（き）まった表現（ひょうげん）になります。<br><br>■ほかの選択肢（せんたくし）について<br>・「意気（いき）」：「意気投合（いきとうごう）」などの言葉（ことば）で使いますが、「意気向上」とは言いません。<br>・「気力（きりょく）」：個人のエネルギーややる気のことです。<br>・「気概（きがい）」：困難（こんなん）に負（ま）けない強い心のことです。<br><br>集団（しゅうだん）の様子（ようす）を表（あらわ）す熟語（じゅくご）の応用（おうよう）問題（もんだい）です。
JLPT_LK_N2_1003,言語知識,語彙,文脈規定,2,友達（ともだち）の家（いえ）に長居（ながい）してしまい、______帰（かえ）りが遅（おそ）くなった。,すっかり,すんなり,しっかり,ぴったり,すっかり,【解説】<br>正解（せいかい）は「すっかり」です。「すっかり」は、完全に（かんぜんに）や、思（おも）っていた以上にそうなってしまった状態（じょうたい）を表（あらわ）します。<br><br>■ほかの選択肢（せんたくし）について<br>・「すんなり」：つかえずにスムーズに進（すす）む様子（ようす）です。<br>・「しっかり」：確実（かくじつ）に、ちゃんとしている様子（ようす）です。<br>・「ぴったり」：サイズや時間がちょうど合う様子（ようす）です。<br><br>これはN2の基本（きほん）的なオノマトペ・副詞（ふくし）の問題（もんだい）です。
JLPT_LK_N2_1004,言語知識,語彙,文脈規定,5,彼（かれ）の主張（しゅちょう）には筋（すじ）が通（とお）っておらず、説明（せつめい）が______だ。,破綻,崩壊,挫折,破滅,破綻,【解説】<br>正解（せいかい）は「破綻（はたん）」です。「説明（せつめい）や論理（ろんり）が破綻（はたん）している」で、内容（ないよう）が矛盾（むじゅん）していて成り立（なりた）たないという意味（いみ）になります。<br><br>■ほかの選択肢（せんたくし）について<br>・「崩壊（ほうかい）」：建物（たてもの）や組織（そしき）が崩（くず）れて壊（こわ）れることです。<br>・「挫折（ざせつ）」：途中で計画（けいかく）や夢（ゆめ）をあきらめることです。<br>・「破滅（はめつ）」：滅（ほろ）びて終わりになることです。<br><br>抽象（ちゅうしょう）的な語彙（ごい）の厳密（げんみつ）な意味（いみ）を問（と）う発展（はってん）レベルの問題（もんだい）です。
JLPT_LK_N2_1005,言語知識,語彙,文脈規定,3,道路（どうろ）が混雑（こんざつ）していて、車（くるま）が______としか進（すす）まない。,ノロノロ,テキパキ,キラキラ,ドンドン,ノロノロ,【解説】<br>正解（せいかい）は「ノロノロ」です。「ノロノロ」は、動きやスピードが非常に遅（おそ）い様子（ようす）を表（あらわ）します。<br><br>■ほかの選択肢（せんたくし）について<br>・「テキパキ」：手際（てぎわ）よく速（はや）く仕事（しごと）などをする様子（ようす）です。<br>・「キラキラ」：光（ひかり）がかがやいている様子（ようす）です。<br>・「ドンドン」：物事（ものごと）が勢（いきの）いよく進（すす）む様子（ようす）です。<br><br>標準的（ひょうじゅんてき）なオノマトペの問題（もんだい）です。
JLPT_LK_N2_1006,言語知識,語彙,言い換え類義,2,事態（じたい）は<u>深刻（しんこく）だ</u>。,重い,重たい,軽い,軽快だ,重い,【解説】<br>正解（せいかい）は「重い（おもい）」です。「深刻（しんこく）だ」は、問題（もんだい）や状態（じょうたい）が簡単（かんたん）ではなく、非常に悪（わる）い（重い）状態（じょうたい）であることを表（あらわ）します。<br><br>■ほかの選択肢（せんたくし）について<br>・「重たい（おもたい）」：物（もの）の重量（じゅうりょう）が重いときによく使（つか）います。<br>・「軽い（かるい）」「軽快だ（けいかいだ）」：反対（はんたい）の意味（いみ）の言葉（ことば）です。<br><br>基礎（きそ）的な言い換え（いいかえ）問題（もんだい）です。
JLPT_LK_N2_1007,言語知識,語彙,言い換え類義,3,契約（けいやく）を<u>打ち切る</u>ことにした。,中止する,延長する,変更する,開始する,中止する,【解説】<br>正解（せいかい）は「中止する（ちゅうしする）」です。「打ち切る（うちきる）」は、続いていたことや予定（よてい）していたことを、途中で完全にやめる（中止する）という意味（いみ）になります。<br><br>■ほかの選択肢（せんたくし）について<br>・「延長する（えんちょうする）」：期間（きかん）をのばすことです。<br>・「変更する（へんこうする）」：変えることです。<br>・「開始する（かいしする）」：始めることです。<br><br>標準的（ひょうじゅんてき）な複合動詞（ふくごうどうし）の類義語（るいぎご）問題（もんだい）です。
JLPT_LK_N2_1008,言語知識,語彙,言い換え類義,5,この説（せつ）は<u>曖昧（あいまい）だ</u>。,あやふやだ,たしかだ,明確だ,複雑だ,あやふやだ,【解説】<br>正解（せいかい）は「あやふやだ」です。「曖昧（あいまい）だ」は、内容（ないよう）や態度（たいど）がはっきりせず確実（かくじつ）でない様子（ようす）を表（あらわ）すので、「あやふやだ」と言い換（か）えができます。<br><br>■ほかの選択肢（せんたくし）について<br>・「たしかだ」「明確だ（めいかくだ）」：はっきりしているという意味（いみ）で、反対（はんたい）の意味（いみ）です。<br>・「複雑だ（ふくざつだ）」：細かくて難しいという意味（いみ）です。<br><br>和語（わご）とナ形容詞（けいようし）の類義語（るいぎご）を問（と）う発展（はってん）レベルの問題（もんだい）です。
JLPT_LK_N2_1009,言語知識,語彙,用法,4,<u>見渡す</u>,屋上から街の全景を見渡した。,書類の細部までじっくり見渡した。,映画の感動的な場面を見渡した。,相手の顔を近くで見渡した。,屋上から街の全景を見渡した。,【解説】<br>正解（せいかい）は「屋上から街の全景を見渡した。」です。「見渡す（みわたす）」は、高い場所（ばしょ）などから遠くの広い範囲（はんい）全体を眺（なが）めるという意味（いみ）で使（つか）います。<br><br>■ほかの選択肢（せんたくし）について<br>・「書類の細部まで〜」：細かい部分（ぶぶん）を確認（かくにん）する場合は「見直した（みなおした）」や「点検した」を使います。<br>・「映画の場面を〜」：集中（しゅうちゅう）して見る場合は「観た（みた）」や「見つめた」を使います。<br>・「近くで〜」：近い距離（きょり）で見る場合は「見つめた」や「観察した」を使います。<br><br>空間（くうかん）の広がりを表（あらわ）す複合動詞（ふくごうどうし）の用法（ようほう）問題（もんだい）です。
JLPT_LK_N2_1010,言語知識,語彙,用法,3,<u>省く</u>,無駄な作業を省いて、効率を上げた。,カバンから重い本を省いて軽くした。,友達をグループから省いて旅行に行った。,予定の時間を省いて早く到着した。,無駄な作業を省いて、効率を上げた。,【解説】<br>正解（せいかい）は「無駄な作業を省いて、効率を上げた。」です。「省く（はぶく）」は、不要（ふよう）な手続き（てつづき）や手間（てま）をなくして取り除くという意味（いみ）で使（つか）います。<br><br>■ほかの選択肢（せんたくし）について<br>・「重い本を〜」：物（もの）を外に出す場合は「取り出した（とりだした）」や「減らした」を使います。<br>・「友達を〜」：人を除外（じょがい）する場合は「仲間はずれにした」や「除いた（のぞいた）」を使います。<br>・「時間を〜」：時間を短縮（たんしゅく）する場合は「短縮した（たんしゅくした）」を使います。<br><br>他動詞（たどうし）「省く」の標準的（ひょうじゅんてき）な問題（もんだい）です。
JLPT_LK_N2_1011,言語知識,語彙,語形成,2,彼女（かのじょ）は______感覚（かんかく）に優（ぐん）れており、いつもおしゃれな服（ふく）を着（き）ている。,色彩,色相,色調,色彩感,色彩,【解説】<br>正解（せいかい）は「色彩（しきさい）」です。「色彩感覚（しきさいかんかく）」で「色（いろ）の組み合わせや使い方（つかいかた）を感じ取る能力（のうりょく）」という意味（いみ）の決（き）まった熟語（じゅくご）になります。<br><br>■ほかの選択肢（せんたくし）について<br>・「色相（しきそう）」：色の種類（しゅるい）を表（あらわ）す専門（せんもん）用語（ようご）で、「色相感覚」とは言いません。<br>・「色調（しきちょう）」：色のトーンや強さのことですが、「色調感覚」とは言いません。<br>・「色彩感（しきさいかん）」：言葉（ことば）として重ねて「色彩感感覚」とは言いません。<br><br>これはN2の基礎（きそ）的な語形成（ごけいせい）の問題（もんだい）です。
JLPT_LK_N2_1012,言語知識,語彙,語形成,5,これまでの実績（じっせき）が評価（ひょうか）され、彼（かれ）は______格（かく）の扱い（あつかい）を受けた。,破格,格別,格段,合格,破格,【解説】<br>正解（せいかい）は「破格（はかく）」です。「破格の扱い（はかくのあつかい）」や「破格の条件（はかくのじょうけん）」で「決まりや普通（ふつう）の基準（きじゅん）を大きく超（こ）えていること」という意味（いみ）になります。<br><br>■ほかの選択肢（せんたくし）について<br>・「格別（かくべつ）」：「格別なご配慮」のように使いますが、「格別の扱い」より「破格」のほうが度外れて特別という意味になります。<br>・「格段（くだん）」：「格段に良くなった」のように副詞（ふくし）的に使います。<br>・「合格（ごうかく）」：テストなどに通ることです。<br><br>高度（こうど）な熟語（じゅくご）の結びつきを問う発展（はってん）レベルの問題（もんだい）です。
JLPT_LK_N2_1013,言語知識,語彙,文脈規定,1,テストの前日は______寝（ね）て、体調（たいちょう）を整（ととの）えたほうがいい。,しっかり,うっかり,すっきり,ぴったり,しっかり,【解説】<br>正解（せいかい）は「しっかり」です。「しっかり」は、十分（じゅうぶん）に、確実（かくじつ）に、という意味（いみ）で使（つか）います。<br><br>■ほかの選択肢（せんたくし）について<br>・「うっかり」：注意（ちゅうい）が足りなくて失敗（しっぱい）する様子（ようす）です。<br>・「すっきり」：気分（きぶん）が爽やか（さわやか）になる様子（ようす）です。<br>・「ぴったり」：サイズや時間がちょうど合う様子（ようす）です。<br><br>これはN2の超基本（ちょうきほん）レベルの問題（もんだい）です。
JLPT_LK_N2_1014,言語知識,語彙,文脈規定,4,長年（ながねん）連れ添った愛犬（あいけん）が亡くなり、彼は______に暮れている。,失意,失望,失策,失念,失意,【解説】<br>正解（せいかい）は「失意（しつい）」です。「失意に暮れる（しついにくれる）」で「希望（きぼう）や元気を失って、悲しみに沈んでいる」という意味（いみ）の慣用表現（かんようひょうげん）です。<br><br>■ほかの選択肢（せんたくし）について<br>・「失望（しつぼう）」：期待（きたい）が外れてがっかりすることです。<br>・「失策（しっさく）」：失敗（しっぱい）した計画（けいかく）やプレイのことです。<br>・「失念（しつねん）」：うっかり忘れることです。<br><br>慣用句（かんようく）的（てき）な表現（ひょうげん）を問う応用（おうよう）レベルの問題（もんだい）です。
JLPT_LK_N2_1015,言語知識,語彙,文脈規定,3,新しく買った靴（くつ）が足に______合っていて、とても歩きやすい。,ぴったり,うっかり,しっかり,あっさり,ぴったり,【解説】<br>正解（せいかい）は「ぴったり」です。「ぴったり」は、サイズや条件（じょうけん）が隙間（すきま）なくちょうど合う様子（ようす）を表（あらわ）します。<br><br>■ほかの選択肢（せんたくし）について<br>・「うっかり」：油断（ゆだん）してミスをする様子（ようす）です。<br>・「しっかり」：確実（かくじつ）に行う様子（ようす）です。<br>・「あっさり」：性格（せいかく）や味がしつこくない様子（ようす）です。<br><br>標準的（ひょうじゅんてき）なオノマトペの問題（もんだい）です。
JLPT_LK_N2_1016,言語知識,語彙,言い換え類義,3,彼の演技（えんぎ）は実に<u>見事（みごと）だ</u>。,素晴らしい,珍しい,面白い,怪しい,素晴らしい,【解説】<br>正解（せいかい）は「素晴らしい（すばらしい）」です。「見事（みごと）だ」は、結果（けっか）や出来栄え（できばえ）が非常に優（ぐん）れている様子（ようす）を表（あらわ）します。<br><br>■ほかの選択肢（せんたくし）について<br>・「珍しい（めずらしい）」：滅多にないという意味（いみ）です。<br>・「面白い（おもしろい）」：楽しいという意味（いみ）です。<br>・「怪しい（あやしい）」：不審（ふしん）だという意味（いみ）です。<br><br>標準（ひょうじゅん）的なナ形容詞（けいようし）の言い換え（いいかえ）問題（もんだい）です。
JLPT_LK_N2_1017,言語知識,語彙,言い換え類義,2,<u>あいにく</u>本日は休館日（きゅうかんび）となっております。,残念ながら,幸いにも,当然ながら,偶然にも,残念ながら,【解説】<br>正解（せいかい）は「残念ながら（ざんねんながら）」です。「あいにく」は、目的（もくてき）や期待（きたい）に合わない状態（じょうたい）になってしまい申し訳（わけ）ない・都合（つごう）が悪いという意味（いみ）を表（あらわ）します。<br><br>■ほかの選択肢（せんたくし）について<br>・「幸いにも（さいわいにも）」：運良くという意味（いみ）で反対（はんたい）です。<br>・「当然ながら（とうぜんながら）」：当たり前（まえ）にという意味（いみ）です。<br>・「偶然にも（ぐうぜんにも）」：思いがけずという意味（いみ）です。<br><br>基礎（きそ）的な副詞（ふくし）の言い換え（いいかえ）問題（もんだい）です。
JLPT_LK_N2_1018,言語知識,語彙,言い換え類義,5,その意見（いけん）には<u>服従（ふくじゅう）する</u>つもりはない。,従う,反発する,抵抗する,無視する,従う,【解説】<br>正解（せいかい）は「従う（したがう）」です。「服従（ふくじゅう）する」は、相手（あいて）の命令（めいれい）や規則（きそく）に自分の意思（いし）を合わせて従（したが）うという意味（いみ）になります。<br><br>■ほかの選択肢（せんたくし）について<br>・「反発する（はんぱつする）」：逆らう（さからう）という意味（いみ）で反対です。<br>・「抵抗する（ていこうする）」：立ち向かうという意味（いみ）です。<br>・「無視する（むしする）」：気にしないことです。<br><br>硬（かた）い語彙（ごい）の類義語（るいぎご）を問う発展（はってん）レベルの問題（もんだい）です。
JLPT_LK_N2_1019,言語知識,語彙,用法,4,<u>兼ねる</u>,趣味と実益を兼ねて、ブログで記事を書いている。,明日の天気と気温を兼ねて、服を選んだ。,仕事の成功と失敗を兼ねて、反省会を開いた。,電車とバスの時間を兼ねて、駅に向かった。,趣味と実益を兼ねて、ブログで記事を書いている。,【解説】<br>正解（せいかい）は「趣味と実益を兼ねて、ブログで記事を書いている。」です。「兼ねる（かねる）」は、一つの行為（こうい）が二つ以上の目的（もくてき）や役割（やくわり）を合わせ持っているという意味（いみ）で使（つか）います。<br><br>■ほかの選択肢（せんたくし）について<br>・「天気と気温を〜」：複数の条件（じょうけん）を考慮（こうりょ）する場合は「考慮（こうりょ）して」や「合わせて」を使います。<br>・「成功と失敗を〜」：両方を比較（ひかく）する場合は「振り返って（ふりかえって）」を使います。<br>・「電車とバスの時間を〜」：時間を比べる場合は「確認（かくにん）して」を使います。<br><br>意味の範囲（はんい）が狭い文法（ぶんぽう）・動詞（どうし）の問題（もんだい）です。
JLPT_LK_N2_1020,言語知識,語彙,用法,3,<u>励ます</u>,落ち込んでいる友人を言葉で励ました。,体力をつけるために毎日運動して体を励ました。,試験に合格するために勉強を励ました。,部屋を綺麗にするために掃除を励ました。,落ち込んでいる友人を言葉で励ました。,【解説】<br>正解（せいかい）は「落ち込んでいる友人を言葉で励ました。」です。「励ます（はげます）」は、元気（げんき）を失っている人（ひと）に声をかけて元気にさせるという意味（いみ）で使（つか）います。<br><br>■ほかの選択肢（せんたくし）について<br>・「体を〜」：体を強くする場合は「鍛えた（きたえた）」を使います。<br>・「勉強を〜」：集中（しゅうちゅう）して努力（どりょく）する場合は「励んだ（はげんだ）」という自動詞（じどうし）を使います。<br>・「掃除を〜」：一生懸命（いっしょうけんめい）やる場合は「励んだ」や「頑張った」を使います。<br><br>自動詞（じどうし）と他動詞（たどうし）の混同（こんどう）を防ぐ標準（ひょうじゅん）的な問題（もんだい）です。
JLPT_LK_N2_1021,言語知識,語彙,語形成,1,地震（じしん）などの______災害（さいがい）に備（そな）えて、避難（ひなん）用（よう）のリュックを用意（ようい）しておく。,自然,天然,天然性,自然性,自然,【解説】<br>正解（せいかい）は「自然（しぜん）」です。「自然災害（しぜんさいがい）」で、台風（たいふう）や地震（じしん）などの自然現象（しぜんげんしょう）によって起こる被害（ひがい）という意味（いみ）の決（き）まった熟語（じゅくご）になります。<br><br>■ほかの選択肢（せんたくし）について<br>・「天然（てんねん）」：「天然ガス」や「天然記念物」のように人間（にんげん）の手が加えられていない物（もの）に使いますが、「天然災害」とは言いません。<br>・「天然性（てんねんせい）」「自然性（しぜんせい）」：性質（せいしつ）を表（あらわ）す言葉（ことば）で、災害（さいがい）の頭（あたま）にはつきません。<br><br>これはN2の基礎（きそ）的な語形成（ごけいせい）の問題（もんだい）です。
JLPT_LK_N2_1022,言語知識,語彙,語形成,4,新製品（しんせいひん）の売り出しにあたり、______価格（かかく）でご提供（ていきょう）いたします。,特別,限定,特別性,特定,特別,【解説】<br>正解（せいかい）は「特別（とくべつ）」です。「特別価格（とくべつかかく）」で、普段（ふだん）とは違（ちが）う安（やす）い値段（ねだん）という意味（いみ）の複合語（ふくごうご）になります。<br><br>■ほかの選択肢（せんたくし）について<br>・「限定（げんてい）」：「限定価格（げんていかかく）」と言うこともありますが、単体（たんたい）の形容詞（けいようし）的（てき）な接続（せつぞく）としては「特別価格」が最も標準的（ひょうじゅんてき）です。<br>・「特別性（とくべつせい）」：性質（せいしつ）を表（あらわ）す言葉（ことば）で、価格（かかく）にはつきません。<br><br>語形成（ごけいせい）の応用（おうよう）レベルの問題（もんだい）です。
JLPT_LK_N2_1023,言語知識,語彙,文脈規定,2,体調（たいちょう）が悪（わる）かったが、薬（くすり）を飲（の）んだら______よくなった。,だいぶ,すっかり,ほとんど,うっかり,だいぶ,【解説】<br>正解（せいかい）は「だいぶ」です。「だいぶ」は、程度（てど）がかなり進（すす）んでいる様子（ようす）を表（あらわ）します。<br><br>■ほかの選択肢（せんたくし）について<br>・「すっかり」：100%完全に良くなった時に使います。「よくなった」の変化（へんか）の途中の度合い（どあい）には「だいぶ」が自然です。<br>・「ほとんど」：数量（すうりょう）や割合（わりあい）に使います。<br>・「うっかり」：注意（ちゅうい）が足りない様子（ようす）です。<br><br>標準的（ひょうじゅんてき）な副詞（ふくし）の問題（もんだい）です。
JLPT_LK_N2_1024,言語知識,語彙,文脈規定,5,彼（かれ）の軽率（けいそつ）な行動（こうどう）が、思（おも）わぬトラブルを______しまった。,招いて,誘って,引き起こして,煽って,招いて,【解説】<br>正解（せいかい）は「招いて（まねいて）」です。「トラブルや失敗（しっぱい）を招（まね）く」で、自分の悪い行動（こうどう）が原因（げんいん）で良くない結果（けっか）を引き起こすという意味（いみ）になります。<br><br>■ほかの選択肢（せんたくし）について<br>・「誘って（さそって）」：人をどこかに一緒に行こうと誘う（さそう）ことです。<br>・「引き起こして」：意味（いみ）は似（に）ていますが、「トラブルを引き起こす」よりも「トラブルを招く」の方がコロケーションとして自然（しぜん）で文脈（ぶんみゃく）に合います。<br>・「煽って（あおって）」：感情（かんじょう）を高めさせることです。<br><br>コロケーションの厳密（げんみつ）さを問う発展（はってん）レベルの問題（もんだい）です。
JLPT_LK_N2_1025,言語知識,語彙,文脈規定,3,急（きゅう）な予定（よてい）が入（はい）り、旅行（りょこう）を______せざるを得（え）なくなった。,延期,延長,停止,中断,延期,【解説】<br>正解（せいかい）は「延期（えんき）」です。「延期（えんき）する」は、予定（よてい）していた期日（きじつ）や時期（じき）を後ろにずらすという意味（いみ）で使（つか）います。<br><br>■ほかの選択肢（せんたくし）について<br>・「延長（えんちょう）」：時間（じかん）や期間（きかん）の長さそのものを延ばす（のばす）ことです（例：滞在時間を延長する）。<br>・「停止（ていし）」：動きや活動（かつどう）を止めることです。<br>・「中断（ちゅうだん）」：途中で一回止めることです。<br><br>類似（るいじ）した熟語（じゅくご）の使い分けを問（と）う標準（ひょうじゅん）的な問題（もんだい）です。
JLPT_LK_N2_1026,言語知識,語彙,言い換え類義,3,彼（かれ）の決断（けつだん）は実に<u>思い切りがいい</u>。,果断だ,強引だ,頑固だ,雑だ,果断だ,【解説】<br>正解（せいかい）は「果断だ（かだんだ）」です。「思い切りがいい」は、迷（まよ）わずにすぐ決断（けつだん）して行動（こうどう）する様子（ようす）を表（あらわ）すので、「果断だ（かだんだ）」と言い換（か）えることができます。<br><br>■ほかの選択肢（せんたくし）について<br>・「強引だ（ごういんだ）」：無理やり進める様子（ようす）です。<br>・「頑固だ（がんこだ）」：自分の意見（いけん）を曲げない様子（ようす）です。<br>・「雑だ（ざつだ）」：いい加減（かげん）な様子（ようす）です。<br><br>少し硬（かた）い表現（ひょうげん）の類義語（るいぎご）問題（もんだい）です。
JLPT_LK_N2_1027,言語知識,語彙,言い換え類義,1,その話（はなし）を聞いて<u>ホッとした</u>。,安心した,驚いた,呆れた,ガッカリした,安心した,【解説】<br>正解（せいかい）は「安心した（あんしんした）」です。「ホッとする」は、心配（しんぱい）がなくなり、心（こころ）の緊張（きんちょう）が解（と）ける様子（ようす）を表（あらわ）します。<br><br>■ほかの選択肢（せんたくし）について<br>・「驚いた（おどろいた）」：予想（よそう）外のことにびっくりすることです。<br>・「呆れた（あきれた）」：ひどくて言葉（ことば）が出ないことです。<br>・「ガッカリした」：期待（きたい）が外れてがっかりすることです。<br><br>これはN2の基礎（きそ）的なオノマトペ・感情（かんじょう）表現（ひょうげん）の問題（もんだい）です。
JLPT_LK_N2_1028,言語知識,語彙,言い換え類義,4,この手続き（てつづき）は<u>わずらわしい</u>。,面倒だ,危険だ,複雑だ,曖昧だ,面倒だ,【解説】<br>正解（せいかい）は「面倒だ（めんどうだ）」です。「わずらわしい」は、細かくて手間（てま）がかかり、嫌（いや）な気持ちになる様子（ようす）を表（あらわ）すので、「面倒だ（めんどうだ）」と言い換（か）えができます。<br><br>■ほかの選択肢（せんたくし）について<br>・「危険だ（きけんだ）」：あぶない様子（ようす）です。<br>・「複雑だ（ふくざつだ）」：絡み合っていて分かりにくい様子（ようす）です。<br>・「曖昧だ（あいまいだ）」：はっきりしない様子（ようす）です。<br><br>イ形容詞（けいようし）の応用（おうよう）的な言い換え（いいかえ）問題（もんだい）です。
JLPT_LK_N2_1029,言語知識,語彙,用法,2,<u>促す</u>,出席者に向けて、早めの発言を促した。,部屋を綺麗にするように掃除を促した。,風邪を引かないように手洗いを促した。,荷物を届けるために配達を促した。,出席者に向けて、早めの発言を促した。,【解説】<br>正解（せいかい）は「出席者に向けて、早めの発言を促した。」です。「促す（うながす）」は、相手（あいて）に早く行動（こうどう）するように働きかける（催促（さいそく）する）という意味（いみ）で使（つか）います。<br><br>■ほかの選択肢（せんたくし）について<br>・「掃除を〜」：習慣（しゅうかん）や注意（ちゅうい）を求める場合は「呼びかけた（よびかけた）」を使います。<br>・「手洗いを〜」：気をつけるように言う場合は「指導（しどう）した」や「勧めた（すすめた）」を使います。<br>・「配達を〜」：依頼（いらい）する場合は「依頼（いらい）した」や「頼んだ」を使います。<br><br>他動詞（たどうし）の基本（きほん）的な用法（ようほう）問題（もんだい）です。
JLPT_LK_N2_1030,言語知識,語彙,用法,5,<u>免れる</u>,奇跡的に、飛行機事故による難を免れた。,試験の直前にしっかり勉強して落第を免れた。,約束の時間を変更して遅刻を免れた。,部屋を片付けて汚れを免れた。,奇跡的に、飛行機事故による難を免れた。,【解説】<br>正解（せいかい）は「奇跡的に、飛行機事故による難を免れた。」です。「免れる（まぬかれる）」は、災害（さいがい）や責任（せきにん）、危険（きけん）などの良くない事態（じたい）を避（さ）けて助かるという意味（いみ）で使（つか）います。<br><br>■ほかの選択肢（せんたくし）について<br>・「落第を〜」：試験（しけん）などで不合格（ふごうかく）を避ける場合は「回避（かいひ）した」や「免れた」と使うこともありますが、「難を免れる」や「責任を免れる」のような重大な損害・危険を避ける文脈が最も典型的です。<br>・「遅刻を〜」：時間に間に合わせる場合は「回避した（かいひした）」を使います。<br>・「汚れを〜」：物理的（ぶつりてき）な汚れを防ぐ場合は「防いだ（ふせいだ）」を使います。<br><br>書き言葉（ことば）で使う難（むずか）しい動詞（どうし）の発展（はってん）レベルの問題（もんだい）です。
JLPT_LK_N2_1031,言語知識,語彙,語形成,1,非常（ひじょう）の事態（じたい）に備（そな）えて、______訓練（くんれん）を実施（じっし）した。,防災,防犯,防止,防音,防災,【解説】<br>正解（せいかい）は「防災（ぼうさい）」です。「防災訓練（ぼうさいくんれん）」で、地震（じしん）や火事（かじ）などの災害（さいがい）を防（ふせ）いだり備（そな）えたりするための訓練（くんれん）という意味（いみ）の決（き）まった言葉（ことば）になります。<br><br>■ほかの選択肢（せんたくし）について<br>・「防犯（ぼうはん）」：泥棒（どろぼう）などの犯罪（はんざい）を防（ふせ）ぐことです（例：防犯カメラ）。<br>・「防止（ぼうし）」：事故（じこ）や違反（いはん）などを防（ふせ）ぎ止めることです。<br>・「防音（ぼうおん）」：音（おと）が外に漏（も）れるのを防（ふせ）ぐことです。<br><br>これはN2の基礎（きそ）的な語形成（ごけいせい）の問題（もんだい）です。
JLPT_LK_N2_1032,言語知識,語彙,語形成,4,新薬（しんやく）の開発（かいはつ）には、多額（たがく）の資金（しきん）と______的な時間（じかん）が必要（ひつよう）だ。,莫大,膨大,絶大,盛大,膨大,【解説】<br>正解（せいかい）は「膨大（ぼうだい）」です。「膨大（ぼうだい）な時間（じかん）」や「膨大（ぼうだい）なデータ」のように、数量（すうりょう）や時間（じかん）の規模（きぼ）が非常に大きい様子（ようす）を表（あらわ）す言葉（ことば）として適（てき）しています。<br><br>■ほかの選択肢（せんたくし）について<br>・「莫大（ばくだい）」：費用（ひよう）や予算（よさん）など、主に金額（きんがく）や財産（ざいさん）の大きさに使います（例：莫大な費用）。<br>・「絶大（ぜつだい）」：信頼（しんらい）や人気（にんき）などの程度（てど）の強さに使います（例：絶大な人気）。<br>・「盛大（せいだい）」：パーティーや催し物（催しもの）が賑やか（にぎやか）な様子に使います。<br><br>量（りょう）や程度（てど）を表（あらわ）す熟語（じゅくご）の正確（せいかく）な使い分けを問（と）う応用（おうよう）レベルの問題（もんだい）です。
JLPT_LK_N2_1033,言語知識,語彙,文脈規定,2,雨（あめ）が______降（ふ）ってきたので、近くの店で雨宿り（あまやどり）をした。,急に,直ちに,早急に,至急,急に,【解説】<br>正解（せいかい）は「急に（きゅうに）」です。「急に（きゅうに）」は、突然（とつぜん）事態（じたい）が変わる様子（ようす）を表（あらわ）す日常（にちじょう）会話（かいわ）でもよく使（つか）われる副詞（ふくし）です。<br><br>■ほかの選択肢（せんたくし）について<br>・「直ちに（ただちに）」：命令（めいれい）や指示（しじ）に従ってすぐに動くときなどに使う硬い言葉です。<br>・「早急に（さっきゅうに／そうきゅうに）」：対応（たいおう）を急いで行う必要があるときに使います。<br>・「至急（しきゅう）」：連絡（れんらく）や処理（しょり）を大急ぎで行うときに使います（例：至急連絡してください）。<br><br>これはN2の基本（きほん）的な副詞（ふくし）の問題（もんだい）です。
JLPT_LK_N2_1034,言語知識,語彙,文脈規定,5,これまでの実績（じっせき）が評価（ひょうか）され、重大（じゅうだい）なプロジェクトの進行（しんこう）を______ことになった。,委ねられる,預けられる,任せられる,託される,委ねられる,【解説】<br>正解（せいかい）は「委ねられる（ゆだねられる）」です。「委ねる（ゆだねる）」は、判断（はんだん）や決定権（けっていけん）、進行（しんこう）の全権（ぜんけん）を相手（あいて）に任（まか）せるという意味（いみ）で使う硬（かた）い表現（ひょうげん）です。<br><br>■ほかの選択肢（せんたくし）について<br>・「預けられる（あずけられる）」：荷物（にもつ）やお金（かね）などの物（もの）を保管（ほかん）してもらうときに使います。<br>・「任せられる（まかせられる）」：一般的な表現ですが、全権や進行の文脈では「委ねられる」がより適切（てきせつ）なニュアンスになります。<br>・「託される（たくされる）」：夢（ゆめ）や思い（おもい）などを代わりに届けてもらうときに使います。<br><br>類似（るいじ）した意味（いみ）を持つ動詞（どうし）の微妙（びみょう）なニュアンスの違いを問（と）う発展（はってん）レベルの問題（もんだい）です。
JLPT_LK_N2_1035,言語知識,語彙,文脈規定,3,急な発表（はっぴょう）に______してしまい、適切な返答（へんとう）ができなかった。,動揺,動機,動向,動力,動揺,【解説】<br>正解（せいかい）は「動揺（どうよう）」です。「動揺（どうよう）する」は、予想（よそう）外の出来事（できごと）に心（こころ）が揺（ゆ）れて落ち着かなくなる様子（ようす）を表（あらわ）します。<br><br>■ほかの選択肢（せんたくし）について<br>・「動機（どうき）」：何かを行うきっかけや理由（りゆう）のことです。<br>・「動向（どうこう）」：個人や社会の動きの方向（ほうこう）のことです。<br>・「動力（どうりょく）」：機械（きかい）などを動かすためのエネルギーのことです。<br><br>標準的（ひょうじゅんてき）な感情（かんじょう）・心理（しんり）を表（あらわ）す名詞（めいし）の問題（もんだい）です。
JLPT_LK_N2_1036,言語知識,語彙,言い換え類義,3,彼の話（はなし）はいつも<u>大げさだ</u>。,誇張されている,複雑だ,曖昧だ,正確だ,誇張されている,【解説】<br>正解（せいかい）は「誇張されている（こちょうされている）」です。「大げさだ」は、実際（じっさい）の事実（じじつ）よりも大きく話す様子（ようす）を表（あらわ）すので、「誇張（こちょう）されている」と言い換（か）えることができます。<br><br>■ほかの選択肢（せんたくし）について<br>・「複雑だ（ふくざつだ）」：細かくて分かりにくいことです。<br>・「曖昧だ（あいまいだ）」：はっきりしないことです。<br>・「正確だ（せいかくだ）」：間違いがないことで、反対の意味に近いです。<br><br>標準的（ひょうじゅんてき）なな形容詞（けいようし）の言い換え（いいかえ）問題（もんだい）です。
JLPT_LK_N2_1037,言語知識,語彙,言い換え類義,1,事故（じこ）の状況（じょうきょう）を<u>素早く</u>確認（かくにん）した。,すぐに,ゆっくり,慎重に,丁寧に,すぐに,【解説】<br>正解（せいかい）は「すぐに」です。「素早く（すばやく）」は、時間（じかん）をかけずに動作（どうさ）や対応（たいおう）を速（はや）く行う様子（ようす）を表（あらわ）します。<br><br>■ほかの選択肢（せんたくし）について<br>・「ゆっくり」：時間をかけることで、反対（はんたい）の意味（いみ）です。<br>・「慎重に（しんちょうに）」：ミスがないように気をつけることです。<br>・「丁寧に（ていねいに）」：心を込めてちゃんとのことです。<br><br>基礎（きそ）的な副詞（ふくし）の言い換え（いいかえ）問題（もんだい）です。
JLPT_LK_N2_1038,言語知識,語彙,言い換え類義,4,この地域の伝統（でんとう）を<u>受け継ぐ</u>。,継承する,崩壊する,廃止する,獲得する,継承する,【解説】<br>正解（せいかい）は「継承する（けいしょうする）」です。「受け継ぐ（うけつぐ）」は、前の人（ひと）から技術（ぎじゅつ）や文化（ぶんか）、仕事（しごと）を引き継（ひ）いで次へ渡すという意味（いみ）になります。<br><br>■ほかの選択肢（せんたくし）について<br>・「崩壊する（ほうかいする）」：壊れて崩れることです。<br>・「廃止する（はいしする）」：制度などをやめることです。<br>・「獲得する（かくとくする）」：手に入れることです。<br><br>和語（わご）の動詞（どうし）から硬い熟語（じゅくご）への言い換え（いいかえ）を問（と）う応用（おうよう）レベルの問題（もんだい）です。
JLPT_LK_N2_1039,言語知識,語彙,用法,5,<u>みなす</u>,法律上、彼の行為は犯罪とみなされる。,彼の親切な態度を親切とみなして感謝した。,明日の天気予報を雨とみなして傘を買った。,遅刻の理由を体調不良とみなして納得した。,法律上、彼の行為は犯罪とみなされる。,【解説】<br>正解（せいかい）は「法律上、彼の行為は犯罪とみなされる。」です。「みなす」は、公式（こうしき）な基準（きじゅん）やルールにおいて「〜だと判断（はんだん）して扱う（あつかう）」という意味（いみ）で使（つか）います。<br><br>■ほかの選択肢（せんたくし）について<br>・「親切と〜」：自分で受け止める場合は「受け止めて（うけとめて）」や「判断して」を使います。<br>・「雨と〜」：事前に考える場合は「想定して（そうていして）」を使います。<br>・「体調不良と〜」：原因（げんいん）を受け入れる場合は「理解して（りかいして）」を使います。<br><br>文脈（ぶん脈）の硬（かた）さや判定（はんてい）の主体（しゅたい）を正しく捉（とら）える必要がある発展（はってん）レベルの問題（もんだい）です。
JLPT_LK_N2_1040,言語知識,語彙,用法,2,<u>改める</u>,遅刻が多いので、生活習慣を改める必要がある。,古くなった服装を新しいデザインに改めた。,新しく購入した家具の位置を改めた。,友達の電話番号をメモ帳に改めた。,遅刻が多いので、生活習慣を改める必要がある。,【解説】<br>正解（せいかい）は「遅刻が多いので、生活習慣を改める必要がある。」です。「改める（あらためる）」は、悪い点（てん）や不適切な部分（ぶぶん）を良くするために変える（修正する）という意味（いみ）で使（つか）います。<br><br>■ほかの選択肢（せんたくし）について<br>・「服装を〜」：服を変える場合は「着替えた（きがえた）」や「変えた（かえた）」を使います。<br>・「家具の位置を〜」：配置を変える場合は「移動した（いどうした）」や「配置換えした」を使います。<br>・「電話番号を〜」：メモなどに記録する場合は「書き留めた（かきとめた）」や「登録した」を使います。<br><br>他動詞（たどうし）「改める」の対象（たいしょう）となるコロケーションを問（と）う標準的（ひょうじゅんてき）な問題（もんだい）です。
JLPT_LK_N2_1041,言語知識,語彙,語形成,1,地震（じしん）に強（つよ）い建物（たてもの）を建（た）てるため、______震構造（しんこうぞう）を取り入れた。,耐,防,免,消,耐,【解説】<br>正解（せいかい）は「耐（たい）」です。「耐震（たいしん）」で、地震（じしん）の揺れ（ゆれ）に耐（た）える構造（こうぞう）という意味（いみ）の決（き）まった言葉（ことば）になります。<br><br>■ほかの選択肢（せんたくし）について<br>・「防（ぼう）」：「防振（ぼうしん）」は振動（しんどう）を防（ふせ）ぐことですが、「防震構造」とは言いません。<br>・「免（めん）」：「免震（めんしん）」も用語（ようご）としてありますが、語形成（ごけいせい）の基本（きほん）として「耐震（たいしん）」が最も一般的（いっぱんてき）です。<br>・「消（しょう）」：「消震」という言葉（ことば）はありません。<br><br>これはN2の基礎（きそ）的な漢字（かんじ）の接頭語（せっとうご）の問題（もんだい）です。
JLPT_LK_N2_1042,言語知識,語彙,語形成,4,長年（ながねん）の努力（どりょく）が実（みの）り、ついに______願（がん）の優勝（ゆうしょう）を果たした。,悲,大,念,切,悲,【解説】<br>正解（せいかい）は「悲（ひ）」です。「悲願（ひがん）」で「どうしても達成（たっせい）したいと強く願（ねが）ってきたこと」という意味（いみ）の熟語（じゅくご）になります。<br><br>■ほかの選択肢（せんたくし）について<br>・「大（だい）」：「大願（たいがん）」という言葉（ことば）もありますが、「大願の優勝」とは言いません。<br>・「念（ねん）」：「念願（ねんがん）」は「念願の優勝」と言えますが、「〜願」の空欄（くうらん）に入る漢字一字（かんじいちじ）としては「悲願（ひがん）」が自然（しぜん）です。<br>・「切（せつ）」：「切願」という組み合わせは不自然（ふしぜん）です。<br><br>これは少し難（むずか）しい語形成（ごけいせい）の問題（もんだい）です。
JLPT_LK_N2_1043,言語知識,語彙,文脈規定,2,友達（ともだち）の冗談（じょうだん）を聞いて、______笑（わら）ってしまった。,思わず,わざと,思い切って,思いやり,思わず,【解説】<br>正解（せいかい）は「思わず（おもわず）」です。「思（おも）わず」は、意識（いしき）しないで自然（しぜん）に心が動（うご）いてしまう様子（ようす）を表（あらわ）します。<br><br>■ほかの選択肢（せんたくし）について<br>・「わざと」：理由（りゆう）があって意識的（いしきてき）にする様子（ようす）です。<br>・「思い切って（おもいきって）」：思い切った決断（けつだん）をして行動（こうどう）する様子（ようす）です。<br>・「思いやり（おもいやり）」：相手（あいて）に優（やさ）しくする気持ち（名詞（めいし））です。<br><br>これはN2の基本（きほん）的な副詞（ふくし）の問題（もんだい）です。
JLPT_LK_N2_1044,言語知識,語彙,文脈規定,5,突然（とつぜん）の指名（しめい）に______してしまい、上手（じょうず）に挨拶（あいさつ）ができなかった。,狼狽,動揺,驚愕,恐縮,狼狽,【解説】<br>正解（せいかい）は「狼狽（ろうばい）」です。「狼狽（ろうばい）する」は、予想（よそう）外の出来事（できごと）にあわててしまい、落ち着きを失（うしな）う様子（ようす）を表（あらわ）す硬（かた）い言葉（ことば）です。<br><br>■ほかの選択肢（せんたくし）について<br>・「動揺（どうよう）」：心が揺（ゆ）れることですが、行動（こうどう）があわてるニュアンスは「狼狽」の方が強いです。<br>・「驚愕（きょうがく）」：非常に驚（おどろ）くことです。<br>・「恐縮（きょうしゅく）」：相手（あいて）に申し訳（わけ）なく思うことです。<br><br>高度（こうど）な心理（しんり）表現（ひょうげん）を問（と）う発展（はってん）レベルの問題（もんだい）です。
JLPT_LK_N2_1045,言語知識,語彙,文脈規定,3,渋滞（じゅうたい）を避（さ）けるために、______道（みち）を選（えら）んで運転（うんてん）した。,回りくどい,遠回りな,回り道,迂回,回り道,【解説】<br>正解（せいかい）は「回り道（まわりみち）」です。「回り道（まわりみち）を選ぶ」で、遠いけれど目的（もくてき）の場所（ばしょ）へ行く別の道（みち）を使うという意味（いみ）になります。<br><br>■ほかの選択肢（せんたくし）について<br>・「回りくどい（まわりくどい）」：話し方（かた）や説明（せつめい）が遠まわしで分かりにくい様子（ようす）です。<br>・「遠回りな（とおまわりな）」：形容（けいよう）表現（ひょうげん）なので「遠回りな道」とは重なって使（つか）いません。<br>・「迂回（うかい）」：動詞（どうし）として「迂回（うかい）する」の形で使います。<br><br>標準（ひょうじゅん）的な和語（わご）の名詞（めいし）・コロケーション問題（もんだい）です。
JLPT_LK_N2_1046,言語知識,語彙,言い換え類義,3,状況（じょうきょう）を<u>把握（はあく）する</u>。,しっかり理解する,素早く判断する,慎重に検討する,正確に記録する,しっかり理解する,【解説】<br>正解（せいかい）は「しっかり理解する（りかいする）」です。「把握（はあく）する」は、内容（ないよう）や状態（じょうたい）を深く正確（せいかく）に理解（りかい）して自分のものにすることです。<br><br>■ほかの選択肢（せんたくし）について<br>・「素早く判断する」：決断（けつだん）することです。<br>・「慎重に検討する」：よく考えることです。<br>・「正確に記録する」：メモなどに残（のこ）すことです。<br><br>標準（ひょうじゅん）的な熟語（じゅくご）の言い換え（いいかえ）問題（もんだい）です。
JLPT_LK_N2_1047,言語知識,語彙,言い換え類義,2,彼はいつも<u>素気（そっけ）ない</u>態度をとる。,冷たい,乱暴な,怪しい,騒がしい,冷たい,【解説】<br>正解（せいかい）は「冷たい（つめたい）」です。「素気（そっけ）ない」は、相手（あいて）に対する思いやりや優しさが見られず、愛想（あいそ）がない様子（ようす）を表（あらわ）すので「冷たい（つめたい）」と言い換（か）えることができます。<br><br>■ほかの選択肢（せんたくし）について<br>・「乱暴な（らんぼうな）」：雑（ざつ）で激（はげ）しい様子（ようす）です。<br>・「怪しい（あやしい）」：疑（うたが）わしい様子（ようす）です。<br>・「騒がしい（さわがしい）」：うるさい様子（ようす）です。<br><br>基礎（きそ）的なイ形容詞（けいようし）の類義語（るいぎご）問題（もんだい）です。
JLPT_LK_N2_1048,言語知識,語彙,言い換え類義,4,<u>自（みずか）ら</u>進んで作業を行った。,自分で,自然に,勝手に,思わず,自分で,【解説】<br>正解（せいかい）は「自分で（じぶんで）」です。「自（みずか）ら」は、他の人（ひと）に言われずに自分（じぶん）の意思（いし）で行動（こうどう）する様子（ようす）を表（あらわ）します。<br><br>■ほかの選択肢（せんたくし）について<br>・「自然に（しぜんに）」：意識（いしき）せずにそのままという意味（いみ）です。<br>・「勝手に（かってに）」：遠慮（えんりょ）なく許可（きょか）なくという意味（いみ）で悪いニュアンスが含まれます。<br>・「思わず（おもわず）」：意識（いしき）せずについという意味（いみ）です。<br><br>和語（わご）の副詞（ふくし）的（てき）表現（ひょうげん）の応用（おうよう）問題（もんだい）です。
JLPT_LK_N2_1049,言語知識,語彙,用法,5,<u>免れる</u>,責任を免れるために、嘘の報告をした。,遅刻を免れるために、走って学校に向かった。,危険を免れるために、安全な場所へ移動した。,病気を免れるために、毎日薬を飲んだ。,責任を免れるために、嘘の報告をした。,【解説】<br>正解（せいかい）は「責任を免れるために、嘘の報告をした。」です。「免れる（まぬかれる）」は、負う（おう）べき追及（ついきゅう）や義務（ぎむ）・責任（せきにん）などを逃（まぬか）れて受けないようにするときに使（つか）います。<br><br>■ほかの選択肢（せんたくし）について<br>・「遅刻を〜」：時間を間に合わせる場合は「回避（かいひ）する」や「防ぐ（ふせぐ）」を使います。<br>・「危険を〜」：危険（きけん）から離れる場合は「避ける（さける）」や「逃れる（のがれる）」を使います。<br>・「病気を〜」：健康（けんこう）を維持（いじ）する場合は「予防（よぼう）する」を使います。<br><br>動詞（どうし）の正確（せいかく）な対象（たいしょう）を問（と）う発展（はってん）レベルの問題（もんだい）です。
JLPT_LK_N2_1050,言語知識,語彙,用法,3,<u>打ち明ける</u>,長年の悩みを友人に打ち明けた。,秘密の計画を書類に打ち明けた。,自分の意見を会議で打ち明けた。,新しいアイディアをノートに打ち明けた。,長年の悩みを友人に打ち明けた。,【解説】<br>正解（せいかい）は「長年の悩みを友人に打ち明けた。」です。「打ち明ける（うちあける）」は、人に言えなかった心の中の秘密（ひみつ）や悩み（なやみ）を、信頼（しんらい）できる人に隠（かく）さず話すという意味（いみ）で使（つか）います。<br><br>■ほかの選択肢（せんたくし）について<br>・「書類に〜」：文章（ぶんしょう）に書く場合は「記載（きさい）した」や「書き記した」を使います。<br>・「会議で〜」：みんなの前で話す場合は「発表（はっぴょう）した」や「提案（ていあん）した」を使います。<br>・「ノートに〜」：アイディアをメモする場合は「書き留めた（かきとめた）」を使います。<br><br>複合動詞（ふくごうどうし）の適切な場面（ばめん）を問（と）う標準（ひょうじゅん）的な問題（もんだい）です。
JLPT_LK_N2_1051,言語知識,語彙,語形成,1,地震（じしん）などの緊急（きんきゅう）時には、______非常口（ひじょうぐち）を確認（かくにん）してください。,最寄りの,最寄,近寄り,近寄りの,最寄りの,【解説】<br>正解（せいかい）は「最寄りの（もよりの）」です。「最寄りの（もよりの）」は、一番（いちばん）近い場所（ばしょ）や駅（えき）などを表（あらわ）す決（き）まった言葉（ことば）です。<br><br>■ほかの選択肢（せんたくし）について<br>・「最寄（もより）」：後ろに「の」をつけて「最寄りの〜」の形で使（つか）います。<br>・「近寄り（ちかより）」：近くに行くことという意味（いみ）で、このような使い方はしません。<br>・「近寄りの（ちかぶりの）」：不自然（ふしぜん）な日本語です。<br><br>これはN2の基礎（きそ）的な語形成（ごけいせい）・連体（れんたい）表現（ひょうげん）の問題（もんだい）です。
JLPT_LK_N2_1052,言語知識,語彙,語形成,4,彼（かれ）の行動（こうどう）はあまりにも______配慮（はいりょ）に欠（か）けている。,無,不,非,未,無,【解説】<br>正解（せいかい）は「無（む）」です。「無配慮（むはいりょ）」で、「思いやりや配慮（はいりょ）が全くない様子（ようす）」という意味（いみ）の複合語（ふくごうご）になります。<br><br>■ほかの選択肢（せんたくし）について<br>・「不（ふ）」：「不配慮」という組み合わせはありません。<br>・「非（ひ）」：「非論理的（ひろんりてき）」などのように使いますが、配慮（はいりょ）にはつきません。<br>・「未（み）」：「未配慮」という言葉（ことば）はありません。<br><br>接頭語（せっとうご）の使い分けを問（と）う応用（おうよう）レベルの問題（もんだい）です。
JLPT_LK_N2_1053,言語知識,語彙,文脈規定,2,長年（ながねん）使（つか）っていたパソコンが______動（うご）かなくなった。,とうとう,そろそろ,たびたび,しばしば,とうとう,【解説】<br>正解（せいかい）は「とうとう」です。「とうとう」は、長い時間の経過（けいか）のあとに、最終的（さいしゅうてき）にある状態（じょうたい）になる様子（ようす）を表（あらわ）します。<br><br>■ほかの選択肢（せんたくし）について<br>・「そろそろ」：まもなく行動（こうどう）を始める時期（じき）を表（あらわ）します（例：そろそろ出かけよう）。<br>・「たびたび」：何回（なんかい）も繰り返す（くりかえす）様子（ようす）です。<br>・「しばしば」：よく、度々（たびたび）という意味（いみ）です。<br><br>これはN2の基本（きほん）的な副詞（ふくし）の問題（もんだい）です。
JLPT_LK_N2_1054,言語知識,語彙,文脈規定,5,相手（あいて）の身勝手（みがって）な要求（ようきゅう）に対して、憤りを______をえなかった。,禁じ,抑え,隠し,断ち,禁じ,【解説】<br>正解（せいかい）は「禁じ（きんじ）」です。「憤り（いきどおり）を禁じ得ない（きんじえない）」で、「強い怒り（いかり）の感情（かんじょう）を抑（おさ）えることができない」という意味（いみ）の慣用的（かんようてき）な書き言葉（ことば）表現（ひょうげん）です。<br><br>■ほかの選択肢（せんたくし）について<br>・「抑え（おさえ）」：「抑えきれない」とは言いますが、「抑えを得ない」という形（かたち）はありません。<br>・「隠し（かくし）」：「隠しきれない」とは言いますが、「隠しを得ない」とは言いません。<br>・「断ち（たち）」：感情（かんじょう）を切ることには使いません。<br><br>高度（こうど）な語彙（ごい）と慣用（かんよう）表現（ひょうげん）を問（と）う発展（はってん）レベルの問題（もんだい）です。
JLPT_LK_N2_1055,言語知識,語彙,文脈規定,3,部屋（へや）の鍵（かぎ）をかばんの底（そこ）から______見（み）つけ出した。,ようやく,すでに,かつて,あらかじめ,ようやく,【解説】<br>正解（せいかい）は「ようやく」です。「ようやく」は、苦労（くろう）したり時間がかかったりした後に、やっと目的（もくてき）を達成（たっせい）する様子（ようす）を表（あらわ）します。<br><br>■ほかの選択肢（せんたくし）について<br>・「すでに」：もう完了（かんりょう）している様子（ようす）です。<br>・「かつて」：昔（むかし）という意味（いみ）です。<br>・「あらかじめ」：前もって準備（じゅんび）する様子（ようす）です。<br><br>標準的（ひょうじゅんてき）な副詞（ふくし）の問題（もんだい）です。
JLPT_LK_N2_1056,言語知識,語彙,言い換え類義,3,契約（けいやく）の内容（ないよう）を<u>確かめる</u>。,確認する,変更する,検討する,決定する,確認する,【解説】<br>正解（せいかい）は「確認する（かくにんする）」です。「確かめる（たしかめる）」は、間違いがないか目（め）でみたり調べたりすることなので、「確認する（かくにんする）」と言い換（か）えができます。<br><br>■ほかの選択肢（せんたくし）について<br>・「変更する（へんこうする）」：変えることです。<br>・「検討する（けんとうした）」：よく考えることです。<br>・「決定する（けっていする）」：決めることです。<br><br>標準的（ひょうじゅんてき）な動詞（どうし）の類義語（るいぎご）問題（もんだい）です。
JLPT_LK_N2_1057,言語知識,語彙,言い換え類義,2,彼はとても<u>几帳面（きちょうめん）だ</u>。,きちんとしている,おおざっぱだ,明るい,大人しい,きちんとしている,【解説】<br>正解（せいかい）は「きちんとしている」です。「几帳面（きちょうめん）」は、細かいところまで気をつけて、ルールや約束（やくそく）を守って正しく行う様子（ようす）を表（あらわ）します。<br><br>■ほかの選択肢（せんたくし）について<br>・「おおざっぱだ」：細かいことを気にしない様子（ようす）で、反対（はんたい）の意味（いみ）です。<br>・「明るい（あかるい）」：性格（せいかく）が陽気（ようき）なことです。<br>・「大人しい（おとなしい）」：静（しず）かなことです。<br><br>基礎（きそ）的なな形容詞（けいようし）の言い換え（いいかえ）問題（もんだい）です。
JLPT_LK_N2_1058,言語知識,語彙,言い換え類義,4,この説（せつ）は<u>客観的（きゃっかんてき）な</u>データに基づいている。,第三者から見た,自分だけの,非常に正確な,専門的な,第三者から見た,【解説】<br>正解（せいかい）は「第三者から見た（だいさんしゃからみた）」です。「客観的（きゃっかんてき）」は、自分の感情（かんじょう）や思い込み（おもいこみ）を入れず、だれが見ても同じように判断（はんだん）できる立場（たちば）を表（あらわ）します。<br><br>■ほかの選択肢（せんたくし）について<br>・「自分だけの」：「主観的（しゅかんてき）」という意味（いみ）で反対（はんたい）です。<br>・「非常に正確な」：間違いがないという意味（いみ）です。<br>・「専門的な」：特別な知識（ちしき）があるという意味（いみ）です。<br><br>概念（がいねん）を表（あらわ）す言葉（ことば）の応用（おうよう）問題（もんだい）です。
JLPT_LK_N2_1059,言語知識,語彙,用法,5,<u>兼ねる</u>,市長は、地域の防災対策本部長の役職も兼ねている。,彼は毎朝のジョギングと散歩を兼ねて公園へ行った。,勉強と仕事を兼ねて、毎日忙しく過ごしている。,昨日の夜はカレーとサラダを兼ねて食べた。,市長は、地域の防災対策本部長の役職も兼ねている。,【解説】<br>正解（せいかい）は「市長は、地域の防災対策本部長の役職も兼ねている。」です。「兼ねる（かねる）」は、一人で二つ以上のポジションや役割（やくわり）・職務（しょくむ）を同時に担当（たんとう）するときに使（つか）います。<br><br>■ほかの選択肢（せんたくし）について<br>・「ジョギングと散歩を〜」：二つの行動（こうどう）を一緒に表す場合は「兼ねて」ではなく「兼ねて行う」とするか、「ジョギングを兼ねて〜（一つの行為で別の目的も果たす）」の形（かたち）にします。<br>・「勉強と仕事を〜」：同時に行う場合は「両立（りょうりつ）させている」を使います。<br>・「カレーとサラダを〜」：複数の食べ物を食べる場合は「両方（りょうほう）食べた」を使います。<br><br>文法（ぶんぽう）的（てき）にも間違いやすい他動詞（たどうし）の発展（はってん）レベルの問題（もんだい）です。
JLPT_LK_N2_1060,言語知識,語彙,用法,1,<u>蓄える</u>,災害時に備えて、水や食料を家に蓄えている。,試験のために、毎日教科書を蓄えている。,部屋の温度を快適に保つためにエアコンで蓄えた。,友達との思い出をカバンに蓄えて持ち帰った。,災害時に備えて、水や食料を家に蓄えている。,【解説】<br>正解（せいかい）は「災害時に備えて、水や食料を家に蓄えている。」です。「蓄える（たくわえる）」は、将来（しょうらい）の必要（ひつよう）に備（そな）えて、物（もの）やおカネ、力（ちから）などをためて保管（ほかん）しておくという意味（いみ）で使（つか）います。<br><br>■ほかの選択肢（せんたくし）について<br>・「教科書を〜」：勉強して知識をためる場合は「知識（ちしき）を蓄える」と言えますが、教科書そのものには「準備（じゅんび）する」を使います。<br>・「部屋の温度を〜」：状態（じょうたい）を維持（いじ）する場合は「保った（たもった）」を使います。<br>・「思い出を〜」：記憶（きおく）や思いを持ち帰る場合は「詰め込んだ（つめこんだ）」や「胸に刻んだ（きざんだ）」を使います。<br><br>動詞（どうし）「蓄える」の基礎（きそ）的な使い方（つかいかた）を問（と）う問題（もんだい）です。
JLPT_LK_N2_1061,言語知識,語彙,語形成,1,非常（ひじょう）の事態（じたい）が発生（はっせい）したため、______警戒（けいかい）体制（たいせい）をしいた。,厳重,厳格,厳密,厳格性,厳重,【解説】<br>正解（せいかい）は「厳重（げんじゅう）」です。「厳重警戒（げんじゅうけいかい）」で、とても強く注意（ちゅうい）して守る様子（ようす）を表（あらわ）す決（き）まった熟語（じゅくご）になります。<br><br>■ほかの選択肢（せんたくし）について<br>・「厳格（げんかく）」：ルールや性格（せいかく）が厳しいことです（例：厳格な父）。<br>・「厳密（げんみつ）」：細かく正確（せいかく）なことです（例：厳密な検査）。<br>・「厳格性（げんかくせい）」：性質（せいしつ）を表（あらわ）す言葉（ことば）で、警戒（けいかい）の前にはつきません。<br><br>これはN2の基礎（きそ）的な語形成（ごけいせい）の問題（もんだい）です。
JLPT_LK_N2_1062,言語知識,語彙,語形成,4,新薬（しんやく）の臨床（りんしょう）試験（しけん）において、______作用（さよう）が確認（かくにん）された。,副,逆,対,反,副,【解説】<br>正解（せいかい）は「副（ふく）」です。「副作用（ふくさよう）」で、薬（くすり）の本来（ほんらい）の目的（もくてき）とは別に起こる体（からだ）への影響（えいきょう）という意味（いみ）の決（き）まった言葉（ことば）になります。<br><br>■ほかの選択肢（せんたくし）について<br>・「逆（ぎゃく）」：「逆作用（ぎゃくさよう）」という言葉（ことば）もありますが、医学（いがく）や薬（くすり）の分野（ぶんや）では「副作用」を使います。<br>・「対（たい）」：向かい合うことや比べることを表します。<br>・「反（はん）」：「反作用（はんさよう）」は物理（ぶつり）の力（ちから）に関する用語（ようご）です。<br><br>正確（せいかく）な熟語（じゅくご）の結びつきを問（と）う応用（おうよう）レベルの問題（もんだい）です。
JLPT_LK_N2_1063,言語知識,語彙,文脈規定,2,友達（ともだち）の冗談（じょうだん）を聞いて、______笑ってしまった。,思わず,わざと,思い切って,思いがけず,思わず,【解説】<br>正解（せいかい）は「思わず（おもわず）」です。「思わず（おもわず）」は、自分で意識（いしき）せずに、自然（しぜん）と動作（どうさ）や感情（かんじょう）が出（で）てしまう様子（ようす）を表（あらわ）します。<br><br>■ほかの選択肢（せんたくし）について<br>・「わざと」：理由（りゆう）があって意識的（いしきてき）にする様子（ようす）です。<br>・「思い切って（おもいきって）」：勇気（ゆうき）を出して強い決意（けつい）で行動（こうどう）する様子（ようす）です。<br>・「思いがけず」：予想（よそう）していなかったことが起きる様子（ようす）です。<br><br>これはN2の基本（きほん）的な副詞（ふくし）の問題（もんだい）です。
JLPT_LK_N2_1064,言語知識,語彙,文脈規定,5,突然（とつぜん）の計画（けいかく）変更（へんこう）に対して、現場（げんば）から強い______が上がった。,反発,反動,反感,反論,反発,【解説】<br>正解（せいかい）は「反発（はんぱつ）」です。「反発（はんぱつ）が上がる」「反発を強める」などのコロケーションで、決定（けってい）や決定事項（けっていじこう）に対して従（したが）わずに抵抗（ていこう）する意思（いし）を表（あらわ）します。<br><br>■ほかの選択肢（せんたくし）について<br>・「反動（はんどう）」：勢（いきの）いの裏返しで返ってくる力（ちから）のことです。<br>・「反感（はんかん）」：「反感を買う」「反感を抱く（いだく）」のように使い、「上がった」とは接続（せつぞく）しません。<br>・「反論（はんろん）」：「反論する」「反論を唱える」のように言います。<br><br>名詞（めいし）と動詞（どうし）の正確（せいかく）なコロケーションを問（と）う発展（はってん）レベルの問題（もんだい）です。
JLPT_LK_N2_1065,言語知識,語彙,文脈規定,3,荷物（にもつ）が軽かったので、______持ち上げることができた。,あっさり,すんなり,すっきり,きっちり,あっさり,【解説】<br>正解（せいかい）は「あっさり」です。「あっさり」は、抵抗（ていこう）や苦労（くろう）がなく、簡単（かんたん）に事が済（す）む様子（ようす）を表（あらわ）します。<br><br>■ほかの選択肢（せんたくし）について<br>・「すんなり」：話し合いや手続き（てつづき）が障害（しょうがい）なくスムーズに進む様子に使います。<br>・「すっきり」：気分（きぶん）やデザインが爽やか（さわやか）な様子です。<br>・「きっちり」：正確（せいかく）に、隙間（すきま）なく合わせる様子です。<br><br>標準的（ひょうじゅんてき）なオノマトペの問題（もんだい）です。
JLPT_LK_N2_1066,言語知識,語彙,言い換え類義,3,彼の説明（せつめい）はとても<u>明快だ</u>。,分かりやすい,複雑だ,曖昧だ,退屈だ,分かりやすい,【解説】<br>正解（せいかい）は「分かりやすい（わかりやすい）」です。「明快（めいかい）だ」は、筋道（すじみち）がはっきりしていて、理解（りかい）しやすい様子（ようす）を表（あらわ）します。<br><br>■ほかの選択肢（せんたくし）について<br>・「複雑だ（ふくざつだ）」：細かくて難しいという意味（いみ）です。<br>・「曖昧だ（あいまいだ）」：はっきりしないという意味（いみ）です。<br>・「退屈だ（たいくつだ）」：面白くないという意味（いみ）です。<br><br>標準（ひょうじゅん）的なな形容詞（けいようし）の類義語（るいぎご）問題（もんだい）です。
JLPT_LK_N2_1067,言語知識,語彙,言い換え類義,2,状況（じょうきょう）を<u>把握（はあく）する</u>。,理解する,変更する,観察する,無視する,理解する,【解説】<br>正解（せいかい）は「理解する（りかいする）」です。「把握（はあく）する」は、物事（ものごと）の状況（じょうきょう）や内容（ないよう）をしっかりと捉（とら）えて頭に入れるという意味（いみ）です。<br><br>■ほかの選択肢（せんたくし）について<br>・「変更する（へんこうする）」：変えることです。<br>・「観察する（かんさつする）」：じっくり見ることです。<br>・「無視する（むしする）」：気にしないことです。<br><br>基礎（きそ）的な熟語（じゅくご）の言い換え（いいかえ）問題（もんだい）です。
JLPT_LK_N2_1068,言語知識,語彙,言い換え類義,4,<u>ひたすら</u>努力（どりょく）を重ねた。,そればかり,たまに,徐々に,適当に,そればかり,【解説】<br>正解（せいかい）は「そればかり」です。「ひたすら」は、他のことを考えず、そのことだけに集中（しゅうちゅう）して行う様子（ようす）を表（あらわ）します。<br><br>■ほかの選択肢（せんたくし）について<br>・「たまに」：時々（ときどき）という意味（いみ）です。<br>・「徐々に（じょじょに）」：少しずつという意味（いみ）です。<br>・「適当に（てきとうに）」：いい加減（かげん）にという意味（いみ）です。<br><br>和語（わご）の副詞（ふくし）の応用（おうよう）問題（もんだい）です。
JLPT_LK_N2_1069,言語知識,語彙,用法,5,<u>養う</u>,家族を養うために、毎日一生懸命働いている。,健康のために、毎朝野菜スープを養っている。,テストの点数を上げるために、英語を養った。,部屋を綺麗に保つために、掃除を養った。,家族を養うために、毎日一生懸命働いている。,【解説】<br>正解（せいかい）は「家族を養うために、毎日一生懸命働いている。」です。「養う（やしなう）」は、自分の収入（しゅうにゅう）で家族（かぞく）などが生活（せいかつ）できるように面倒（めんどう）を見る（扶養（ふよう）する）という意味（いみ）で使（つか）います。<br><br>■ほかの選択肢（せんたくし）について<br>・「野菜スープを〜」：体内（たいない）に取り入れる場合は「飲んでいる」や「摂っている（とっている）」を使います。<br>・「英語を〜」：知識（ちしき）や能力（のうりょく）を高める場合は「勉強した」や「高めた（たかめた）」を使います。<br>・「掃除を〜」：行動（こうどう）を行う場合は「心がけた（こころがけた）」や「行った」を使います。<br><br>動詞（どうし）「養う」の具体的な生活（せいかつ）文脈（ぶんみゃく）での用法（ようほう）を問（と）う発展（はってん）レベルの問題（もんだい）です。
JLPT_LK_N2_1070,言語知識,語彙,用法,3,<u>励ます</u>,試験に落ちてショックを受けている友人を励ました。,明日の登校に向けて、早起きを励ました。,運動不足を解消するために、ランニングを励ました。,部屋を明るくするために、電球の交換を励ました。,試験に落ちてショックを受けている友人を励ました。,【解説】<br>正解（せいかい）は「試験に落ちてショックを受けている友人を励ました。」です。「励ます（はげます）」は、元気をなくしている人（ひと）に対して、元気が出るように声をかけるという意味（いみ）で使（つか）います。<br><br>■ほかの選択肢（せんたくし）について<br>・「早起きを〜」：促す（うながす）場合は「心がけた」や「習慣づけた」を使います。<br>・「ランニングを〜」：努力（どりょく）して行う場合は「励んだ（はげんだ）」を使います。<br>・「電球の交換を〜」：作業（さぎょう）を行う場合は「行った（おこなった）」を使います。<br><br>標準的（ひょうじゅんてき）な他動詞（たどうし）の対象（たいしょう）を問（と）う問題（もんだい）です。
JLPT_LK_N2_1071,言語知識,語彙,語形成,1,大雨（おおあめ）による洪水（こうずい）を防（ふせ）ぐため、______対策（たいさく）を本格化（ほんかくか）させた。,治水,防水,利水,排水,治水,【解説】<br>正解（せいかい）は「治水（ちすい）」です。「治水（ちすい）」は、川（かわ）の溢れ（あふれ）や洪水（こうずい）を防（ふせ）ぐための工事（こうじ）や対策（たいさく）という意味（いみ）の言葉（ことば）です。<br><br>■ほかの選択肢（せんたくし）について<br>・「防水（ぼうすい）」：服（ふく）や時計（とけい）などに水（みず）が入（はい）らないようにすることです。<br>・「利水（りすい）」：水道（すいどう）や農業（のうぎょう）のために水（みず）を利用（りよう）することです。<br>・「排水（はいすい）」：いらない水（みず）を外（そと）へ出すことです。<br><br>これはN2の基礎（きそ）的な語形成（ごけいせい）の問題（もんだい）です。
JLPT_LK_N2_1072,言語知識,語彙,語形成,4,事故（じこ）の原因（げんいん）を______的に解明（かいめい）するため、専門（せんもん）チームが作られた。,多角的,多目的,多方面,多面的,多角的,【解説】<br>正解（せいかい）は「多角的（たかくてき）」です。「多角（たかく）的（てき）」は、一つの視点（してん）だけでなく、いろいろな角度（かくど）や立場（たちば）から物事（ものごと）を見る様子（ようす）を表（あらわ）します。<br><br>■ほかの選択肢（せんたくし）について<br>・「多目的（たもくてき）」：いろいろな用途（ようと）・目的（もくてき）に使うことです（例：多目的ホール）。<br>・「多方面（たほうめん）」：いろいろな分野（ぶんや）や方向（ほうこう）のことです（例：多方面で活躍する）。<br>・「多面的（ためんてき）」：意味は近いですが、「多角的に解明する・分析する」というコロケーションが最も自然です。<br><br>熟語（じゅくご）の正確（せいかく）な使い分けを問（と）う応用（おうよう）レベルの問題（もんだい）です。
JLPT_LK_N2_1073,言語知識,語彙,文脈規定,2,準備（じゅんび）を______進（すす）めておいたので、当日はトラブルなく終わった。,着々と,続々と,次々と,続々と,着々と,【解説】<br>正解（せいかい）は「着々と（ちゃくちゃくと）」です。「着々（ちゃくちゃく）と」は、計画（けいかく）通りに順番（じゅんばん）よく確実に物事（ものごと）が進（すす）む様子（ようす）を表（あらわ）します。<br><br>■ほかの選択肢（せんたくし）について<br>・「続々と（ぞくぞくと）」：人や物が切れ目なく次々に出てくる様子です。<br>・「次々と（つぎつぎと）」：多くの出来事や行動が続いて起きる様子です。<br><br>これはN2の基本（きほん）的なオノマトペ・副詞（ふくし）の問題（もんだい）です。
JLPT_LK_N2_1074,言語知識,語彙,文脈規定,5,これまでの主張（しゅちょう）の矛盾（むじゅん）を突かれ、彼は______に詰まった。,返答,返事,応答,回答,返答,【解説】<br>正解（せいかい）は「返答（へんとう）」です。「返答（へんとう）に詰（つ）まる」で、質問（しつもん）や追及（ついきゅう）に対して何と答えたらいいか分からず困（こま）るという意味（いみ）の決（き）まった表現（ひょうげん）です。<br><br>■ほかの選択肢（せんたくし）について<br>・「返事（へんじ）」：「返事をする」のように日常会話で使います。<br>・「応答（おうとう）」：呼びかけにこたえることです（例：応答願います）。<br>・「回答（かいとう）」：テストやアンケートなどの問いに答えることです。<br><br>慣用句（かんようく）的（てき）な結びつきを問（と）う発展（はってん）レベルの問題（もんだい）です。
JLPT_LK_N2_1075,言語知識,語彙,文脈規定,3,急な出来事に驚いて、思わず______声をあげてしまった。,素っ頓狂な,大げさな,大層な,過剰な,素っ頓狂な,【解説】<br>正解（せいかい）は「素っ頓狂な（すっとんきょうな）」です。「素っ頓狂（すっとんきょう）な声」で、思いがけないことに驚いて、調子（ちょうし）の外れた間抜けで高い声を出す様子（ようす）を表（あらわ）します。<br><br>■ほかの選択肢（せんたくし）について<br>・「大げさな」：大げさに言うことですが、声の性質そのものには使いません。<br>・「大層な（たいそうな）」：立派すぎる、大げさだという意味です。<br>・「過剰な（かじょうな）」：量が多すぎるという意味です。<br><br>描写（びょうしゃ）表現（ひょうげん）のコロケーションを問（と）う標準（ひょうじゅん）的な問題（もんだい）です。
JLPT_LK_N2_1076,言語知識,語彙,言い換え類義,3,彼（かれ）の対応（たいおう）は実に<u>迅速（じんそく）だ</u>。,素早い,慎重だ,丁寧だ,曖昧だ,素早い,【解説】<br>正解（せいかい）は「素早い（すばやい）」です。「迅速（じんそく）だ」は、仕事（しごと）や行動（こうどう）のスピードがとても速い様子（ようす）を表（あらわ）します。<br><br>■ほかの選択肢（せんたくし）について<br>・「慎重だ（しんちょうだ）」：ミスがないように注意深く行うことです。<br>・「丁寧だ（ていねいだ）」：礼儀正しくしっかりすることです。<br>・「曖昧だ（あいまいだ）」：はっきりしないことです。<br><br>標準（ひょうじゅん）的な熟語（じゅくご）の言い換え（いいかえ）問題（もんだい）です。
JLPT_LK_N2_1077,言語知識,語彙,言い換え類義,2,古い習慣（しゅうかん）を<u>取り払う</u>ことにした。,取り除く,受け入れる,維持する,評価する,取り除く,【解説】<br>正解（せいかい）は「取り除く（とりのぞく）」です。「取り払う（とりはらう）」は、邪魔（じゃま）なものや不要（ふよう）なものを取って無くすという意味（いみ）になります。<br><br>■ほかの選択肢（せんたくし）について<br>・「受け入れる（うけいれる）」：もらう、認めることです。<br>・「維持する（いじする）」：そのまま保つことです。<br>・「評価する（ひょうかする）」：価値を認めることです。<br><br>基礎（きそ）的な複合動詞（ふくごうどうし）の類義語（るいぎご）問題（もんだい）です。
JLPT_LK_N2_1078,言語知識,語彙,言い換え類義,4,この地域の治安（ちあん）は<u>極めて</u>良好（りょうこう）だ。,非常に,わずかに,なんとか,たまに,非常に,【解説】<br>正解（せいかい）は「非常に（ひじょうに）」です。「極めて（きわめて）」は、程度（てど）が一番上のレベルに近く、最高（さいこう）に高い状態（じょうたい）を表（あらわ）します。<br><br>■ほかの選択肢（せんたくし）について<br>・「わずかに」：ほんの少しという意味です。<br>・「なんとか」：ギリギリでという意味です。<br>・「たまに」：時々という意味です。<br><br>度合い（どあい）を表（あらわ）す書き言葉（ことば）の副詞（ふくし）の応用（おうよう）問題（もんだい）です。
JLPT_LK_N2_1079,言語知識,語彙,用法,5,<u>みなす</u>,一定の期間連絡がない場合、辞退したものとみなします。,彼は自分の間違いを素直に反省とみなした。,友達からのプレゼントを宝物とみなして飾った。,雨が降りそうなので、折りたたみ傘を持参とみなした。,一定の期間連絡がない場合、辞退したものとみなします。,【解説】<br>正解（せいかい）は「一定の期間連絡がない場合、辞退したものとみなします。」です。「みなす」は、一定（いってい）のルールや条件（じょうけん）のもとで「〜という判断（はんだん）・扱い（あつかい）にする」という意味（いみ）で使（つか）います。<br><br>■ほかの選択肢（せんたくし）について<br>・「反省と〜」：自分で受け止める場合は「反省した」や「認めた（みとめた）」を使います。<br>・「宝物と〜」：大切にする感情の場合は「大切にした」や「扱った（あつかった）」を使います。<br>・「持参と〜」：準備する場合は「準備した」を使います。<br><br>「〜とみなす」の文脈（ぶんみゃく）における制度（せいど）・通知（つうち）的（てき）用法（ようほう）を問（と）う発展（はってん）レベルの問題（もんだい）です。
JLPT_LK_N2_1080,言語知識,語彙,用法,3,<u>打ち明ける</u>,長年胸に秘めていた夢を家族に打ち明けた。,大切な会議の資料をPC内に打ち明けた。,自分の部屋の模様替えの案をノートに打ち明けた。,新商品のアイディアを市場に向けて打ち明けた。,長年胸に秘めていた夢を家族に打ち明けた。,【解説】<br>正解（せいかい）は「長年胸に秘めていた夢を家族に打ち明けた。」です。「打ち明ける（うちあける）」は、誰にも言わずに自分（じぶん）の心の中（なか）だけに隠（かく）していた思いや悩みを信用（しんよう）できる人だけに話すという意味（いみ）で使（つか）います。<br><br>■ほかの選択肢（せんたくし）について<br>・「PC内に〜」：データを保存する場合は「保存（ほぞん）した」や「格納（かくのう）した」を使います。<br>・「ノートに〜」：文字で書く場合は「書き留めた（かきとめた）」を使います。<br>・「市場に向けて〜」：商品などを出す場合は「発表（はっぴょう）した」や「リリースした」を使います。<br><br>標準的（ひょうじゅんてき）な複合動詞（ふくごうどうし）の用法（ようほう）問題（もんだい）です。
JLPT_LK_N2_1081,言語知識,語彙,語形成,1,地震（じしん）などの緊急（きんきゅう）時には、______非常口（ひじょうぐち）から外（そと）に出（で）てください。,最寄りの,最寄り,近寄りの,近寄り,最寄りの,【解説】<br>正解（せいかい）は「最寄りの（もよりの）」です。「最寄り（もより）」は「一番（いちばん）近い場所（ばしょ）」という意味（いみ）で、「最寄りの〜」の形で名詞（めいし）を修飾（しゅうしょく）します。<br><br>■ほかの選択肢（せんたくし）について<br>・「最寄り」：後ろに「の」がないと、直接（ちょくせつ）「非常口」につなげることができません。<br>・「近寄りの」「近寄り」：このような言葉（ことば）の組み合わせはありません。<br><br>これはN2の基礎（きそ）的な連体（れんたい）修飾（しゅうしょく）の語形成（ごけいせい）問題（もんだい）です。
JLPT_LK_N2_1082,言語知識,語彙,語形成,4,新製品（しんせいひん）の売り出しにあたり、______価格（かかく）でご提供（ていきょう）いたします。,特別,限定,特定,特格,特別,【解説】<br>正解（せいかい）は「特別（とくべつ）」です。「特別価格（とくべつかかく）」で「普段（ふだん）とは違う安い値段（ねだん）」という意味（いみ）のよく使われる熟語（じゅくご）になります。<br><br>■ほかの選択肢（せんたくし）について<br>・「限定（げんてい）」：「限定価格」という言い方もありますが、形容動詞（けいようどうし）語幹（ごかん）として自然に「〜価格」を作るのは「特別」が一般的（いっぱんてき）です。<br>・「特定（とくてい）」：一つに決まっているという意味です。<br>・「特格」：このような言葉はありません。<br><br>これは標準（ひょうじゅん）から応用（おうよう）レベルの語形成（ごけいせい）問題（もんだい）です。
JLPT_LK_N2_1083,言語知識,語彙,文脈規定,2,準備（じゅんび）を______進（すす）めておいたので、当日は問題なく終わった。,着々と,続々と,次々と,だんだんと,着々と,【解説】<br>正解（せいかい）は「着々と（ちゃくちゃくと）」です。「着々と」は、計画（けいかく）通りに順調（じゅんちょう）に準備（じゅんび）や仕事が進む様子（ようす）を表（あらわ）します。<br><br>■ほかの選択肢（せんたくし）について<br>・「続々と（ぞくぞくと）」：人や物が切れ目なくやって来る様子です。<br>・「次々と（つぎつぎと）」：出来事が順番に起こる様子です。<br>・「だんだんと」：時間がたって少しずつ変わる様子です。<br><br>これはN2の基本（きほん）的なオノマトペ・副詞（ふくし）の問題（もんだい）です。
JLPT_LK_N2_1084,言語知識,語彙,文脈規定,5,交渉（こうしょう）が難航（なんこう）し、お互い（たがい）の主張（しゅちょう）が______したままだ。,平行線,平行相,平行形,平行面,平行線,【解説】<br>正解（せいかい）は「平行線（へいこうせん）」です。「平行線（へいこうせん）をたどる」「平行線のままだ」で、お互いの意見が歩み寄らず、話し合いが決着（けっちゃく）しない状態（じょうたい）を表す慣用表現（かんようひょうげん）です。<br><br>■ほかの選択肢（せんたくし）について<br>・「平行相」「平行形」「平行面」：話し合いの文脈（ぶんみゃく）で使われる決まった熟語（じゅくご）ではありません。<br><br>高度（こうど）な慣用（かんよう）語彙（ごい）を問う発展（はってん）レベルの問題（もんだい）です。
JLPT_LK_N2_1085,言語知識,語彙,文脈規定,3,急な発表（はっぴょう）を聞いて、______してしまい言葉が出なかった。,動揺,動機,動向,動術,動揺,【解説】<br>正解（せいかい）は「動揺（どうよう）」です。「動揺（どうよう）する」は、予想（よそう）外の出来事に心が揺（ゆ）れて落ち着かなくなる様子（ようす）を表します。<br><br>■ほかの選択肢（せんたくし）について<br>・「動機（どうき）」：何かを行うきっかけや理由のことです。<br>・「動向（どうこう）」：社会や個人の動きの方向のことです。<br>・「動術」：このような言葉はありません。<br><br>標準的（ひょうじゅんてき）な心理（しんり）を表す名詞（めいし）の問題（もんだい）です。
JLPT_LK_N2_1086,言語知識,語彙,言い換え類義,3,彼の演技（えんぎ）は実に<u>見事（みごと）だ</u>。,素晴らしい,珍しい,面白い,怪しい,素晴らしい,【解説】<br>正解（せいかい）は「素晴らしい（すばらしい）」です。「見事（みごと）だ」は、出来栄え（できばえ）が非常に優（ぐん）れている様子（ようす）を表すので、「素晴らしい」と言い換（か）えができます。<br><br>■ほかの選択肢（せんたくし）について<br>・「珍しい（めずらしい）」：滅多にないという意味です。<br>・「面白い（おもしろい）」：楽しい、興味深いという意味です。<br>・「怪しい（あやしい）」：疑（うたが）わしいという意味です。<br><br>標準（ひょうじゅん）的なな形容詞（けいようし）の類義語（るいぎご）問題（もんだい）です。
JLPT_LK_N2_1087,言語知識,語彙,言い換え類義,1,その話を聞いて<u>ホッとした</u>。,安心した,驚いた,呆れた,落胆した,安心した,【解説】<br>正解（せいかい）は「安心した（あんしんした）」です。「ホッとする」は、心配（しんぱい）がなくなり、心が落ち着く様子（ようす）を表します。<br><br>■ほかの選択肢（せんたくし）について<br>・「驚いた（おどろいた）」：びっくりすることです。<br>・「呆れた（あきれた）」：ひどくて言葉が出ないことです。<br>・「落胆した（らくたんした）」：がっかりすることです。<br><br>基礎（きそ）的なオノマトペの言い換え（いいかえ）問題（もんだい）です。
JLPT_LK_N2_1088,言語知識,語彙,言い換え類義,4,<u>自（みずか）ら</u>進んで作業を行った。,自分で,自然に,勝手に,思わず,自分で,【解説】<br>正解（せいかい）は「自分で（じぶんで）」です。「自（みずか）ら」は、他の人に言われず自分の意思（いし）で行動（こうどう）する様子（ようす）を表します。<br><br>■ほかの選択肢（せんたくし）について<br>・「自然に（しぜんに）」：意識せずにという意味です。<br>・「勝手に（かってに）」：許可なく自由にという意味で、悪いニュアンスが含まれます。<br>・「思わず（おもわず）」：意識せずについという意味です。<br><br>和語（わご）の副詞（ふくし）的表現の応用（おうよう）問題（もんだい）です。
JLPT_LK_N2_1089,言語知識,語彙,用法,5,<u>免れる</u>,奇跡的に、飛行機事故による不運を免れた。,試験の直前にしっかり勉強して落第を免れた。,約束の時間を変更して遅刻を免れた。,部屋を片付けて汚れを免れた。,奇跡的に、飛行機事故による不運を免れた。,【解説】<br>正解（せいかい）は「奇跡的に、飛行機事故による不運を免れた。」です。「免れる（まぬかれる）」は、災害（さいがい）や事故（じこ）、追及（ついきゅう）などの大きな危険（きけん）や良くない事態（じたい）を避（さ）けて助かるという意味（いみ）で使います。<br><br>■ほかの選択肢（せんたくし）について<br>・「落第を〜」：試験の不合格を避ける場合は「回避（かいひ）した」を使います。<br>・「遅刻を〜」：時間に間に合わせる場合は「回避した」や「防いだ（ふせいだ）」を使います。<br>・「汚れを〜」：物理的な汚れを防ぐ場合は「防いだ」を使います。<br><br>書き言葉で使う難しい動詞の発展（はってん）レベルの問題（もんだい）です。
JLPT_LK_N2_1090,言語知識,語彙,用法,2,<u>改める</u>,遅刻が多いので、生活習慣を改める必要がある。,古くなった服装を新しいデザインに改めた。,新しく購入した家具の位置を改めた。,友達の電話番号をメモ帳に改めた。,遅刻が多いので、生活習慣を改める必要がある。,【解説】<br>正解（せいかい）は「遅刻が多いので、生活習慣を改める必要がある。」です。「改める（あらためる）」は、悪い点（てん）や不適切な行動（こうどう）・習慣（しゅうかん）を良くするために修正（しゅうせい）するという意味で使います。<br><br>■ほかの選択肢（せんたくし）について<br>・「服装を〜」：服を変える場合は「着替えた（きがえた）」や「変えた（かえた）」を使います。<br>・「家具の位置を〜」：配置を変える場合は「移動した（いどうした）」を使います。<br>・「電話番号を〜」：記録する場合は「書き留めた（かきとめた）」を使います。<br><br>他動詞（たどうし）の基本（きほん）的なコロケーションの問題（もんだい）です。
JLPT_LK_N2_1091,言語知識,語彙,語形成,1,地震（じしん）や火災（かさい）に備（そな）えて、______訓練（くんれん）に参加（さんか）した。,防災,防犯,防音,防止,防災,【解説】<br>正解（せいかい）は「防災（ぼうさい）」です。「防災訓練（ぼうさいくんれん）」で「災害（さいがい）を防（ふせ）ぐための訓練（くんれん）」という意味（いみ）の決（き）まった言葉（ことば）になります。<br><br>■ほかの選択肢（せんたくし）について<br>・「防犯（ぼうはん）」：犯罪（はんざい）を防（ふせ）ぐことです（例：防犯ベル）。<br>・「防音（ぼうおん）」：音（おと）を遮断（しゃだん）することです（例：防音壁）。<br>・「防止（ぼうし）」：悪いことが起きないように止めることです（例：再発防止）。<br><br>これはN2の基礎（きそ）的な語形成（ごけいせい）の問題（もんだい）です。
JLPT_LK_N2_1092,言語知識,語彙,語形成,4,新製品（しんせいひん）の市場（しじょう）開拓（かいたく）に向けて、______的な戦略（せんりゃく）を練（ね）る。,多角,多大,多数,多量,多角,【解説】<br>正解（せいかい）は「多角（たかく）」です。「多角（たかく）的（てき）」で「一つの視点（してん）だけでなく、様々な角度（かくど）から物事（ものごと）を見る様子（ようす）」を表（あらわ）します。<br><br>■ほかの選択肢（せんたくし）について<br>・「多大（ただい）」：程度（てど）や量が非常に大きいことです（例：多大な損害）。<br>・「多数（たすう）」：数が多くあることです。<br>・「多量（たりょう）」：分量（ぶんりょう）が多いことです。<br><br>熟語（じゅくご）の結びつきを問（と）う応用（おうよう）レベルの問題（もんだい）です。
JLPT_LK_N2_1093,言語知識,語彙,文脈規定,2,準備（じゅんび）を______進（すす）めておいたので、予定（よてい）通りに開会（かいかい）できた。,着々と,続々と,次々と,だんだんと,着々と,【解説】<br>正解（せいかい）は「着々と（ちゃくちゃくと）」です。「着々（ちゃくちゃく）と」は、計画（けいかく）通りに順調（じゅんちょう）に物事（ものごと）が進（すす）む様子（ようす）を表（あらわ）します。<br><br>■ほかの選択肢（せんたくし）について<br>・「続々と（ぞくぞくと）」：人や物が途切れずにやって来る様子です。<br>・「次々と（つぎつぎと）」：出来事が順番に起こる様子です。<br>・「だんだんと」：少しずつ変化する様子です。<br><br>これはN2の基本（きほん）的なオノマトペ・副詞（ふくし）の問題（もんだい）です。
JLPT_LK_N2_1094,言語知識,語彙,文脈規定,5,相手（あいて）の身勝手（みがって）な振る舞い（ふるまい）に、憤りを______をえなかった。,禁じ,抑え,隠し,断ち,禁じ,【解説】<br>正解（せいかい）は「禁じ（きんじ）」です。「憤り（いきどおり）を禁じ得ない（きんじえない）」で、「強い怒り（いかり）の感情（かんじょう）を抑（おさ）えることができない」という意味（いみ）の慣用表現（かんようひょうげん）です。<br><br>■ほかの選択肢（せんたくし）について<br>・「抑え（おさえ）」：「抑えきれない」とは言いますが、「抑えを得ない」とは言いません。<br>・「隠し（かくし）」：「隠しきれない」とは言いますが、「隠しを得ない」とは言いません。<br>・「断ち（たち）」：感情を止める文脈（ぶんみゃく）では使いません。<br><br>高度（こうど）な語彙（ごい）と慣用（かんよう）表現（ひょうげん）を問（と）う発展（はってん）レベルの問題（もんだい）です。
JLPT_LK_N2_1095,言語知識,語彙,文脈規定,3,急な発表（はっぴょう）に______してしまい、上手（じょうず）に話せなかった。,動揺,動機,動向,動術,動揺,【解説】<br>正解（せいかい）は「動揺（どうよう）」です。「動揺（どうよう）する」は、予想（よそう）外の出来事に心（こころ）が揺（ゆ）れて落ち着かなくなる様子（ようす）を表（あらわ）します。<br><br>■ほかの選択肢（せんたくし）について<br>・「動機（どうき）」：行動（こうどう）のきっかけや理由（りゆう）のことです。<br>・「動向（どうこう）」：社会などの動きの方向（ほうこう）のことです。<br>・「動術」：このような言葉はありません。<br><br>標準的（ひょうじゅんてき）な心理（しんり）を表（あらわ）す名詞（めいし）の問題（もんだい）です。
JLPT_LK_N2_1096,言語知識,語彙,言い換え類義,3,彼の説明（せつめい）はとても<u>明快だ</u>。,分かりやすい,複雑だ,曖昧だ,退屈だ,分かりやすい,【解説】<br>正解（せいかい）は「分かりやすい（わかりやすい）」です。「明快（めいかい）だ」は、筋道（すじみち）がはっきりしていて理解（りかい）しやすい様子（ようす）を表（あらわ）します。<br><br>■ほかの選択肢（せんたくし）について<br>・「複雑だ（ふくざつだ）」：細かくて難しいことです。<br>・「曖昧だ（あいまいだ）」：はっきりしないことです。<br>・「退屈だ（たいくつだ）」：面白くないことです。<br><br>標準（ひょうじゅん）的なな形容詞（けいようし）の類義語（るいぎご）問題（もんだい）です。
JLPT_LK_N2_1097,言語知識,語彙,言い換え類義,2,古い習慣（しゅうかん）を<u>取り払う</u>。,取り除く,受け入れる,維持する,評価する,取り除く,【解説】<br>正解（せいかい）は「取り除く（とりのぞく）」です。「取り払う（とりはらう）」は、不要（ふよう）なものや邪魔（じゃま）なものを取って無くすという意味（いみ）になります。<br><br>■ほかの選択肢（せんたくし）について<br>・「受け入れる（うけいれる）」：認めてもらうことです。<br>・「維持する（いじする）」：そのまま保つことです。<br>・「評価する（ひょうかする）」：価値を認めることです。<br><br>基礎（きそ）的な複合動詞（ふくごうどうし）の類義語（るいぎご）問題（もんだい）です。
JLPT_LK_N2_1098,言語知識,語彙,言い換え類義,4,この地域の治安（ちあん）は<u>極めて</u>良好（りょうこう）だ。,非常に,わずかに,なんとか,たまに,非常に,【解説】<br>正解（せいかい）は「非常に（ひじょうに）」です。「極めて（きわめて）」は、程度（てど）がとても高く、一番上のレベルに近い状態（じょうたい）を表（あらわ）します。<br><br>■ほかの選択肢（せんたくし）について<br>・「わずかに」：ほんの少しという意味です。<br>・「なんとか」：ギリギリでという意味です。<br>・「たまに」：時々という意味です。<br><br>度合い（どあい）を表（あらわ）す副詞（ふくし）の応用（おうよう）問題（もんだい）です。
JLPT_LK_N2_1099,言語知識,語彙,用法,5,<u>兼ねる</u>,趣味と実益を兼ねて、ブログで記事を書いている。,明日の天気と気温を兼ねて、服を選んだ。,仕事の成功と失敗を兼ねて、反省会を開いた。,電車とバスの時間を兼ねて、駅に向かった。,趣味と実益を兼ねて、ブログで記事を書いている。,【解説】<br>正解（せいかい）は「趣味と実益を兼ねて、ブログで記事を書いている。」です。「兼ねる（かねる）」は、一つの行為（こうい）が二つ以上の目的（もくてき）や役割（やくわり）を合わせ持っているという意味（いみ）で使（つか）います。<br><br>■ほかの選択肢（せんたくし）について<br>・「天気と気温を〜」：条件（じょうけん）を考える場合は「考慮（こうりょ）して」を使います。<br>・「成功と失敗を〜」：両方を比べる場合は「振り返って（ふりかえって）」を使います。<br>・「電車とバスの時間を〜」：時間を調べる場合は「確認（かくにん）して」を使います。<br><br>他動詞（たどうし）「兼ねる」の発展（はってん）レベルの用法（ようほう）問題（もんだい）です。
JLPT_LK_N2_1100,言語知識,語彙,用法,1,<u>蓄える</u>,災害時に備えて、水や食料を家に蓄えている。,試験のために、毎日教科書を蓄えている。,部屋の温度を快適に保つためにエアコンで蓄えた。,友達との思い出をカバンに蓄えて持ち帰った。,災害時に備えて、水や食料を家に蓄えている。,【解説】<br>正解（せいかい）は「災害時に備えて、水や食料を家に蓄えている。」です。「蓄える（たくわえる）」は、将来（しょうらい）の必要（ひつよう）に備（そな）えて、物（もの）やお金（かね）などをためて保管（ほかん）しておくという意味（いみ）で使（つか）います。<br><br>■ほかの選択肢（せんたくし）について<br>・「教科書を〜」：本を用意する場合は「準備（じゅんび）する」を使います。<br>・「部屋の温度を〜」：状態（じょうたい）を維持（いじ）する場合は「保った（たもった）」を使います。<br>・「思い出を〜」：心に留める場合は「記憶（きおく）した」や「胸（むね）に刻んだ（きざんだ）」を使います。<br><br>動詞（どうし）「蓄える」の基礎（きそ）的な問題（もんだい）です。
JLPT_LK_N2_1101,言語知識,語彙,語形成,1,非常（ひじょう）の際には、この______非常口（ひじょうぐち）から避難（ひなん）してください。,専用,専務,専念,専修,専用,【解説】<br>正解（せいかい）は「専用（せんよう）」です。「専用（せんよう）」は、特定の目的（もくてき）や人（ひと）だけが使うという意味（いみ）を表（あらわ）します。<br><br>■ほかの選択肢（せんたくし）について<br>・「専務（せんむ）」：会社（かいしゃ）の役職（やくしょく）の名称（めいしょう）です。<br>・「専念（せんねん）」：一つのことに集中（しゅうちゅう）することです（例：勉強に専念する）。<br>・「専修（せんしゅう）」：専門（せんもん）に学ぶことです。<br><br>これはN2の超基本（ちょうきほん）レベルの問題（もんだい）です。
JLPT_LK_N2_1102,言語知識,語彙,語形成,4,新製品（しんせいひん）の導入（どうにゅう）により、業務（ぎょうむ）効率（こうりつ）の______化が図られた。,飛躍,飛翔,飛散,飛来,飛躍,【解説】<br>正解（せいかい）は「飛躍（ひやく）」です。「飛躍的（ひやくてき）」や「飛躍化（ひやくか）」で、段階（だんかい）を飛び越えて大きく向上（こうじょう）するという意味（いみ）になります。<br><br>■ほかの選択肢（せんたくし）について<br>・「飛翔（ひしょう）」：空を飛ぶことです。<br>・「飛散（ひさん）」：飛び散ることです。<br>・「飛来（ひらい）」：飛んでやって来ることです。<br><br>熟語（じゅくご）の抽象的（ちゅうしょうてき）な意味を問（と）う応用（おうよう）レベルの問題（もんだい）です。
JLPT_LK_N2_1103,言語知識,語彙,文脈規定,2,友達（ともだち）の冗談（じょうだん）を聞いて、______笑ってしまった。,思わず,わざと,思い切って,思いがけず,思わず,【解説】<br>正解（せいかい）は「思わず（おもわず）」です。「思わず（おもわず）」は、自分で意識（いしき）せずに、自然（しぜん）と動作（どうさ）や感情（かんじょう）が出（で）てしまう様子（ようす）を表（あらわ）します。<br><br>■ほかの選択肢（せんたくし）について<br>・「わざと」：理由（りゆう）があって意識的（いしきてき）にする様子（ようす）です。<br>・「思い切って（おもいきって）」：勇気（ゆうき）を出して強い決意（けつい）で行動（こうどう）する様子（ようす）です。<br>・「思いがけず」：予想（よそう）していなかったことが起きる様子（ようす）です。<br><br>これはN2の基本（きほん）的な副詞（ふくし）の問題（もんだい）です。
JLPT_LK_N2_1104,言語知識,語彙,文脈規定,5,相手（あいて）の軽率（けいそつ）な行動（こうどう）が、思（おも）わぬトラブルを______しまった。,招いて,誘って,引き起こして,煽って,招いて,【解説】<br>正解（せいかい）は「招いて（まねいて）」です。「トラブルや失敗（しっぱい）を招（まね）く」で、自分の悪い行動（こうどう）が原因（げんいん）で良くない結果（けっか）を引き起こすという意味（いみ）になります。<br><br>■ほかの選択肢（せんたくし）について<br>・「誘って（さそって）」：人をどこかに一緒に行こうと誘う（さそう）ことです。<br>・「引き起こして」：意味（いみ）は似（に）ていますが、「トラブルを引き起こす」よりも「トラブルを招く」の方がコロケーションとして自然（しぜん）です。<br>・「煽って（あおって）」：感情（かんじょう）を高めさせることです。<br><br>コロケーションの厳密（げんみつ）さを問う発展（はってん）レベルの問題（もんだい）です。
JLPT_LK_N2_1105,言語知識,語彙,文脈規定,3,渋滞（じゅうたい）を避（さ）けるために、______道（みち）を選（えら）んで運転（うんてん）した。,回り道,回りくどい,遠回りな,迂回,回り道,【解説】<br>正解（せいかい）は「回り道（まわりみち）」です。「回り道（まわりみち）を選ぶ」で、遠いけれど目的（もくてき）の場所（ばしょ）へ行く別の道（みち）を使うという意味（いみ）になります。<br><br>■ほかの選択肢（せんたくし）について<br>・「回りくどい（まわりくどい）」：話し方（かた）や説明（せつめい）が遠まわしで分かりにくい様子（ようす）です。<br>・「遠回りな（とおまわりな）」：形容（けいよう）表現（ひょうげん）なので「遠回りな道」とは重なって使（つか）いません。<br>・「迂回（うかい）」：動詞（どうし）として「迂回（うかい）する」の形で使います。<br><br>標準（ひょうじゅん）的な和語（わご）の名詞（めいし）・コロケーション問題（もんだい）です。
JLPT_LK_N2_1106,言語知識,語彙,言い換え類義,3,彼の対応（たいおう）は実に<u>迅速（じんそく）だ</u>。,素早い,慎重だ,丁寧だ,曖昧だ,素早い,【解説】<br>正解（せいかい）は「素早い（すばやい）」です。「迅速（じんそく）だ」は、仕事（しごと）や行動（こうどう）のスピードがとても速い様子（ようす）を表（あらわ）します。<br><br>■ほかの選択肢（せんたくし）について<br>・「慎重だ（しんちょうだ）」：ミスがないように注意深く行うことです。<br>・「丁寧だ（ていねいだ）」：礼儀正しくしっかりすることです。<br>・「曖昧だ（あいまいだ）」：はっきりしないことです。<br><br>標準（ひょうじゅん）的な熟語（じゅくご）の言い換え（いいかえ）問題（もんだい）です。
JLPT_LK_N2_1107,言語知識,語彙,言い換え類義,2,古い習慣（しゅうかん）を<u>取り払う</u>。,取り除く,受け入れる,維持する,評価する,取り除く,【解説】<br>正解（せいかい）は「取り除く（とりのぞく）」です。「取り払う（とりはらう）」は、不要（ふよう）なものや邪魔（じゃま）なものを取って無くすという意味（いみ）になります。<br><br>■ほかの選択肢（せんたくし）について<br>・「受け入れる（うけいれる）」：認めてもらうことです。<br>・「維持する（いじする）」：そのまま保つことです。<br>・「評価する（ひょうかする）」：価値を認めることです。<br><br>基礎（きそ）的な複合動詞（ふくごうどうし）の類義語（るいぎご）問題（もんだい）です。
JLPT_LK_N2_1108,言語知識,語彙,言い換え類義,4,この地域の治安（ちあん）は<u>極めて</u>良好（りょうこう）だ。,非常に,わずかに,なんとか,たまに,非常に,【解説】<br>正解（せいかい）は「非常に（ひじょうに）」です。「極めて（きわめて）」は、程度（てど）がとても高く、一番上のレベルに近い状態（じょうたい）を表（あらわ）します。<br><br>■ほかの選択肢（せんたくし）について<br>・「わずかに」：ほんの少しという意味です。<br>・「なんとか」：ギリギリでという意味です。<br>・「たまに」：時々という意味です。<br><br>度合い（どあい）を表（あらわ）す副詞（ふくし）の応用（おうよう）問題（もんだい）です。
JLPT_LK_N2_1109,言語知識,語彙,用法,5,<u>免れる</u>,責任を免れるために、嘘の報告をした。,遅刻を免れるために、走って学校に向かった。,危険を免れるために、安全な場所へ移動した。,病気を免れるために、毎日薬を飲んだ。,責任を免れるために、嘘の報告をした。,【解説】<br>正解（せいかい）は「責任を免れるために、嘘の報告をした。」です。「免れる（まぬかれる）」は、負う（おう）べき追及（ついきゅう）や義務（ぎむ）・責任（せきにん）などを逃（まぬか）れて受けないようにするときに使（つか）います。<br><br>■ほかの選択肢（せんたくし）について<br>・「遅刻を〜」：時間を間に合わせる場合は「回避（かいひ）する」や「防ぐ（ふせぐ）」を使います。<br>・「危険を〜」：危険（きけん）から離れる場合は「避ける（さける）」や「逃れる（のがれる）」を使います。<br>・「病気を〜」：健康（けんこう）を維持（いじ）する場合は「予防（よぼう）する」を使います。<br><br>動詞（どうし）の正確（せいかく）な対象（たいしょう）を問（と）う発展（はってん）レベルの問題（もんだい）です。
JLPT_LK_N2_1110,言語知識,語彙,用法,3,<u>打ち明ける</u>,長年の悩みを友人に打ち明けた。,秘密の計画を書類に打ち明けた。,自分の意見を会議で打ち明けた。,新しいアイディアをノートに打ち明けた。,長年の悩みを友人に打ち明けた。,【解説】<br>正解（せいかい）は「長年の悩みを友人に打ち明けた。」です。「打ち明ける（うちあける）」は、人に言えなかった心の中の秘密（ひみつ）や悩み（なやみ）を、信頼（しんらい）できる人に隠（かく）さず話すという意味（いみ）で使（つか）います。<br><br>■ほかの選択肢（せんたくし）について<br>・「書類に〜」：文章（ぶんしょう）に書く場合は「記載（きさい）した」や「書き記した」を使います。<br>・「会議で〜」：みんなの前で話す場合は「発表（はっぴょう）した」や「提案（ていあん）した」を使います。<br>・「ノートに〜」：アイディアをメモする場合は「書き留めた（かきとめた）」を使います。<br><br>複合動詞（ふくごうどうし）の適切な場面（ばめん）を問（と）う標準（ひょうじゅん）的な問題（もんだい）です。
JLPT_LK_N2_1111,言語知識,語彙,語形成,1,台風（たいふう）の接近（せっきん）に伴（ともな）い、______警戒（けいかい）が必要（ひつよう）だ。,厳重,厳格,厳密,厳格性,厳重,【解説】<br>正解（せいかい）は「厳重（げんじゅう）」です。「厳重警戒（げんじゅうけいかい）」で、「非常に強く気をつけること」という意味（いみ）の決（き）まった表現（ひょうげん）になります。<br><br>■ほかの選択肢（せんたくし）について<br>・「厳格（げんかく）」：ルールや指導（しどう）が厳しいときに使います（例：厳格なルール）。<br>・「厳密（げんみつ）」：細かく正確（せいかく）に確認（かくにん）するときに使います（例：厳密な検査（けんさ））。<br>・「厳格性（げんかくせい）」：性質（せいしつ）を表（あらわ）す言葉（ことば）で、警戒（けいかい）の前に直接（ちょくせつ）つけません。<br><br>これはN2の基礎（きそ）的な語形成（ごけいせい）の問題（もんだい）です。
JLPT_LK_N2_1112,言語知識,語彙,語形成,4,住民（じゅうみん）からの強い反対（はんたい）を受け、計画（けいかく）は______紙（し）に戻された。,白,赤,黒,無,白,【解説】<br>正解（せいかい）は「白（はく）」です。「白紙（はくし）に戻（もど）す」で、「決定（けってい）や計画（けいかく）を最初（さいしょ）の何も決定（けってい）していない状態（じょうたい）に戻す」という意味（いみ）の慣用（かんよう）語彙（ごい）です。<br><br>■ほかの選択肢（せんたくし）について<br>・「赤」「黒」：色を表す文字ですが、「〜紙に戻す」という慣用句（かんようく）には使えません。<br>・「無」：「無紙」という日本語はありません。<br><br>これは慣用（かんよう）的な漢字（かんじ）の結びつきを問（と）う応用（おうよう）レベルの問題（もんだい）です。
JLPT_LK_N2_1113,言語知識,語彙,文脈規定,2,友達（ともだち）の急な呼び出しに、______駆けつけた。,慌てて,うっかり,すっきり,しっかり,慌てて,【解説】<br>正解（せいかい）は「慌てて（あわてて）」です。「慌てて（あわてて）」は、突然（とつぜん）のことに驚（おどろ）いて急（いそ）いで行動（こうどう）する様子（ようす）を表（あらわ）します。<br><br>■ほかの選択肢（せんたくし）について<br>・「うっかり」：うっかり忘れるなどのミスを表す言葉です。<br>・「すっきり」：気分（きぶん）がさわやかになる様子です。<br>・「しっかり」：確実（かくじつ）にちゃんとする様子です。<br><br>これはN2の基本（きほん）的な副詞（ふくし）的表現（ひょうげん）の問題（もんだい）です。
JLPT_LK_N2_1114,言語知識,語彙,文脈規定,5,これまでの主張（しゅちょう）の矛盾（むじゅん）を突かれ、彼は______に詰まった。,返答,返事,応答,回答,返答,【解説】<br>正解（せいかい）は「返答（へんとう）」です。「返答（へんとう）に詰（つ）まる」で、「問いかけや追及（ついきゅう）に対して何と答えたらいいか分からず困（こま）る」という意味（いみ）の決（き）まった言い方（かた）です。<br><br>■ほかの選択肢（せんたくし）について<br>・「返事（へんじ）」：「返事をする」のように日常（にちじょう）の挨拶（あいさつ）などで使います。<br>・「応答（おうとう）」：機械（きかい）や呼びかけに答えることです（例：応答願います）。<br>・「回答（かいとう）」：アンケートやテストの問いに答えることです。<br><br>コロケーションの厳密（げんみつ）さを問（と）う発展（はってん）レベルの問題（もんだい）です。
JLPT_LK_N2_1115,言語知識,語彙,文脈規定,3,道路（どうろ）工事（こうじ）のため、車は別のルートへ______せざるを得なかった。,迂回,遠回り,回り道,避難,迂回,【解説】<br>正解（せいかい）は「迂回（うかい）」です。「迂回（うかい）する」は、本来（ほんらい）のルートを避（さ）けて遠回り（とおまわり）の道を通るという意味（いみ）で使うサ変（へん）動詞（どうし）です。<br><br>■ほかの選択肢（せんたくし）について<br>・「遠回り（とおまわり）」：名詞（めいし）なので「遠回りせざるを得なかった」と使うより「迂回」がより適切（てきせつ）な書き言葉（ことば）です。<br>・「回り道（まわりみち）」：名詞（めいし）なので「〜する」と接（せっ）しにくいです。<br>・「避難（ひなん）」：安全（あんぜん）な場所（ばしょ）へ逃（に）げることです。<br><br>標準（ひょうじゅん）的な硬（かた）い名詞（めいし）・動詞（どうし）の問題（もんだい）です。
JLPT_LK_N2_1116,言語知識,語彙,言い換え類義,3,彼の対応（たいおう）は実に<u>迅速（じんそく）だ</u>。,素早い,慎重だ,丁寧だ,曖昧だ,素早い,【解説】<br>正解（せいかい）は「素早い（すばやい）」です。「迅速（じんそく）だ」は、動きや対応（たいおう）がとても速い様子（ようす）を表（あらわ）すので、「素早い」と言い換（か）えることができます。<br><br>■ほかの選択肢（せんたくし）について<br>・「慎重だ（しんちょうだ）」：注意深く行うことです。<br>・「丁寧だ（ていねいだ）」：心を込めてちゃんとのことです。<br>・「曖昧だ（あいまいだ）」：はっきりしないことです。<br><br>標準（ひょうじゅん）的な熟語（じゅくご）の言い換え（いいかえ）問題（もんだい）です。
JLPT_LK_N2_1117,言語知識,語彙,言い換え類義,2,古い習慣（しゅうかん）を<u>取り払う</u>。,取り除く,受け入れる,維持する,評価する,取り除く,【解説】<br>正解（せいかい）は「取り除く（とりのぞく）」です。「取り払う（とりはらう）」は、邪魔（じゃま）なものや不要（ふよう）なものを無くすという意味（いみ）になります。<br><br>■ほかの選択肢（せんたくし）について<br>・「受け入れる（うけいれる）」：認めてもらうことです。<br>・「維持する（いじする）」：そのまま保つことです。<br>・「評価する（ひょうかする）」：価値を認めることです。<br><br>基礎（きそ）的な複合動詞（ふくごうどうし）の類義語（るいぎご）問題（もんだい）です。
JLPT_LK_N2_1118,言語知識,語彙,言い換え類義,4,この地域の治安（ちあん）は<u>極めて</u>良好（りょうこう）だ。,非常に,わずかに,なんとか,たまに,非常に,【解説】<br>正解（せいかい）は「非常に（ひじょうに）」です。「極めて（きわめて）」は、程度（てど）がとても高く、最高（さいこう）のレベルに近い状態（じょうたい）を表（あらわ）します。<br><br>■ほかの選択肢（せんたくし）について<br>・「わずかに」：ほんの少しという意味です。<br>・「なんとか」：ギリギリでという意味です。<br>・「たまに」：時々という意味です。<br><br>度合い（どあい）を表（あらわ）す副詞（ふくし）の応用（おうよう）問題（もんだい）です。
JLPT_LK_N2_1119,言語知識,語彙,用法,5,<u>免れる</u>,責任を免れるために、嘘の報告をした。,遅刻を免れるために、走って学校に向かった。,危険を免れるために、安全な場所へ移動した。,病気を免れるために、毎日薬を飲んだ。,責任を免れるために、嘘の報告をした。,【解説】<br>正解（せいかい）は「責任を免れるために、嘘の報告をした。」です。「免れる（まぬかれる）」は、負（お）うべき義務（ぎむ）や追及（ついきゅう）・責任（せきにん）を逃（まぬか）れて受けないようにするときに使（つか）います。<br><br>■ほかの選択肢（せんたくし）について<br>・「遅刻を〜」：時間に間に合わせる場合は「回避（かいひ）する」を使います。<br>・「危険を〜」：危険（きけん）から離れる場合は「避ける（さける）」を使います。<br>・「病気を〜」：健康（けんこう）を保つ場合は「予防（よぼう）する」を使います。<br><br>動詞（どうし）の正確（せいかく）な対象（たいしょう）を問（と）う発展（はってん）レベルの問題（もんだい）です。
JLPT_LK_N2_1120,言語知識,語彙,用法,3,<u>打ち明ける</u>,長年の悩みを友人に打ち明けた。,秘密の計画を書類に打ち明けた。,自分の意見を会議で打ち明けた。,新しいアイディアをノートに打ち明けた。,長年の悩みを友人に打ち明けた。,【解説】<br>正解（せいかい）は「長年の悩みを友人に打ち明けた。」です。「打ち明ける（うちあける）」は、人に言えなかった秘密（ひみつ）や心の中の思いを信頼（しんらい）できる人に隠（かく）さず話すという意味（いみ）で使（つか）います。<br><br>■ほかの選択肢（せんたくし）について<br>・「書類に〜」：文章（ぶんしょう）に書く場合は「記載（きさい）した」を使います。<br>・「会議で〜」：みんなの前で話す場合は「発表（はっぴょう）した」を使います。<br>・「ノートに〜」：メモする場合は「書き留めた（かきとめた）」を使います。<br><br>複合動詞（ふくごうどうし）の適切な場面（ばめん）を問（と）う標準（ひょうじゅん）的な問題（もんだい）です。
JLPT_LK_N2_1121,言語知識,語彙,語形成,1,地震（じしん）や火事（かじ）に備（そな）えて、______対策（たいさく）をしっかり行（おこな）う。,防災,防犯,防音,防止,防災,【解説】<br>正解（せいかい）は「防災（ぼうさい）」です。「防災（ぼうさい）対策（たいさく）」で、「地震（じしん）や火事（かじ）などの災害（さいがい）を防（ふせ）ぐための準備（じゅんび）」という意味（いみ）の決（き）まった言葉（ことば）になります。<br><br>■ほかの選択肢（せんたくし）について<br>・「防犯（ぼうはん）」：泥棒（どろぼう）などの犯罪（はんざい）を防（ふせ）ぐことです。<br>・「防音（ぼうおん）」：音（おと）を遮断（しゃだん）することです。<br>・「防止（ぼうし）」：悪いことが起きないように止めることです（例：再発防止）。<br><br>これはN2の基礎（きそ）的な語形成（ごけいせい）の問題（もんだい）です。
JLPT_LK_N2_1122,言語知識,語彙,語形成,4,長年（ながねん）の努力（どりょく）が認められ、彼（かれ）は______格（かく）の待遇（たいぐう）で迎えられた。,破格,特別,格別,破格性,破格,【解説】<br>正解（せいかい）は「破格（はかく）」です。「破格の待遇（はかくのたいぐう）」で、「普通（ふつう）の基準（きじゅん）や決まりを大きく超（こ）えた特別（とくべつ）な扱い（あつかい）」という意味（いみ）になります。<br><br>■ほかの選択肢（せんたくし）について<br>・「特別（とくべつ）」：「特別格」という熟語（じゅくご）はありません。<br>・「格別（かくべつ）」：「格別な待遇」と言うことはできますが、「〜格の」という空欄（くうらん）には入りません。<br>・「破格性（はかくせい）」：性質（せいしつ）を表（あらわ）す言葉（ことば）で不自然（ふしぜん）です。<br><br>応用（おうよう）的な接頭語（せっとうご）・熟語（じゅくご）の問題（もんだい）です。
JLPT_LK_N2_1123,言語知識,語彙,文脈規定,2,友達（ともだち）の冗談（じょうだん）を聞いて、______笑（わら）ってしまった。,思わず,わざと,思い切って,思いがけず,思わず,【解説】<br>正解（せいかい）は「思わず（おもわず）」です。「思（おも）わず」は、自分で意識（いしき）せずに自然（しぜん）と感情（かんじょう）や動作（どうさ）が出てしまう様子（ようす）を表（あらわ）します。<br><br>■ほかの選択肢（せんたくし）について<br>・「わざと」：理由（りゆう）があって意識的（いしきてき）に行う様子（ようす）です。<br>・「思い切って（おもいきって）」：勇気（ゆうき）を出して強い決意（けつい）で行動（こうどう）する様子（ようす）です。<br>・「思いがけず」：予想（よそう）していなかったことが起きる様子（ようす）です。<br><br>これはN2の基本（きほん）的な副詞（ふくし）の問題（もんだい）です。
JLPT_LK_N2_1124,言語知識,語彙,文脈規定,5,これまでの主張（しゅちょう）の矛盾（むじゅん）を突かれ、彼は______に詰まった。,返答,返事,応答,回答,返答,【解説】<br>正解（せいかい）は「返答（へんとう）」です。「返答（へんとう）に詰（つ）まる」で、「問いかけや追及（ついきゅう）に対して何と答えたらいいか分からず困（こま）る」という意味（いみ）の決（き）まった表現（ひょうげん）です。<br><br>■ほかの選択肢（せんたくし）について<br>・「返事（へんじ）」：「返事をする」のように日常（にちじょう）の挨拶（あいさつ）などで使います。<br>・「応答（おうとう）」：機械（きかい）や呼びかけに答えることです。<br>・「回答（かいとう）」：アンケートやテストの問いに答えることです。<br><br>コロケーションの厳密（げんみつ）さを問（と）う発展（はってん）レベルの問題（もんだい）です。
JLPT_LK_N2_1125,言語知識,語彙,文脈規定,3,渋滞（じゅうたい）を避（さ）けるために、______道（みち）を選（えら）んで運転（うんてん）した。,回り道,回りくどい,遠回りな,迂回,回り道,【解説】<br>正解（せいかい）は「回り道（まわりみち）」です。「回り道（まわりみち）を選ぶ」で、遠いけれど目的（もくてき）の場所（ばしょ）へ行く別の道（みち）を使うという意味（いみ）になります。<br><br>■ほかの選択肢（せんたくし）について<br>・「回りくどい（まわりくどい）」：話し方（かた）や説明（せつめい）が遠まわしで分かりにくい様子（ようす）です。<br>・「遠回りな（とおまわりな）」：形容（けいよう）表現（ひょうげん）なので「遠回りな道」とは重なって使（つか）いません。<br>・「迂回（うかい）」：動詞（どうし）として「迂回（うかい）する」の形で使います。<br><br>標準（ひょうじゅん）的な和語（わご）の名詞（めいし）・コロケーション問題（もんだい）です。
JLPT_LK_N2_1126,言語知識,語彙,言い換え類義,3,彼の対応（たいおう）は実に<u>迅速（じんそく）だ</u>。,素早い,慎重だ,丁寧だ,曖昧だ,素早い,【解説】<br>正解（せいかい）は「素早い（すばやい）」です。「迅速（じんそく）だ」は、動きや対応（たいおう）がとても速い様子（ようす）を表（あらわ）すので、「素早い」と言い換（か）えることができます。<br><br>■ほかの選択肢（せんたくし）について<br>・「慎重だ（しんちょうだ）」：注意深く行うことです。<br>・「丁寧だ（ていねいだ）」：心を込めてちゃんとのことです。<br>・「曖昧だ（あいまいだ）」：はっきりしないことです。<br><br>標準（ひょうじゅん）的な熟語（じゅくご）の言い換え（いいかえ）問題（もんだい）です。
JLPT_LK_N2_1127,言語知識,語彙,言い換え類義,2,古い習慣（しゅうかん）を<u>取り払う</u>。,取り除く,受け入れる,維持する,評価する,取り除く,【解説】<br>正解（せいかい）は「取り除く（とりのぞく）」です。「取り払う（とりはらう）」は、邪魔（じゃま）なものや不要（ふよう）なものを無くすという意味（いみ）になります。<br><br>■ほかの選択肢（せんたくし）について<br>・「受け入れる（うけいれる）」：認めてもらうことです。<br>・「維持する（いじする）」：そのまま保つことです。<br>・「評価する（ひょうかする）」：価値を認めることです。<br><br>基礎（きそ）的な複合動詞（ふくごうどうし）の類義語（るいぎご）問題（もんだい）です。
JLPT_LK_N2_1128,言語知識,語彙,言い換え類義,4,この地域の治安（ちあん）は<u>極めて</u>良好（りょうこう）だ。,非常に,わずかに,なんとか,たまに,非常に,【解説】<br>正解（せいかい）は「非常に（ひじょうに）」です。「極めて（きわめて）」は、程度（てど）がとても高く、最高（さいこう）のレベルに近い状態（じょうたい）を表（あらわ）します。<br><br>■ほかの選択肢（せんたくし）について<br>・「わずかに」：ほんの少しという意味です。<br>・「なんとか」：ギリギリでという意味です。<br>・「たまに」：時々という意味です。<br><br>度合い（どあい）を表（あらわ）す副詞（ふくし）の応用（おうよう）問題（もんだい）です。
JLPT_LK_N2_1129,言語知識,語彙,用法,5,<u>免れる</u>,責任を免れるために、嘘の報告をした。,遅刻を免れるために、走って学校に向かった。,危険を免れるために、安全な場所へ移動した。,病気を免れるために、毎日薬を飲んだ。,責任を免れるために、嘘の報告をした。,【解説】<br>正解（せいかい）は「責任を免れるために、嘘の報告をした。」です。「免れる（まぬかれる）」は、負（お）うべき義務（ぎむ）や追及（ついきゅう）・責任（せきにん）を逃（まぬか）れて受けないようにするときに使（つか）います。<br><br>■ほかの選択肢（せんたくし）について<br>・「遅刻を〜」：時間に間に合わせる場合は「回避（かいひ）する」を使います。<br>・「危険を〜」：危険（きけん）から離れる場合は「避ける（さける）」を使います。<br>・「病気を〜」：健康（けんこう）を保つ場合は「予防（よぼう）する」を使います。<br><br>動詞（どうし）の正確（せいかく）な対象（たいしょう）を問（と）う発展（はってん）レベルの問題（もんだい）です。
JLPT_LK_N2_1130,言語知識,語彙,用法,3,<u>打ち明ける</u>,長年の悩みを友人に打ち明けた。,秘密の計画を書類に打ち明けた。,自分の意見を会議で打ち明けた。,新しいアイディアをノートに打ち明けた。,長年の悩みを友人に打ち明けた。,【解説】<br>正解（せいかい）は「長年の悩みを友人に打ち明けた。」です。「打ち明ける（うちあける）」は、人に言えなかった秘密（ひみつ）や心の中の思いを信頼（しんらい）できる人に隠（かく）さず話すという意味（いみ）で使（つか）います。<br><br>■ほかの選択肢（せんたくし）について<br>・「書類に〜」：文章（ぶんしょう）に書く場合は「記載（きさい）した」を使います。<br>・「会議で〜」：みんなの前で話す場合は「発表（はっぴょう）した」を使います。<br>・「ノートに〜」：メモする場合は「書き留めた（かきとめた）」を使います。<br><br>複合動詞（ふくごうどうし）の適切な場面（ばめん）を問（と）う標準（ひょうじゅん）的な問題（もんだい）です。
JLPT_LK_N2_1131,言語知識,語彙,語形成,1,地震（じしん）などの緊急（きんきゅう）時には、______避難（ひなん）場所（ばしょ）に集（あつ）まってください。,最寄りの,最寄り,近寄りの,近寄り,最寄りの,【解説】<br>正解（せいかい）は「最寄りの（もよりの）」です。「最寄（もよ）り」は「一番（いちばん）近い場所（ばしょ）」という意味（いみ）で、「最寄りの〜」の形で名詞（めいし）を修飾（しゅうしょく）します。<br><br>■ほかの選択肢（せんたくし）について<br>・「最寄り」：後ろに「の」がないと、直接（ちょくせつ）名詞につなげることができません。<br>・「近寄りの」「近寄り」：このような言葉（ことば）の組み合わせはありません。<br><br>これはN2の基礎（きそ）的な語形成（ごけいせい）・修飾（しゅうしょく）表現（ひょうげん）の問題（もんだい）です。
JLPT_LK_N2_1132,言語知識,語彙,語形成,4,新薬（しんやく）の開発（かいはつ）に向け、研究（けんきゅう）チームの______化を図（はか）る。,活性,活発,活用,活力,活性,【解説】<br>正解（せいかい）は「活性（かっせい）」です。「活性化（かっせいか）」で、「組織（そしき）や機能（きのう）を元気に活動（かつどう）させること」という意味（いみ）の決（き）まった表現（ひょうげん）になります。<br><br>■ほかの選択肢（せんたくし）について<br>・「活発（かっぱつ）」：「活発化（かっぱつか）」とも言いますが、チームや組織を元気にする場合は「活性化」がより自然（しぜん）です。<br>・「活用（かつよう）」「活力（かつりょく）」：「活用化」「活力化」という言葉（ことば）はありません。<br><br>接尾語（せつびご）の結びつきを問（と）う応用（おうよう）レベルの問題（もんだい）です。
JLPT_LK_N2_1133,言語知識,語彙,文脈規定,2,友達（ともだち）に秘密（ひみつ）を教（おし）えられていたのに、______話してしまった。,うっかり,すっきり,しっかり,ぴったり,うっかり,【解説】<br>正解（せいかい）は「うっかり」です。「うっかり」は、注意（ちゅうい）が足りずに、意識（いしき）しないまま失敗（しっぱい）してしまう様子（ようす）を表（あらわ）します。<br><br>■ほかの選択肢（せんたくし）について<br>・「すっきり」：気分（きぶん）がさわやかになる様子（ようす）です。<br>・「しっかり」：確実（かくじつ）に、ちゃんとする様子（ようす）です。<br>・「ぴったり」：サイズや時間がちょうど合う様子（ようす）です。<br><br>これはN2の基本（きほん）的なオノマトペの問題（もんだい）です。
JLPT_LK_N2_1134,言語知識,語彙,文脈規定,5,これまでの主張（しゅちょう）の矛盾（むじゅん）を突かれ、彼は______に詰まった。,返答,返事,応答,回答,返答,【解説】<br>正解（せいかい）は「返答（へんとう）」です。「返答（へんとう）に詰（つ）まる」で、「問いかけや追及（ついきゅう）に対して何と答えたらいいか分からず困（こま）る」という意味（いみ）の決（き）まった表現（ひょうげん）です。<br><br>■ほかの選択肢（せんたくし）について<br>・「返事（へんじ）」：「返事をする」のように日常（にちじょう）の挨拶（あいさつ）などで使います。<br>・「応答（おうとう）」：機械（きかい）や呼びかけに答えることです。<br>・「回答（かいとう）」：アンケートやテストの問いに答えることです。<br><br>コロケーションの厳密（げんみつ）さを問（と）う発展（はってん）レベルの問題（もんだい）です。
JLPT_LK_N2_1135,言語知識,語彙,文脈規定,3,急（きゅう）な坂道（さかみち）を登（のぼ）ったので、息（いき）が______してしまった。,きれて,きれる,きれるように,きれた,きれて,【解説】<br>正解（せいかい）は「きれて」です。「息（いき）が切（き）れる」で、運動（うんどう）などで呼吸（こきゅう）が苦（くる）しくなるという意味（いみ）の慣用句（かんようく）です。文末（ぶんまつ）の「〜てしまう」につながる形（かたち）を選（えら）びます。<br><br>■ほかの選択肢（せんたくし）について<br>・「きれる」「きれるように」「きれた」：「〜てしまう」へ直接（ちょくせつ）つなぐ形（かたち）として不自然（ふしぜん）です。<br><br>標準（ひょうじゅん）的な慣用表現（かんようひょうげん）と文法（ぶんぽう）接続（せつぞく）の問題（もんだい）です。
JLPT_LK_N2_1136,言語知識,語彙,言い換え類義,3,彼（かれ）の対応（たいおう）は実に<u>迅速（じんそく）だ</u>。,素早い,慎重だ,丁寧だ,曖昧だ,素早い,【解説】<br>正解（せいかい）は「素早い（すばやい）」です。「迅速（じんそく）だ」は、動きや対応（たいおう）がとても速い様子（ようす）を表（あらわ）すので、「素早い」と言い換（か）えることができます。<br><br>■ほかの選択肢（せんたくし）について<br>・「慎重だ（しんちょうだ）」：注意深く行うことです。<br>・「丁寧だ（ていねいだ）」：心を込めてちゃんとのことです。<br>・「曖昧だ（あいまいだ）」：はっきりしないことです。<br><br>標準（ひょうじゅん）的な熟語（じゅくご）の言い換え（いいかえ）問題（もんだい）です。
JLPT_LK_N2_1137,言語知識,語彙,言い換え類義,2,古い習慣（しゅうかん）を<u>取り払う</u>。,取り除く,受け入れる,維持する,評価する,取り除く,【解説】<br>正解（せいかい）は「取り除く（とりのぞく）」です。「取り払う（とりはらう）」は、邪魔（じゃま）なものや不要（ふよう）なものを無くすという意味（いみ）になります。<br><br>■ほかの選択肢（せんたくし）について<br>・「受け入れる（うけいれる）」：認めてもらうことです。<br>・「維持する（いじする）」：そのまま保つことです。<br>・「評価する（ひょうかする）」：価値を認めることです。<br><br>基礎（きそ）的な複合動詞（ふくごうどうし）の類義語（るいぎご）問題（もんだい）です。
JLPT_LK_N2_1138,言語知識,語彙,言い換え類義,4,この地域の治安（ちあん）は<u>極めて</u>良好（りょうこう）だ。,非常に,わずかに,なんとか,たまに,非常に,【解説】<br>正解（せいかい）は「非常に（ひじょうに）」です。「極めて（きわめて）」は、程度（てど）がとても高く、最高（さいこう）のレベルに近い状態（じょうたい）を表（あらわ）します。<br><br>■ほかの選択肢（せんたくし）について<br>・「わずかに」：ほんの少しという意味です。<br>・「なんとか」：ギリギリでという意味です。<br>・「たまに」：時々という意味です。<br><br>度合い（どあい）を表（あらわ）す副詞（ふくし）の応用（おうよう）問題（もんだい）です。
JLPT_LK_N2_1139,言語知識,語彙,用法,5,<u>免れる</u>,責任を免れるために、嘘の報告をした。,遅刻を免れるために、走って学校に向かった。,危険を免れるために、安全な場所へ移動した。,病気を免れるために、毎日薬を飲んだ。,責任を免れるために、嘘の報告をした。,【解説】<br>正解（せいかい）は「責任を免れるために、嘘の報告をした。」です。「免れる（まぬかれる）」は、負（お）うべき義務（ぎむ）や追及（ついきゅう）・責任（せきにん）を逃（まぬか）れて受けないようにするときに使（つか）います。<br><br>■ほかの選択肢（せんたくし）について<br>・「遅刻を〜」：時間に間に合わせる場合は「回避（かいひ）する」を使います。<br>・「危険を〜」：危険（きけん）から離れる場合は「避ける（さける）」を使います。<br>・「病気を〜」：健康（けんこう）を保つ場合は「予防（よぼう）する」を使います。<br><br>動詞（どうし）の正確（せいかく）な対象（たいしょう）を問（と）う発展（はってん）レベルの問題（もんだい）です。
JLPT_LK_N2_1140,言語知識,語彙,用法,3,<u>打ち明ける</u>,長年の悩みを友人に打ち明けた。,秘密の計画を書類に打ち明けた。,自分の意見を会議で打ち明けた。,新しいアイディアをノートに打ち明けた。,長年の悩みを友人に打ち明けた。,【解説】<br>正解（せいかい）は「長年の悩みを友人に打ち明けた。」です。「打ち明ける（うちあける）」は、人に言えなかった秘密（ひみつ）や心の中の思いを信頼（しんらい）できる人に隠（かく）さず話すという意味（いみ）で使（つか）います。<br><br>■ほかの選択肢（せんたくし）について<br>・「書類に〜」：文章（ぶんしょう）に書く場合は「記載（きさい）した」を使います。<br>・「会議で〜」：みんなの前で話す場合は「発表（はっぴょう）した」を使います。<br>・「ノートに〜」：メモする場合は「書き留めた（かきとめた）」を使います。<br><br>複合動詞（ふくごうどうし）の適切な場面（ばめん）を問（と）う標準（ひょうじゅん）的な問題（もんだい）です。
JLPT_LK_N2_1141,言語知識,語彙,語形成,1,事故（じこ）を防（ふせ）ぐため、______確認（かくにん）を徹底（てってい）してください。,事前,直前,最前,前置,事前,【解説】<br>正解（せいかい）は「事前（じぜん）」です。「事前（じぜん）確認（かくにん）」で「事（こと）が起（お）こる前（まえ）にあらかじめ確認（かくにん）すること」という意味（いみ）の熟語（じゅくご）になります。<br><br>■ほかの選択肢（せんたくし）について<br>・「直前（ちょくぜん）」：「直前確認」と言（い）うこともありますが、あらかじめ計画（けいかく）して行（おこな）う文脈（ぶんみゃく）では「事前」が一番（いちばん）自然（しぜん）です。<br>・「最前（さいぜん）」：一番（いちばん）前（まえ）の場所（ばしょ）のことです（例：最前列）。<br>・「前置（ぜんち）」：前（まえ）に置（お）くことです（例：前置詞）。<br><br>これはN2の基礎（きそ）的な語形成（ごけいせい）の問題（もんだい）です。
JLPT_LK_N2_1142,言語知識,語彙,語形成,4,新薬（しんやく）の開発（かいはつ）によって、この病気（びょうき）の治癒（ちゆ）______は大幅（おおはば）に向上（こうじょう）した。,率,度,性,感,率,【解説】<br>正解（せいかい）は「率（りつ）」です。「治癒率（ちゆりつ）」で「病気（びょうき）が治（なお）った割合（わりあい）」という意味（いみ）の専門（せんもん）的な熟語（じゅくご）になります。<br><br>■ほかの選択肢（せんたくし）について<br>・「度（ど）」：達成度（たっせいど）などで使（つか）いますが、治癒（ちゆ）には接尾語（せつびご）「率」を使（つか）います。<br>・「性（せい）」：性質（せいしつ）を表（あらわ）す言葉（ことば）です（例：安全性）。<br>・「感（かん）」：感覚（かんかく）を表（あらわ）す言葉（ことば）です（例：安心感）。<br><br>正確（せいかく）な接尾語（せつびご）の選択（せんたく）を問（と）う応用（おうよう）レベルの問題（もんだい）です。
JLPT_LK_N2_1143,言語知識,語彙,文脈規定,2,長年（ながねん）の夢（ゆめ）だった自分の店を、______開（ひら）くことができた。,ついに,すでに,うっかり,さっそく,ついに,【解説】<br>正解（せいかい）は「ついに」です。「ついに」は、長い時間の努力（どりょく）や期待（きたい）のあとに、最終的（さいしゅうてき）に実現（じつげん）した様子（ようす）を表（あらわ）します。<br><br>■ほかの選択肢（せんたくし）について<br>・「すでに」：もう完了（かんりょう）している状態（じょうたい）を表（あらわ）します。<br>・「うっかり」：注意（ちゅうい）が足りなくて失敗（しっぱい）する様子（ようす）です。<br>・「さっそく」：機会（きかい）をとらえてすぐに動（うご）く様子（ようす）です。<br><br>これはN2の基本（きほん）的な副詞（ふくし）の問題（もんだい）です。
JLPT_LK_N2_1144,言語知識,語彙,文脈規定,5,彼（かれ）の軽率（けいそつ）な言動（げんどう）が、周囲（しゅうい）の______を買（か）ってしまった。,反感,反発,反動,反論,反感,【解説】<br>正解（せいかい）は「反感（はんかん）」です。「反感（はんかん）を買（か）う」で「他者（たしゃ）から不快（ふかい）に思（お）われたり怒（いか）りを招（まね）いたりする」という意味（いみ）の慣用（かんよう）表現（ひょうげん）です。<br><br>■ほかの選択肢（せんたくし）について<br>・「反発（はんぱつ）」：「反発を招く」や「反発が生じる」のように使い、「買う」とは接続（せつぞく）しません。<br>・「反動（はんどう）」：勢（いきの）いの反動（はんどう）などの意味（いみ）です。<br>・「反論（はんろん）」：言い返す（いいかえす）ことです（例：反論を唱える）。<br><br>動詞（どうし）との厳密（げんみつ）なコロケーションを問（と）う発展（はってん）レベルの問題（もんだい）です。
JLPT_LK_N2_1145,言語知識,語彙,文脈規定,3,新（あたら）しい環境（かんきょう）に生活（せいかつ）の拠点（きょてん）を______、再（ふたた）び歩（あゆ）み始（はじ）めた。,据えて,据え付けて,据え置いて,据えかねて,据えて,【解説】<br>正解（せいかい）は「据えて（すえて）」です。「拠点（きょてん）を据（す）える」で「生活（せいかつ）や活動（かつどう）の基盤（きばん）をしっかり置（お）く」という意味（いみ）になります。<br><br>■ほかの選択肢（せんたくし）について<br>・「据え付けて（すえつけて）」：機械（きかい）や家具（かぐ）を固定（こてい）して設置（せっち）することです。<br>・「据え置く（すえおく）」：値段（ねだん）や立場（たちば）を変（か）えずにそのままにすることです。<br>・「据えかねる」：このような表現（ひょうげん）はありません（「見るに見かねる」などはあります）。<br><br>慣用（かんよう）的（てき）な動詞（どうし）の結（むす）びつきを問（と）う標準（ひょうじゅん）的な問題（もんだい）です。
JLPT_LK_N2_1146,言語知識,語彙,言い換え類義,3,彼（かれ）の判断（はんだん）はいつも<u>客観的（きゃっかんてき）だ</u>。,冷静で偏りがない,情に流されやすい,感情的で激しい,複雑でわかりにくい,冷静で偏りがない,【解説】<br>正解（せいかい）は「冷静で偏りがない（れいせいでかたよりがない）」です。「客観的（きゃっかんてき）」は、自分（じぶん）の個人的（こじんてき）な感情（かんじょう）を入れず、だれが見（み）ても納得（なっとく）できるように第三者（だいさんしゃ）の視点（してん）で物事（ものごと）を見（み）る様子（ようす）を表（あらわ）します。<br><br>■ほかの選択肢（せんたくし）について<br>・「情に流されやすい」：「主観的（しゅかんてき）」や感情的（かんじょうてき）に近い意味（いみ）です。<br>・「感情的で激しい」：客観（きゃっかん）の反対（はんたい）の意味（いみ）です。<br>・「複雑でわかりにくい」：難（むずか）しいという意味（いみ）です。<br><br>標準（ひょうじゅん）的な熟語（じゅくご）の言い換え（いいかえ）問題（もんだい）です。
JLPT_LK_N2_1147,言語知識,語彙,言い換え類義,2,事態（じたい）を<u>収拾（しゅうしゅう）する</u>。,片付ける,拡大する,悪化させる,観察する,片付ける,【解説】<br>正解（せいかい）は「片付ける（かたづける）」です。「収拾（しゅうしゅう）する」は、混乱（こんらん）した状態（じょうたい）やトラブルを落ち着かせて、元（もと）通りに整（ととの）える（片付ける）という意味（いみ）です。<br><br>■ほかの選択肢（せんたくし）について<br>・「拡大する（かくだいする）」：広（ひろ）げることです。<br>・「悪化させる（あっかさせる）」：ひどくすることです。<br>・「観察する（かんさつする）」：よく見（み）ることです。<br><br>基礎（きそ）的な熟語（じゅくご）の類義語（るいぎご）問題（もんだい）です。
JLPT_LK_N2_1148,言語知識,語彙,言い換え類義,4,<u>密（みつ）に</u>連絡を取り合う。,細かく頻繁に,たまに思い出したように,大雑把に簡単に,一方的に強く,細かく頻繁に,【解説】<br>正解（せいかい）は「細かく頻繁に（こまかくひんぱんに）」です。「密（みつ）に」は、隙間（すきま）がないほど関係（かんけい）ややり取りが丁寧（ていねい）で頻繁（ひんぱん）な様子（ようす）を表（あらわ）します。<br><br>■ほかの選択肢（せんたくし）について<br>・「たまに思い出したように」：ときどきという意味（いみ）で反対（はんたい）に近（ちか）いです。<br>・「大雑把に簡単に」：いい加減（かげん）という意味（いみ）です。<br>・「一方的に強く」：相手（あいて）を無視（むし）してという意味（いみ）です。<br><br>副詞（ふくし）的（てき）なナ形容詞（けいようし）の応用（おうよう）問題（もんだい）です。
JLPT_LK_N2_1149,言語知識,語彙,用法,5,<u>みなす</u>,無断で30分以上遅刻した場合、不合格とみなします。,彼は自分の間違いを素直に謝罪とみなした。,友達からのプレゼントを大事な思い出とみなして飾った。,天気が悪いので、今日のイベントを中止とみなした。,無断で30分以上遅刻した場合、不合格とみなします。,【解説】<br>正解（せいかい）は「無断で30分以上遅刻した場合、不合格とみなします。」です。「みなす」は、公的（こうてき）な規則（きそく）や基準（きじゅん）において「〜という扱い（あつかい）として決定（けってい）する」という意味（いみ）で使（つか）います。<br><br>■ほかの選択肢（せんたくし）について<br>・「謝罪と〜」：自分で受（う）け止（と）める場合は「受け止めた」や「認めた」を使（つか）います。<br>・「思い出と〜」：感情（かんじょう）を込（こ）める場合は「思って（おもって）」を使（つか）います。<br>・「中止と〜」：判断（はんだん）して決定（けってい）する場合は「決定した（けっていした）」を使（つか）います。<br><br>制度（せいど）やルールにおける正確（せいかく）な使い方（つかいかた）を問（と）う発展（はってん）レベルの問題（もんだい）です。
JLPT_LK_N2_1150,言語知識,語彙,用法,3,<u>励ます</u>,落ち込んでいる友人を優しい言葉で励ました。,毎朝早く起きるために自分を励ました。,試験の点数を上げるために教科書を励ました。,部屋を綺麗に保つために掃除を励ました。,落ち込んでいる友人を優しい言葉で励ました。,【解説】<br>正解（せいかい）は「落ち込んでいる友人を優しい言葉で励ました。」です。「励ます（はげます）」は、元気（げんき）や自信（じしん）を失（うしな）っている人（ひと）に向けて、元気（げんき）が出るように言葉（ことば）をかけるという意味（いみ）で使（つか）います。<br><br>■ほかの選択肢（せんたくし）について<br>・「自分を〜」：自分（じぶん）の気持ちを高（たか）める場合は「言い聞かせた（いいきかせた）」や「奮い立たせた（ふるいたたせた）」を使（つか）います。<br>・「教科書を〜」：物（もの）には使（つか）えません。<br>・「掃除を〜」：努力（どりょく）して行（おこな）う場合は「励んだ（はげんだ）」という自動詞（じどうし）を使（つか）います。<br><br>対象（たいしょう）となる相手（あいて）や自動詞（じどうし）・他動詞（たどうし）の混同（こんどう）を問（と）う標準（ひょうじゅん）的な問題（もんだい）です。
JLPT_LK_N2_1151,言語知識,語彙,語形成,1,事故（じこ）を未然（みぜん）に防（ふせ）ぐため、______点検（てんけん）を実施（じっし）する。,定期,定例,定常,定格,定期,【解説】<br>正解（せいかい）は「定期（ていき）」です。「定期点検（ていきてんけん）」で、「決められた時間（じかん）や時期（じき）ごとに行う点検」という意味の決まった言葉になります。<br><br>■ほかの選択肢（せんたくし）について<br>・「定例（ていれい）」：決まった会議などに使います（例：定例会議）。<br>・「定常（ていじょう）」：常に一定で変化がない状態のことです。<br>・「定格（ていかく）」：機器などの規定の仕様のことです。<br><br>これはN2の基礎（きそ）的な語形成の問題です。
JLPT_LK_N2_1152,言語知識,語彙,語形成,5,長年（ながねん）の議論（ぎろん）を経て、ついに条約（じょうやく）が______結された。,締,結,締結,調,締,【解説】<br>正解（せいかい）は「締（てい）」です。「締結（ていけつ）する」で、「国家間や企業間で契約や条約を結ぶこと」を意味します。空欄の直後に「結」があるため、「締」が入ることで「締結」となります。<br><br>■ほかの選択肢（せんたくし）について<br>・「結」：「結結」という熟語はありません。<br>・「締結」：重複してしまい「締結結」となるため不適切です。<br>・「調」：「調結」という漢字の組み合わせはありません。<br><br>漢字一文字による語形成の発展（はってん）レベルの問題です。
JLPT_LK_N2_1153,言語知識,語彙,文脈規定,2,約束（やくそく）の時間に遅れそうになって、______駆け込んだ。,慌てて,うっかり,すっきり,しっかり,慌てて,【解説】<br>正解（せいかい）は「慌てて（あわてて）」です。「慌てて」は、時間がなくて急いだり落ち着かずに対応したりする様子を表します。<br><br>■ほかの選択肢（せんたくし）について<br>・「うっかり」：注意が足りずに失敗する様子です。<br>・「すっきり」：気分がさわやかになる様子です。<br>・「しっかり」：確実で十分に行う様子です。<br><br>これはN2の基本（きほん）的な副詞の問題です。
JLPT_LK_N2_1154,言語知識,語彙,文脈規定,4,相手（あいて）の熱意（ねつい）に______されて、計画（けいかく）への参加（さんか）を決めた。,圧倒,押圧,圧迫,圧倒,圧倒,【解説】<br>正解（せいかい）は「圧倒（あっとう）」です。「圧倒される」で、「相手の力や熱意・勢いに負けて押される、引き込まれる」という意味になります。<br><br>■ほかの選択肢（せんたくし）について<br>・「押圧（おうあつ）」：手や指で押すことです。<br>・「圧迫（あっぱく）」：物理的・心理的に強く圧力をかけることです。<br>・「圧倒」：このような熟語はありません。<br><br>受身形でのコロケーションを問う応用（おうよう）レベルの問題です。
JLPT_LK_N2_1155,言語知識,語彙,文脈規定,3,会議（かいぎ）の進め方について、意見（いけん）が______して結論が出ない。,対立,対抗,対照,対比,対立,【解説】<br>正解（せいかい）は「対立（たいりつ）」です。「意見が対立する」で、「双方の考え方や立場が反対になって分かれる」という意味になります。<br><br>■ほかの選択肢（せんたくし）について<br>・「対抗（たいこう）」：相手に対抗して競い合うことです。<br>・「対照（たいしょう）」：二つのものを照らし合わせて比べることです。<br>・「対比（たいひ）」：違いを際立たせるために並べて比べることです。<br><br>標準（ひょうじゅん）的な和語・漢語の結びつきの問題です。
JLPT_LK_N2_1156,言語知識,語彙,言い換え類義,3,彼の言葉には<u>偽り（いつわり）</u>がない。,嘘,秘密,失敗,遠慮,嘘,【解説】<br>正解（せいかい）は「嘘（うそ）」です。「偽り（いつわり）」は、「事実ではないこと・真実ではないこと」を意味するため、「嘘」に言い換えることができます。<br><br>■ほかの選択肢（せんたくし）について<br>・「秘密（ひみつ）」：人に知られないように隠していることです。<br>・「失敗（しっぱい）」：うまく行かないことです。<br>・「遠慮（えんりょ）」：控えめにすることです。<br><br>標準（ひょうじゅん）的な和語の言い換え問題です。
JLPT_LK_N2_1157,言語知識,語彙,言い換え類義,1,景気が<u>急速に</u>回復している。,あっという間に,じわじわと,だんだんと,そろそろ,あっという間に,【解説】<br>正解（せいかい）は「あっという間に」です。「急速に（きゅうそくに）」は「進み方が非常に速い様子」を表すため、「あっという間に」が最も近いです。<br><br>■ほかの選択肢（せんたくし）について<br>・「じわじわと」：少しずつゆっくり変化する様子です。<br>・「だんだんと」：徐々に変化する様子です。<br>・「そろそろ」：間もなくその時が来る様子です。<br><br>基礎（きそ）的な副詞の類義語問題です。
JLPT_LK_N2_1158,言語知識,語彙,言い換え類義,4,この規定はあらゆる場面に<u>適応（てきおう）する</u>。,当てはまる,当て外れる,当てこする,当てつける,当てはまる,【解説】<br>正解（せいかい）は「当てはまる（あてはまる）」です。「適応（てきおう）する / 適用（てきよう）する」に近い意味として、条件や基準に「当てはまる」と言い換えることができます。<br><br>■ほかの選択肢（せんたくし）について<br>・「当て外れる」：予想が外れることです。<br>・「当てこする」：遠回しに嫌味を言うことです。<br>・「当てつける」：わざと不満などを態度で示すことです。<br><br>複合動詞の正確な類義語を問う応用（おうよう）レベルの問題です。
JLPT_LK_N2_1159,言語知識,語彙,用法,2,<u>あらかじめ</u>,到着時間をあらかじめ連絡しておいた。,あらかじめ昨日から雨が降っている。,友達の家にあらかじめ遊びに行った。,宿題をあらかじめ忘れてしまった。,到着時間をあらかじめ連絡しておいた。,【解説】<br>正解（せいかい）は「到着時間をあらかじめ連絡しておいた。」です。「あらかじめ」は、「事をする前に、前もって」準備や連絡などを行う際に使います。<br><br>■ほかの選択肢（せんたくし）について<br>・「〜昨日から雨が」：過去や継続中の状態には使えません。<br>・「〜遊びに行った」：単なる動作には不自然です（「あらかじめ約束して」などなら可）。<br>・「〜忘れてしまった」：意図しない不注意には使えません。<br><br>副詞の正しい用法を問う基本（きほん）問題です。
JLPT_LK_N2_1160,言語知識,語彙,用法,5,<u>免れる</u>,彼は運よく大事故での怪我を免れた。,遅刻を免れるために全力で走った。,試験の不合格を免れるために勉強した。,雨に濡れるのを免れるために傘を買った。,彼は運よく大事故での怪我を免れた。,【解説】<br>正解（せいかい）は「彼は運よく大事故での怪我を免れた。」です。「免れる（まぬかれる）」は、本来被るはずだった被害・災害・責任・罰などの望ましくない事態を逃れる場合に使います。<br><br>■ほかの選択肢（せんたくし）について<br>・「遅刻を〜」：日常の約束や時間に遅れることには「回避する」「防ぐ」を使います。<br>・「不合格を〜」：試験の結果などには「回避する」「避ける」を使います。<br>・「雨に濡れるのを〜」：物理的な濡れや汚れには「避ける」「防ぐ」を使います。<br><br>動詞の文脈的対象を厳密に問う発展（はってん）レベルの問題です。
JLPT_LK_N2_1161,言語知識,語彙,語形成,1,事故の原因については、まだ調べる必要があり、 ______ 解決のままだ。,不,非,未,無,未,この問題は基礎（きそ）レベルの接頭語（せっとうご）に関する問題です。<br>「まだ〜していない」という意味（いみ）をつくるときは「未（み）」を使います。「未解決（みかいけつ）」は、まだ問題が解決（かいけつ）していない状態（じょうたい）を表（あらわ）します。<br>「不（ふ）」は「不便（ふべん）」のように不十分（ふじゅうぶん）なことを表します。「非（ひ）」は「非常識（ひじょうしき）」のようにそうではないことを表します。「無（む）」は「無料（むりょう）」のようにないことを表します。正解は「未」です。
JLPT_LK_N2_1162,言語知識,語彙,語形成,3,異文化で生活することで、物事に対する新しい ______ 観が生まれた。,価値,評価,感情,意見,価値,この問題は標準（ひょうじゅん）的なレベルの複合語（ふくごうご）の問題です。<br>「価値観（かちかん）」は、何に価値（かち）があるかという考え方（かんがえかた）のことです。「価値観が生まれる」という言葉（ことば）の組み合わせ（コロケーション）が最も自然（しぜん）です。<br>「評価観（ひょうかかん）」や「感情観（かんじょうかん）」、「意見観（いけんかん）」という言葉は日本語にありません。正解は「価値」です。
JLPT_LK_N2_1163,言語知識,語彙,文脈規定,2,冬に備えて、動物たちは体内に栄養を ______ いる。,蓄えて,抱えて,備え付けて,治めて,蓄えて,この問題は基本（きほん）的なレベルの問題です。<br>「蓄える（たくわえる）」は、将来（しょうらい）のために物や力（ちから）をためておくという意味です。「栄養（えいよう）を蓄える」という使い方が正しいです。<br>「抱える（かかえる）」は手や腕（うで）で持つことや、悩みを持つことです。「備え付ける（そなえつける）」は機械（きかい）や家具（かぐ）を設置（せっち）することです。「治める（おさめる）」は国（くに）や地域（ちいき）をコントロールすることです。正解は「蓄えて」です。
JLPT_LK_N2_1164,言語知識,語彙,文脈規定,3,友人のあまりにおかしい失敗談を聞いて、 ______ 吹き出してしまった。,思わず,意図的に,あらかじめ,割と,思わず,この問題は標準（ひょうじゅん）的なレベルの副詞（ふくし）の問題です。<br>「思わず（おもわず）」は、自分の意識（いしき）ではなく、自然（しぜん）にそうなってしまう様子（ようす）を表（あらわ）します。「おもしろくて思わず笑（わら）う」という文脈（ぶんみゃく）にぴったり合います。<br>「意図的に（いとてきに）」はわざと行うことです。「あらかじめ」は事前（じぜん）に準備（じゅんび）することです。「割と（わりと）」は普通（ふつう）より少し上という意味です。正解は「思わず」です。
JLPT_LK_N2_1165,言語知識,語彙,文脈規定,4,この地域は、ここ数年で ______ 経済成長を遂げた。,著しい,まぶしい,たくましい,頼もしい,著しい,この問題は応用（おうよう）レベルの少し難しいイディオム・形容詞（けいようし）の問題です。<br>「著しい（いちじるしい）」は、変化（へんか）や発達（はったつ）がとてもはっきりしていて目立つ様子を表します。「著しい成長（せいちょう）」という組み合わせでよく使います。<br>「まぶしい」は光（ひかり）が強いことです。「たくましい」は体が強くて頼りになることです。「頼もしい（たのもしい）」は安心（あんしん）できることです。正解は「著しい」です。
JLPT_LK_N2_1166,言語知識,語彙,言い換え類義,2,薬を飲んだおかげで、熱が <u>幾分</u> 下がってきた。,少し,大幅に,完全に,急に,少し,この問題は基本（きほん）的なレベルの類義語（るいぎご）の問題です。<br>「幾分（いくぶん）」は「少し（すこし）」や「いくらか」という意味の副詞（ふくし）です。熱（ねつ）が少し下（さ）がったことを表すので、「少し」が同じ意味になります。<br>「大幅に（おおはばに）」は大（おお）きくという意味です。「完全に（かんぜんに）」は100%という意味です。「急に（きゅうに）」は短時間（たんじかん）で突然（とつぜん）という意味です。正解は「少し」です。
JLPT_LK_N2_1167,言語知識,語彙,言い換え類義,4,会議の前に、配られた資料に <u>ざっと</u> 目を通しておいてください。,大まかに,慎重に,完全に,順番に,大まかに,この問題は応用（おうよう）レベルのオノマトペ・副詞問題です。<br>「ざっと」は、細（こま）かく見ないで全体（ぜんたい）を「大まかに（おおまかに）」確認（かくにん）する様子を表します。「ざっと目を通す」は「大まかに見る」という意味です。<br>「慎重に（しんちょうに）」は注意深く丁寧に行うことです。「完全に（かんぜんに）」は全部残さず行うことです。「順番に（じゅんばんに）」は順序（じゅんじょ）を守ることです。正解は「大まかに」です。
JLPT_LK_N2_1168,言語知識,語彙,用法,1,<u>省く</u>,説明を長々とすると時間がかかるので、細かい部分は省きます。,予算が足りないので、旅行の計画を全部省くことにした。,太ってきたので、毎日の食事から野菜を省いた。,部屋が狭いので、いらない家具を外に省いた。,説明を長々とすると時間がかかるので、細かい部分は省きます。,この問題は基礎（きそ）レベルの動詞（どうし）の用法問題です。<br>「省く（はぶく）」は、全体（ぜんたい）の中からいらない部分（ぶぶん）や必要（ひつよう）ない手続き（てつづき）を取り除く（とりのぞく）ときに使います。「説明（せつめい）を省く」という使い方が正解です。<br>旅行の計画をやめる場合は「取りやめる」を使います。食事から特定の物を抜く場合は「除外（じょがい）する」や「避ける（さける）」を使います。家具を外に出す場合は「処分（しょぶん）する」や「出す」を使います。正解は「説明を長々とすると時間がかかるので、細かい部分は省きます。」です。
JLPT_LK_N2_1169,言語知識,語彙,用法,5,<u>あいにく</u>,本日はあいにくの悪天候ですが、イベントを開催いたします。,あいにく努力したおかげで、無事に試験に合格することができた。,友達の結婚式にあいにく招待されて、とてもうれしかった。,あいにく天気が良いので、洗濯物を外に干すことにした。,本日はあいにくの悪天候ですが、イベントを開催いたします。,この問題は高度（こうど）・発展（はってん）レベルの問題です。<br>「あいにく」は、自分の希望（きぼう）とは違って（ちがって）都合（つごう）が悪い（わるい）ことや、残念（ざんねん）な状況（じょうきょう）を表（あらわ）すときに使います。「あいにくの悪天候（あくてんこう）」という使い方が正解です。<br>努力して成功した良い結果や、結婚式に招待されて嬉しいこと、天気が良いことなど、都合が良いことや嬉しい場面で「あいにく」を使うのは間違いです。正解は「本日はあいにくの悪天候ですが、イベントを開催いたします。」です。
JLPT_LK_N2_1170,言語知識,語彙,用法,5,<u>手際</u>,彼は手際がよく、短時間でいくつもの料理を作り上げた。,この文章はとても手際がよく書かれていて、心が感動する。,彼の足の速さはとても手際がよく、陸上大会で一番になった。,新しいスマホの手際がわからないので、説明書を読んだ。,彼は手際がよく、短時間でいくつもの料理を作り上げた。,この問題は高度（こうど）・発展（はってん）レベルの難（むずか）しい問題です。<br>「手際（てぎわ）」は、仕事（しごと）や作業（さぎょう）を進める処理（しょり）の仕方の手際のよさを表します。「料理（りょうり）の手際がよい」という使い方が自然で正解です。<br>文章の書き方の場合は「上手（じょうず）に書かれている」、足の速さの場合は「足が速い（はやい）」、機器（きき）の使い方や操作方法の場合は「使い方（つかいかた）」や「操作（そうさ）」と言うのが正解です。正解は「彼は手際がよく、短時間でいくつもの料理を作り上げた。」です。
JLPT_LK_N2_1171,言語知識,語彙,語形成,2,現代の医療は、______ 度の高い技術によって多くの命を救っている。,高,重,大,深,高,この問題は基本（きほん）レベルの語形成（ごけいせい）の問題です。<br>「技術（ぎじゅつ）」や「専門性（せんもんせい）」のレベルが高いことを表（あらわ）すときは「高度（こうど）」と言います。<br>「重度（じゅうど）」は病気（びょうき）や障害（しょうがい）が重い（おもい）ときに使います。「大度」や「深度」という言葉は使いません。正解は「高」です。
JLPT_LK_N2_1172,言語知識,語彙,語形成,4,世界中で地球 ______ 化が問題になっており、対策が求められている。,温暖,高温,熱帯,炎暑,温暖,この問題は応用（おうよう）レベルの語形成（ごけいせい）の問題です。<br>地球全体（ちきゅうぜんたい）の気温（きおん）が上がる環境問題（かんきょうもんだい）は「地球温暖化（ちきゅうおんだんか）」と言います。<br>「高温化（こうおんか）」や「熱帯化（ねったいか）」、「炎暑化（えんしょか）」という言葉は、この用語（ようご）としては使われません。正解は「温暖」です。
JLPT_LK_N2_1173,言語知識,語彙,文脈規定,1,メンバーが全員 ______ から、本日のミーティングを始めます。,揃って,混ざって,重なって,固まって,揃って,この問題は基礎（きそ）レベルの動詞（どうし）の問題です。<br>必要な人（ひと）や物（もの）がすべて集まる（あつまる）ことを「揃う（そろう）」と言います。「全員（ぜんいん）が揃ってから」という表現（ひょうげん）が最も自然（しぜん）です。<br>「混ざる（まざる）」は別の物が一緒になることです。「重なる（かさなる）」は上下に重なることです。「固まる（かたまろ）」は硬くなることです。正解は「揃って」です。
JLPT_LK_N2_1174,言語知識,語彙,文脈規定,3,去年と比べて、今年の売り上げは ______ 増えただけで、ほぼ同じだ。,わずかに,大いに,まるで,一切,わずかに,この問題は標準（ひょうじゅん）的なレベルの副詞（ふくし）の問題です。<br>「わずかに」は「ほんの少し（すこし）」という意味（いみ）を表（あらわ）します。「ほぼ同じ」という文脈（ぶんみゃく）にぴったり合います。<br>「大いに（おおいに）」はとても多くという意味です。「まるで」は比喩（ひゆ）で使います。「一切（いっさい）」は打ち消し（うちけし）の言葉と一緒に使います。正解は「わずかに」です。
JLPT_LK_N2_1175,言語知識,語彙,文脈規定,5,明日の重要なテストに ______ と困るので、今夜は酒を飲まないでおく。,差し支える,追いつく,立ち向かう,割り込む,差し支える,この問題は高度（こうど）・発展（はってん）レベルの問題です。<br>「差し支える（さしつかえる）」は、支障（ししょう）が出る、邪魔（じゃま）になる、都合（つごう）が悪くなるという意味（いみ）です。「仕事やテストに差し支える」という使い方が正解です。<br>「追いつく（おいつく）」は前に追いつくことです。「立ち向かう（たちむかう）」は問題に逃げず対応することです。「割り込む（わりこむ）」は間に入り込むことです。正解は「差し支える」です。
JLPT_LK_N2_1176,言語知識,語彙,言い換え類義,2,彼は有名なお金持ちだが、いつも <u>質素</u> な生活を送っている。,派手ではない,にぎやかな,複雑な,規則正しい,派手ではない,この問題は基本（きほん）的なレベルの類義語（るいぎご）の問題です。<br>「質素（しっそ）」は、無駄（むだ）な使い（つかい）をせず、飾り（かざり）がないシンプルな様子（ようす）を表（あらわ）します。そのため「派手（はで）ではない」が同じ意味になります。<br>「にぎやか」は人が多くて騒がしいことです。「複雑（ふくざつ）」はわかりにくいことです。「規則正しい（きそくだだしい）」はルール通りに行うことです。正解は「派手ではない」です。
JLPT_LK_N2_1177,言語知識,語彙,言い換え類義,3,資料の説明で足りない部分を <u>補足</u> してください。,付け加えて,取り消して,整理して,隠して,付け加えて,この問題は標準（ひょうじゅん）的なレベルの類義語（るいぎご）の問題です。<br>「補足（ほそく）する」は、不十分（ふじゅうぶん）なところや足りない部分を「付け加える（つけくわえる）」という意味です。<br>「取り消す（とりけす）」はやめることです。「整理（せいり）する」は片付けることです。「隠す（かくす）」は見えないようにすることです。正解は「付け加えて」です。
JLPT_LK_N2_1178,言語知識,語彙,用法,1,<u>削る</u>,今月の生活費を節約するために、外食の回数を削った。,伸びてきた髪の毛が邪魔になったので、ハサミで綺麗に削った。,時間に遅れそうだったので、走って距離を削った。,壊れた自転車の部品を新しく削って、修理を完了した。,今月の生活費を節約するために、外食の回数を削った。,この問題は基礎（きそ）レベルの動詞（どうし）の用法問題です。<br>「削る（けずる）」は、全体（ぜんたい）の中から数量（すうりょう）や費用（ひよう）、時間などを減らす（へらす）ときに使います。「外食（がいしょく）の回数を削る」という使い方が正しいです。<br>髪の毛を切る場合は「切る（きる）」を使います。距離を小さくする場合は「縮める（ちぢめる）」を使います。部品を新しくする場合は「交換（こうかん）する」を使います。正解は「今月の生活費を節約するために、外食の回数を削った。」です。
JLPT_LK_N2_1179,言語知識,語彙,用法,4,<u>漠然</u>,将来の進路について、まだ漠然としたイメージしか持っていない。,彼の説明は漠然としていてわかりやすく、全員がすぐに理解できた。,激しい運動をしたので、お腹が漠然と空いてきた。,部屋の中が漠然と散らかっているので、掃除をする必要がある。,将来の進路について、まだ漠然としたイメージしか持っていない。,この問題は応用（おうよう）レベルの難解（なんかい）な語彙問題です。<br>「漠然（ばくぜん）」は、内容（ないよう）がはっきりせず、ぼんやりしている様子（ようす）を表（あらわ）します。「漠然としたイメージ」という使い方が正解です。<br>説明がわかりやすいときは「明確（めいかく）に」、お腹がすごく空いたときは「非常に（ひじょうに）」、部屋がひどく散らかっているときは「かなり」などの言葉を使います。正解は「将来の進路について、まだ漠然としたイメージしか持っていない。」です。
JLPT_LK_N2_1180,言語知識,語彙,用法,5,<u>膨らむ</u>,新しいビジネスの計画を聞いて、今後の夢や期待が大きく膨らんだ。,雨がたくさん降ったので、川の水が膨らんで危険な状態だ。,毎日練習を続けた結果、ピアノの技術がかなり膨らんだ。,風が強く吹いたため、庭の木々が大きく膨らんだ。,新しいビジネスの計画を聞いて、今後の夢や期待が大きく膨らんだ。,この問題は高度（こうど）・発展（はってん）レベルの動詞問題です。<br>「膨らむ（ふくらむ）」は、期待（きたい）や夢（ゆめ）、計画（けいかく）、借金（しゃっきん）などのイメージやスケールが大きくなる場面（ばめん）で使われます。「期待が膨らむ」という使い方が正解です。<br>川の水量が増える場合は「増える（ふえる）」、技術が高くなる場合は「上達（じょうたつ）する」、風で木が動く場合は「揺れる（ゆれる）」を使います。正解は「新しいビジネスの計画を聞いて、今後の夢や期待が大きく膨らんだ。」です。
JLPT_LK_N2_1181,言語知識,語彙,語形成,3,この商品は厳しいテストをクリアしており、高い安全 ______ が確認されている。,性,化,感,度,性,この問題は標準（ひょうじゅん）的なレベルの接尾語（せつびご）の問題です。<br>「安全（あんぜん）」という言葉（ことば）のあとに「性（せい）」をつけて「安全性（あんぜんせい）」とすると、「安全であることの程度（ていど）や性質（せいしつ）」という意味（いみ）になります。<br>「安全化」や「安全感」、「安全度」という表現（ひょうげん）は、この文脈（ぶんみゃく）では使われません。正解は「性」です。
JLPT_LK_N2_1182,言語知識,語彙,語形成,1,今年度は天候に恵まれ、お米の生産 ______ が大幅に増えた。,量,額,高,数,量,この問題は基礎（きそ）レベルの複合語（ふくごうご）の問題です。<br>作られた物（もの）の全体（ぜんたい）の重さ（おもさ）や体積（たいせき）を表（あらわ）すときは「量（りょう）」を使って「生産量（せいさんりょう）」と言います。<br>「生産額（せいさんがく）」はお金（かね）の金額（きんがく）のことです。「生産高（せいさんだか）」も使われますが、「生産高が増えた」より「生産量が増えた」が物自体の量にぴったりです。「生産数」は個数（こすう）を数えるときに使います。正解は「量」です。
JLPT_LK_N2_1183,言語知識,語彙,文脈規定,2,健康を ______ ために、毎日バランスの良い食事と運動を心がけている。,保つ,守る,防ぐ,治す,保つ,この問題は基本（きほん）的なレベルの動詞（どうし）の問題です。<br>「保つ（たもつ）」は、よい状態（じょうたい）をそのまま維持（いじ）するという意味（いみ）です。「健康（けんこう）を保つ」という組み合わせ（コロケーション）が最も自然（しぜん）です。<br>「守る（まもる）」は危険（きけん）から保護（ほご）することです。「防ぐ（ふせぐ）」は悪いことが起きないようにすることです。「治す（なおす）」は病気（びょうき）を元気（げんき）な状態にすることです。正解は「保つ」です。
JLPT_LK_N2_1184,言語知識,語彙,文脈規定,4,彼の私服姿を見て、______ 今日は休日だと思い込んでいた。,てっきり,せっかく,まさに,あいにく,てっきり,この問題は応用（おうよう）レベルの副詞（ふくし）の問題です。<br>「てっきり」は、間違い（まちがい）なのに「絶対に〜だ」と固く（かたく）信じ込んで（しんじこんで）いた様子（ようす）を表（あらわ）します。「てっきり〜だと思っていた」という形でよく使います。<br>「せっかく」は苦労（くろう）して用意（ようい）したことです。「まさに」はちょうど・本当（ほんとう）にという意味です。「あいにく」は都合（つごう）が悪いことです。正解は「てっきり」です。
JLPT_LK_N2_1185,言語知識,語彙,文脈規定,5,配送手続きの不備のせいで、商品の発送が一時的に ______ しまった。,滞って,偏って,傾いて,乱れて,滞って,この問題は高度（こうど）・発展（はってん）レベルの動詞（どうし）の問題です。<br>「滞る（とどこおる）」は、進む（すすむ）はずの物事（ものごと）や仕事（しごと）が途中で止まって（とまって）スムーズに進まなくなることを意味（いみ）します。<br>「偏る（かたよる）」はバランスが崩れることです。「傾く（かたむく）」は斜め（ななめ）になることです。「乱れる（みだれる）」は順番（じゅんばん）や状態がぐちゃぐちゃになることです。正解は「滞って」です。
JLPT_LK_N2_1186,言語知識,語彙,言い換え類義,3,今日の会議では、新しいプロジェクトの計画について <u>おおむね</u> 合意が得られた。,だいたい,急激に,完全に,めったに,だいたい,この問題は標準（ひょうじゅん）的なレベルの類義語（るいぎご）の問題です。<br>「おおむね」は、大部分（だいぶぶん）や全体（ぜんたい）の8割〜9割くらいを表（あらわ）す言葉（ことば）で、「だいたい」と同じ意味（いみ）です。<br>「急激に（きゅうげきに）」は変化（へんか）が速いことです。「完全に（かんぜんに）」は100%ということです。「めったに」は回数（かいすう）がとても少ないことです。正解は「だいたい」です。
JLPT_LK_N2_1187,言語知識,語彙,言い換え類義,5,長い間の努力が実を結び、ついに <u>念願</u> の自分の店を持つことができた。,ずっと望んでいたこと,一時的に考えていたこと,偶然思いついたこと,誰かに頼まれたこと,ずっと望んでいたこと,この問題は高度（こうど）・発展（はってん）レベルの類義語（るいぎご）の問題です。<br>「念願（ねんがん）」は、前から長い間（あいだ）ずっと強く（つよく）心から願って（ねがって）いたこと（望んでいたこと）を意味（いみ）します。<br>「一時的に考えていたこと」や「偶然（ぐうぜん）思いついたこと」、「誰（だれ）かに頼まれた（たのまれた）こと」は「念願」の意味とは違います（ちがいます）。正解は「ずっと望んでいたこと」です。
JLPT_LK_N2_1188,言語知識,語彙,用法,1,<u>さっぱり</u>,シャワーを浴びたら、気分がさっぱりした。,昨日の夜は途中で目が覚めて、さっぱり寝た。,彼はとても真面目で、約束をさっぱり守る。,この料理は唐辛子が効いていて、さっぱり辛い。,シャワーを浴びたら、気分がさっぱりした。,この問題は基礎（きそ）レベルの副詞（ふくし）の用法問題です。<br>「さっぱり」は、気持ち（きもち）や気分（きぶん）が爽やか（さわやか）ですっきりする状態（じょうたい）を表（あらわ）します。そのため「シャワーを浴びて気分がさっぱりした」という文章（ぶんしょう）が正解です。<br>後ろに打ち消し（「〜ない」）をつけて「全然〜ない」の意味で使うこともできますが、肯定（こうてい）文の「よく寝た」「約束を守る」「辛い」と一緒に使うことはできません。正解は「シャワーを浴びたら、気分がさっぱりした。」です。
JLPT_LK_N2_1189,言語知識,語彙,用法,2,<u>思い切って</u>,ずっと迷っていたが、思い切って転職を決意した。,友達と遊んでいたら、時間が思い切って過ぎてしまった。,荷物が重すぎたので、途中で思い切って持った。,毎日休まず練習して、体力を思い切って使った。,ずっと迷っていたが、思い切って転職を決意した。,この問題は基本（きほん）的なレベルの副詞（ふくし）の用法問題です。<br>「思い切って（おもいきって）」は、心配（しんぱい）や迷い（まよい）を捨てて（すてて）、勇気（ゆうき）を出して行動（こうどう）を起こす（おこす）ときに使います。「思い切って転職を決意した」が正しい使い方です。<br>時間の経過（けいか）には「あっという間に」、重い荷物には「何とか」、体力の使用には「限界（げんかい）まで」などの表現を使います。正解は「ずっと迷っていたが、思い切って転職を決意した。」です。
JLPT_LK_N2_1190,言語知識,語彙,用法,4,<u>見合わせる</u>,大雨の影響で危険なため、本日の登山は見合わせることにした。,期限が切れたチケットを見合わせて、新しく買い直した。,バスが来なかったので、タクシーに見合わせて会社に行った。,新しい服を着て、鏡の前で何度も形を見合わせた。,大雨の影響で危険なため、本日の登山は見合わせることにした。,この問題は応用（おうよう）レベルの動詞（どうし）の用法問題です。<br>「見合わせる（みあわせる）」は、状況（じょうきょう）を見て、予定（よてい）していた行動（こうどう）を一時的に（いちじてきに）中止（ちゅうし）したり延期（えんき）したりするときに使います。「登山（とざん）を見合わせる」という使い方が正解です。<br>チケットを取り換える場合は「交換（こうかん）する」、別の乗り物に変更する場合は「切り替える（きりかえる）」、鏡で見る場合は「確認（かくにん）する」を使います。正解は「大雨の影響で危険なため、本日の登山は見合わせることにした。」です。
JLPT_LK_N2_1191,言語知識,語彙,語形成,2,駅前の ______ 開発が進み、新しい商業施設がオープンした。,再,新,未,初,再,この問題は基本（きほん）的なレベルの接頭語（せっとうご）の問題です。<br>「もう一度（いちど）」や「再び（ふたたび）」という意味（いみ）をつけるときは「再（さい）」を使います。「再開発（さいかいはつ）」は、一度発展（はってん）した街（まち）をもう一度新しく開発することを表（あらわ）します。<br>「新開発」や「未開発」などの言葉（ことば）もありますが、駅前などを新しく作り直す場合は「再開発」が最も自然（しぜん）です。正解は「再」です。
JLPT_LK_N2_1192,言語知識,語彙,語形成,4,チーム全員で一つの目標に向かって協力したことで、強い ______ 感が生まれた。,一体,同一,共通,集合,一体,この問題は応用（おうよう）レベルの複合語（ふくごうご）の問題です。<br>みんなの心が一つになる気持ちや感覚（かんかく）のことを「一体感（いったいかん）」と言います。<br>「同一感（どういつかん）」や「共通感（きょうつうかん）」、「集合感（しゅうごうかん）」という言葉（ことば）は日本語にありません。正解は「一体」です。
JLPT_LK_N2_1193,言語知識,語彙,文脈規定,1,会議に必要な書類がすべて ______ から、打ち合わせを始めましょう。,整って,固まって,詰まって,混ざって,整って,この問題は基礎（きそ）レベルの動詞（どうし）の問題です。<br>必要な物（もの）や準備（じゅんび）がきちんと準備（じゅんび）されて良い状態（じょうたい）になることを「整う（ととのう）」と言います。「書類（しょるい）が整う」という使い方が正しいです。<br>「固まる（かたまろ）」は硬くなることです。「詰まる（つまる）」は中にいっぱい入って動かなくなることです。「混ざる（まざる）」は一緒になることです。正解は「整って」です。
JLPT_LK_N2_1194,言語知識,語彙,文脈規定,3,部屋が汚れていたので、客が来る前に ______ 掃除をした。,さっと,じっくり,たっぷり,めっきり,さっと,この問題は標準（ひょうじゅん）的なレベルのオノマトペ・副詞（ふくし）の問題です。<br>「さっと」は、短い時間（じかん）で素早く（すばやく）行動（こうどう）する様子（ようす）を表（あらわ）します。「さっと掃除（そうじ）をする」という文脈（ぶんみゃく）にぴったり合います。<br>「じっくり」は時間をかけて丁寧に行うことです。「たっぷり」は量がたくさんあることです。「めっきり」は変化（へんか）がはっきり表れることです。正解は「さっと」です。
JLPT_LK_N2_1195,言語知識,語彙,文脈規定,5,駅に向かう途中で財布を忘れたことに気づき、慌てて家へ ______ 。,引き返した,払い戻した,持ち替えた,追いかけた,引き返した,この問題は高度（こうど）・発展（はってん）レベルの複合動詞（ふくごうどうし）の問題です。<br>「引き返す（ひきかえす）」は、行っていた途中（とちゅう）で、もと居た（いた）場所（ばしょ）に戻る（もどる）ことを意味（いみ）します。<br>「払い戻す（はらいもどす）」はお金を返すことです。「持ち替える（もちかえる）」は持ち方を変えることです。「追いかける（おいかける）」は前を行くものの後ろを走ることです。正解は「引き返した」です。
JLPT_LK_N2_1196,言語知識,語彙,言い換え類義,2,先週末は、家族で <u>ささやかな</u> お祝いパーティーをした。,小さな,盛大な,複雑な,珍しい,小さな,この問題は基本（きほん）的なレベルの類義語（るいぎご）の問題です。<br>「ささやか」は、大がかりではなく「規模（きぼ）が小さい（ちいさい）」ことや控えめ（ひかえめ）な様子（ようす）を表（あらわ）します。そのため「小さな」が最も近い意味（いみ）になります。<br>「盛大（せいだい）な」はとても大きくて派手（はで）なことです。「複雑（ふくざつ）な」はわかりにくいことです。「珍しい（めずらしい）」はめったにないことです。正解は「小さな」です。
JLPT_LK_N2_1197,言語知識,語彙,言い換え類義,4,長時間のデスクワークの <u>合間</u> に、軽く体を動かすと良い。,空いた時間,終わった後,始まる前,休日,空いた時間,この問題は応用（おうよう）レベルの類義語（るいぎご）の問題です。<br>「合間（あいま）」は、物事（ものごと）と物事の間の「空いた時間（あいたじかん）」や「すきま時間」を意味（いみ）します。<br>「終わった後（あと）」や「始まる前（まえ）」、「休日（きゅうじつ）」は、作業（さぎょう）の途中（とちゅう）にあるすきま時間を表す「合間」とは意味が違います（ちがいます）。正解は「空いた時間」です。
JLPT_LK_N2_1198,言語知識,語彙,用法,1,<u>好ましい</u>,健康を維持するためには、毎日適度な運動をすることが好ましい。,今日の天気はとても好ましくて、一日中雨が降り続いていた。,荷物が多すぎて重いので、カバンを好ましく小さくした。,彼は足がとても好ましくて、100メートルを10秒で走れる。,健康を維持するためには、毎日適度な運動をすることが好ましい。,この問題は基礎（きそ）レベルのイディオム・形容詞（けいようし）の用法問題です。<br>「好ましい（このましい）」は、望ましい（のぞましい）、良い状態（じょうたい）であるという意味（いみ）で使います。「〜することが好ましい」という表現（ひょうげん）が正解です。<br>雨が降り続く悪い天気や、荷物を小さくすること、走るのが速いことに対して「好ましい」を使うのは不自然（ふしぜん）です。正解は「健康を維持するためには、毎日適度な運動をすることが好ましい。」です。
JLPT_LK_N2_1199,言語知識,語彙,用法,3,<u>引き受ける</u>,先輩から頼まれたので、来月のイベントの幹事を喜んで引き受けた。,駅のホームで電車をずっと待っていたが、なかなか引き受けなかった。,友達の家を訪問するために、事前に電話で連絡を引き受けた。,スーパーで安売りをしていたので、野菜をたくさん引き受けた。,先輩から頼まれたので、来月のイベントの幹事を喜んで引き受けた。,この問題は標準（ひょうじゅん）的なレベルの複合動詞（ふくごうどうし）の用法問題です。<br>「引き受ける（ひきうける）」は、他人（たにん）からの頼み（たのみ）や仕事（しごと）、責任（せきにん）を自分が持つことに同意（どうい）して受ける（うける）ことです。「仕事や幹事（かんじ）を引き受ける」という使い方が正解です。<br>電車が来ることには「到着（とうちゃく）する」、事前に連絡を取る場合は「入れる」、野菜を買う場合は「買い込む（かいこむ）」を使います。正解は「先輩から頼まれたので、来月のイベントの幹事を喜んで引き受けた。」です。
JLPT_LK_N2_1200,言語知識,語彙,用法,5,<u>あいにく</u>,彼の記憶はあやふやで、事件当時のことを正確に覚えていなかった。,このナイフは刃があやふやになっているので、リンゴがよく切れる。,彼女の歌声はとてもあやふやで、聴いていると気持ちが落ち着く。,新しい車はエンジンがあやふやなので、とても静かに走る。,彼の記憶はあやふやで、事件当時のことを正確に覚えていなかった。,この問題は高度（こうど）・発展（はってん）レベルの語彙問題です。<br>「あやふや」は、態度（たいど）や記憶（きおく）、事実（じじつ）などが「不確か（ふたしか）で、はっきりしない様子（ようす）」を表（あらわ）します。「記憶（きおく）があやふやだ」という使い方が正解です。<br>ナイフがよく切れるときは「鋭い（するどい）」、歌声が心地よいときは「美しい（うつくしい）」、エンジンが静かなときは「性能（せいのう）が良い」を使います。正解は「彼の記憶はあやふやで、事件当時のことを正確に覚えていなかった。」です。
JLPT_LK_N2_1201,言語知識,語彙,語形成,2,長い間住んでいる街でも、歩いてみると新しい魅力の ______ 発見がある。,再,未,不,新,再,この問題は基本（きほん）レベルの接頭語（せっとうご）の問題です。<br>「もう一度（いちど）」という意味（いみ）をつくるときは「再（さい）」を使います。「再発見（さいはっけん）」は、一度知っているものの魅力（みりょく）などをもう一度見つけることを表（あらわ）します。<br>「未発見（みはっけん）」はまだ見つかっていないことです。「不発見」や「新発見（しんはっけん）」も言葉としてありますが、すでに知っている街で「新しい魅力をもう一度見つける」という文脈（ぶんみゃく）には「再発見」が最も適（てき）しています。正解は「再」です。
JLPT_LK_N2_1202,言語知識,語彙,語形成,4,大勢の観客の前でスピーチをすることになり、強い ______ 感を覚えた。,緊張,不安,恐怖,興奮,緊張,この問題は応用（おうよう）レベルの複合語（ふくごうご）の問題です。<br>心や体が硬くなってドキドキする気持ちを「緊張感（きんちょうかん）」と言います。<br>「不安感（ふあんかん）」や「恐怖感（きょうふかん）」という言葉（ことば）もありますが、人前（ひとまえ）でスピーチをする直前（ちょくぜん）の様子（ようす）には「緊張感」が最もぴったり合います。正解は「緊張」です。
JLPT_LK_N2_1203,言語知識,語彙,文脈規定,1,道路で大きな工事が行われているため、車の通行が ______ されている。,妨げられ,防がれ,倒され,断られ,妨げられ,この問題は基礎（きそ）レベルの動詞（どうし）の問題です。<br>進む（すすむ）のを邪魔（じゃま）したり、進みにくくしたりすることを「妨げる（さまたげる）」と言います。「通行（つうこう）が妨げられる」という受身（うけみ）の形（かたち）でよく使います。<br>「防ぐ（ふせぐ）」は事故や病気などを止めさせることです。「倒す（たおす）」は物を横にすることです。「断る（ことわる）」は相手の申し出（もうしで）を受け入れないことです。正解は「妨げられ」です。
JLPT_LK_N2_1204,言語知識,語彙,文脈規定,3,寒さが厳しくなるにつれて、風邪を引く人が ______ 増えてきた。,徐々に,割と,めったに,むしろ,徐々に,この問題は標準（ひょうじゅん）的なレベルの副詞（ふくし）の問題です。<br>「徐々に（じょじょに）」は、時間が経つ（たつ）につれて「少しずつ（すこしずつ）」変化（へんか）していく様子（ようす）を表（あらわ）します。<br>「割と（わりと）」は思ったよりという意味です。「めったに」は打ち消し（「〜ない」）と一緒に使います。「むしろ」は2つを比べるときに使います。正解は「徐々に」です。
JLPT_LK_N2_1205,言語知識,語彙,文脈規定,5,現金を持ち合わせていなかったので、友達に買い物の代金を ______ もらった。,立て替えて,割り引いて,引き受けて,払い戻して,立て替えて,この問題は高度（こうど）・発展（はってん）レベルの複合動詞（ふくごうどうし）の問題です。<br>「立て替える（たてかえる）」は、本人が支払う（しはらう）べきお金を、代わりに（かわりに）一時的に（いちじてきに）払ってあげることを意味（いみ）します。<br>「割り引く（わりびく）」は値段を安くすることです。「引き受ける（ひきうける）」は仕事や責任を持つことです。「払い戻す（はらいもどす）」はお金を返すことです。正解は「立て替えて」です。
JLPT_LK_N2_1206,言語知識,語彙,言い換え類義,2,彼は仕事のことで <u>たびたび</u> 上司に相談している。,何度も,たまに,突然,必ず,何度も,この問題は基本（きほん）的なレベルの類義語（るいぎご）の問題です。<br>「たびたび」は、同じことが「何度も（なんども）」繰り返し（くりかえし）起こる様子（ようす）を表（あらわ）す副詞（ふくし）です。<br>「たまに」は回数が少ないことです。「突然（とつぜん）」は急にということです。「必ず（かならず）」は100%絶対という意味です。正解は「何度も」です。
JLPT_LK_N2_1207,言語知識,語彙,言い換え類義,4,自分の間違っている点について、<u>率直な</u> 意見を聞かせてほしい。,正直な,厳しい,丁寧な,複雑な,正直な,この問題は応用（おうよう）レベルの類義語（るいぎご）の問題です。<br>「率直（そっちょく）」は、自分の気持ちや考えを隠さず（かくさず）そのまま表す様子を表し、「正直な（しょうじきな）」や「ありのままの」と同じ意味（いみ）になります。<br>「厳しい（きびしい）」や「丁寧な（ていねいな）」、「複雑な（ふくざつな）」は「率直」の意味とは違います（ちがいます）。正解は「正直な」です。
JLPT_LK_N2_1208,言語知識,語彙,用法,1,<u>気軽</u>,分からないことがあれば、気軽に質問してください。,この服はサイズが小さすぎて、気軽に切ることができない。,毎朝早く起きるのは大変なので、気軽に続けられない。,この道は急な坂が多くて、気軽に歩くのが危険だ。,分からないことがあれば、気軽に質問してください。,この問題は基礎（きそ）レベルのな形容詞（けいようし）の用法問題です。<br>「気軽（きがる）」は、深く（ふかく）悩んだり（なやんだり）心配（しんぱい）したりせず、簡単に（かんたんに）気持ちよく行動（こうどう）する様子（ようす）を表（あらわ）します。「気軽に質問（しつもん）する」という使い方が自然（しぜん）で正解です。<br>服のサイズが合わないこと、早起きが大変なこと、坂道が危険なことなど、困難（こんなん）や危険（きけん）がある場面で「気軽」を使うのは不自然です。正解は「分からないことがあれば、気軽に質問してください。」です。
JLPT_LK_N2_1209,言語知識,語彙,用法,3,<u>抑える</u>,予算を抑えるために、無駄な買い物を減らした。,友達の意見を抑えて、自分の考えを無理に通した。,濡れた服を風に当てて、水分をしっかり抑えた。,風が強くて危ないので、窓をしっかり抑えて閉めた。,予算を抑えるために、無駄な買い物を減らした。,この問題は標準（ひょうじゅん）的なレベルの動詞（どうし）の用法問題です。<br>「抑える（おさえる）」は、数量（すうりょう）や感情（かんじょう）、勢い（いきおい）などが大きくならないようにコントロールして低く（ひくく）止める（とめる）ときに使います。「予算（よさん）や費用（ひよう）を抑える」という使い方が正解です。<br>他人の意見を否定する場合は「押しのける」や「無視する」、水気を取り除く場合は「拭き取る（ふきとる）」、窓を動かないように固定する場合は「押さえる（おさえる）」という漢字（かんじ）を使います。正解は「予算を抑えるために、無駄な買い物を減らした。」です。
JLPT_LK_N2_1210,言語知識,語彙,用法,5,<u>こだわり</u>,このラーメン店は、スープの素材に強いこだわりを持っている。,彼の発言には矛盾が多くて、内容に強いこだわりを感じる。,荷物が多すぎて重いので、持ち運びにこだわりがある。,部屋の電気を消し忘れたので、明かりにこだわりが残った。,このラーメン店は、スープの素材に強いこだわりを持っている。,この問題は高度（こうど）・発展（はってん）レベルの語彙問題です。<br>「こだわり」は、妥協（だきょう）せずに自分の好み（このみ）や考え方を最後まで追求（ついきゅう）して大切にすること（または気にする心）を表（あらわ）します。「素材（そざい）にこだわりを持つ」という使い方が正解です。<br>発言の矛盾（むじゅん）、荷物の重さ、消し忘れた電気などに対して「こだわり」を使うのは誤り（あやまり）です。正解は「このラーメン店は、スープの素材に強いこだわりを持っている。」です。
JLPT_LK_N2_1211,言語知識,語彙,語形成,1,彼は社会の出来事に全く ______ 関心で、テレビのニュースも全く見ない。,不,無,非,未,無,この問題は基礎（きそ）レベルの接頭語（せっとうご）に関する問題です。<br>「〜がない」という意味（いみ）をつくるときに「無（む）」を使います。「無関心（むかんしん）」は、関心（かんしん）や興味（きょうみ）がない状態（じょうたい）を表（あらわ）します。<br>「不関心」や「非関心」、「未関心」という言葉（ことば）は使われません。正解は「無」です。
JLPT_LK_N2_1212,言語知識,語彙,語形成,3,しっかり計画を立てれば、成功する可能 ______ は十分にあります。,性,感,化,率,性,この問題は標準（ひょうじゅん）的なレベルの接尾語（せつびご）の問題です。<br>「〜できる性質（せいしつ）や見込み（みこみ）」を表（あらわ）すときは「性（せい）」を使って「可能性（かのうせい）」と言います。<br>「可能感」や「可能化」、「可能率」という言葉は日本語にありません。正解は「性」です。
JLPT_LK_N2_1213,言語知識,語彙,文脈規定,2,人手が足りないので、アルバイトを雇って欠員を ______ ことにした。,補う,救う,囲む,納める,補う,この問題は基本（きほん）的なレベルの動詞（どうし）の問題です。<br>足りない（たりない）部分（ぶぶん）を足して（たして）満たす（みたす）ことを「補う（おぎなう）」と言います。「欠員（けついん）を補う」や「不足（ふそく）を補う」という使い方が自然（しぜん）です。<br>「救う（すくう）」は危険（きけん）から助けることです。「囲む（かこむ）」は周りを囲むことです。「納める（おさめる）」は税金（ぜいきん）などを払うことです。正解は「補う」です。
JLPT_LK_N2_1214,言語知識,語彙,文脈規定,4,新しいビルの建設工事は、予定通り ______ と進んでいる。,着々と,続々と,堂々と,点々と,着々と,この問題は応用（おうよう）レベルの副詞（ふくし）の問題です。<br>「着々と（ちゃくちゃくと）」は、計画（けいかく）通りに順番（じゅんばん）よく仕事（しごと）や作業（さぎょう）が進む（すすむ）様子（ようす）を表（あらわ）します。<br>「続々と（ぞくぞくと）」は次々と人が来ることです。「堂々と（どうどうと）」は自信を持って胸をはる様子です。「点々と（てんてんと）」はあちこちに散らばっている様子です。正解は「着々と」です。
JLPT_LK_N2_1215,言語知識,語彙,文脈規定,5,これ以上交渉を続けても意味がないので、話し合いを途中で ______ ことにした。,打ち切る,追い出す,取り持つ,差し出す,打ち切る,この問題は高度（こうど）・発展（はってん）レベルの複合動詞（ふくごうどうし）の問題です。<br>「打ち切る（うちきる）」は、続いていた作業（さぎょう）や話し合いなどを途中で（とちゅうで）やめる、終了（しゅうりょう）させることを意味（いみ）します。<br>「追い出す（おいだす）」は外へ出すことです。「取り持つ（とりもつ）」は間に立って仲良くさせることです。「差し出す（さしだす）」は相手に差しあげることです。正解は「打ち切る」です。
JLPT_LK_N2_1216,言語知識,語彙,言い換え類義,3,お互いの条件が合わず、なかなか <u>妥協</u> することができなかった。,歩み寄る,協力する,遠慮する,相談する,歩み寄る,この問題は標準（ひょうじゅん）的なレベルの類義語（るいぎご）の問題です。<br>「妥協（だきょう）する」は、自分の意見（いけん）を少し（すこし）譲って（ゆずって）相手と折り合い（おりあい）をつけること、つまり「歩み寄る（あゆみよる）」という意味（いみ）になります。<br>「協力（きょうりょく）する」は一緒に頑張ることです。「遠慮（えんりょ）する」は控えめにすることです。「相談（そうだん）する」は話し合うことです。正解は「歩み寄る」です。
JLPT_LK_N2_1217,言語知識,語彙,言い換え類義,5,役所の手続きは書類が多くて <u>わずらわしい</u>。,めんどくさい,あやしい,あぶない,もったいない,めんどくさい,この問題は高度（こうど）・発展（はってん）レベルのイディオム・い形容詞（けいようし）の問題です。<br>「わずらわしい」は、細かくて（こまかくて）手間（てま）がかかり、嫌な（いやな）気持ち（きもち）になる様子（ようす）、つまり「めんどくさい」や「煩雑（はんざつ）な」という意味（いみ）を表（あらわ）します。<br>「あやしい」は不審（ふしん）なことです。「あぶない」は危険（きけん）なことです。「もったいない」は無駄（むだ）で惜しい（おしい）ことです。正解は「めんどくさい」です。
JLPT_LK_N2_1218,言語知識,語彙,用法,1,<u>抱える</u>,彼は仕事のトラブルを一人で抱えて悩んでいる。,荷物が軽くなったので、両手で抱えて運んだ。,電車の時間を間違えて、駅のホームで30分も抱えた。,新しい車を買うために、毎月少しずつお金を抱えている。,彼は仕事のトラブルを一人で抱えて悩んでいる。,この問題は基礎（きそ）レベルの動詞（どうし）の用法問題です。<br>「抱える（かかえる）」は、腕（うで）の中に持つことだけでなく、「悩み（なやみ）や問題（もんだい）、借金（しゃっきん）などを持っている」という意味（いみ）でも使われます。「トラブルを抱える」という文章（ぶんしょう）が正解です。<br>軽い荷物は「持ち運ぶ」、時間を待つ場合は「待つ」、お金をためる場合は「貯める（ためる）」を使います。正解は「彼は仕事のトラブルを一人で抱えて悩んでいる。」です。
JLPT_LK_N2_1219,言語知識,語彙,用法,4,<u>練る</u>,失敗しないように、時間をかけて対策をしっかり練った。,運動した後に冷たい水を練ったら、とても美味しかった。,友達と仲直りするために、手紙を何度も練って送った。,部屋が汚れてきたので、掃除機を練って綺麗にした。,失敗しないように、時間をかけて対策をしっかり練った。,この問題は応用（おうよう）レベルの動詞（どうし）の用法問題です。<br>「練る（ねる）」は、パンなどの生地（きじ）をこねることの他に、「文章（ぶんしょう）や作戦（さくせん）、計画（けいかく）などを良くするために時間をかけて深く（ふかく）検討（けんとう）する」という意味（いみ）があります。「対策（たいさく）や計画を練る」という使い方が正解です。<br>水を飲む場合は「飲む（のむ）」、手紙を書き直す場合は「書き直す」、掃除機を使う場合は「かける」を使います。正解は「失敗しないように、時間をかけて対策をしっかり練った。」です。
JLPT_LK_N2_1220,言語知識,語彙,用法,2,<u>心強い</u>,経験豊富な先輩が一緒に行ってくれるので、とても心強い。,このテーブルは丈夫な木で作られているので、心強い。,走って階段を上ったら、息が上がって心強い。,ずっと前から欲しかった服が買えて、心強い。,経験豊富な先輩が一緒に行ってくれるので、とても心強い。,この問題は基本（きほん）的なレベルのい形容詞（けいようし）の用法問題です。<br>「心強い（こころづよい）」は、助け（たすけ）や味方（みかた）があって「安心（あんしん）できる、頼もしい（たのもしい）」気持ち（きもち）を表（あらわ）します。「先輩（せんぱい）が一緒で心強い」という使い方が正しいです。<br>テーブルがしっかりしている場合は「頑丈（がんじょう）だ」、息が上がる場合は「苦しい（くるしい）」、欲しい服が買えた場合は「嬉しい（うれしい）」を使います。正解は「経験豊富な先輩が一緒に行ってくれるので、とても心強い。」です。
JLPT_LK_N2_1221,言語知識,語彙,語形成,1,この仕事には高い ______ 性が求められるため、特別な訓練が必要だ。,専門,担当,役割,目的,専門,この問題は基礎（きそ）レベルの語形成（ごけいせい）の問題です。<br>「専門（せんもん）」のあとに「性（せい）」をつけると、「専門性（せんもんせい）」となり、高度（こうど）な知識（ちしき）や技術（ぎじゅつ）を持っていることを表（あらわ）します。<br>「担当性」や「役割性」、「目的性」という言葉は日本語にありません。正解は「専門」です。
JLPT_LK_N2_1222,言語知識,語彙,語形成,3,自分の言動に責任を持たない ______ 責任な態度をとってはいけない。,無,不,非,未,無,この問題は標準（ひょうじゅん）的なレベルの接頭語（せっとうご）の問題です。<br>「責任（せきにん）がない」という意味（いみ）を表（あらわ）すときは「無（む）」を使って「無責任（むせきにん）」と言います。<br>「不責任」や「非責任」、「未責任」という言葉は日本語にありません。正解は「無」です。
JLPT_LK_N2_1223,言語知識,語彙,文脈規定,2,毎日の練習を ______ と、本番で良い結果を出すことはできない。,怠る,逃す,控える,隠す,怠る,この問題は基本（きほん）的なレベルの動詞（どうし）の問題です。<br>「怠る（おこたる）」は、やるべきことや注意（ちゅうい）をしないでサボるという意味（いみ）です。「練習（れんしゅう）や努力（どりょく）を怠る」という使い方が正しいです。<br>「逃す（のがす）」はチャンスを逃すことです。「控える（ひかえる）」は量を減らしたり控えたりすることです。「隠す（かくす）」は見えないようにすることです。正解は「怠る」です。
JLPT_LK_N2_1224,言語知識,語彙,文脈規定,4,トラブルを防ぐために、______ 必要な書類を準備しておいた。,あらかじめ,途中で,突然,必死に,あらかじめ,この問題は応用（おうよう）レベルの副詞（ふくし）の問題です。<br>「あらかじめ」は、何かが起こる前（まえ）に「事前に（じぜんに）」「前もって」準備（じゅんび）しておく様子（ようす）を表（あらわ）します。<br>「途中で（とちゅうで）」は行っている間という意味です。「突然（とつぜん）」は急にということです。「必死に（ひっしに）」は一生懸命（いっしょうけんめい）に行うことです。正解は「あらかじめ」です。
JLPT_LK_N2_1225,言語知識,語彙,文脈規定,5,温かいお茶を飲んだら、緊張していた気持ちが少し ______ 。,和らいだ,鈍った,澄んだ,縮んだ,和らいだ,この問題は高度（こうど）・発展（はってん）レベルの動詞（どうし）の問題です。<br>「和らぐ（やわらぐ）」は、硬い（かたい）ものや強い（つよい）緊張（きんちょう）、痛み（いたみ）などが優しく（やさしく）なって弱まる（よわまる）ことを意味（いみ）します。「気持ちや緊張が和らぐ」という使い方が正解です。<br>「鈍る（にぶる）」は動きや感覚が遅くなることです。「澄む（すむ）」は透明（とうめい）になることです。「縮む（ちぢむ）」はサイズが小さくなることです。正解は「和らいだ」です。
JLPT_LK_N2_1226,言語知識,語彙,言い換え類義,1,彼女とは普段あまり会えないが、<u>たまに</u> 連絡を取り合っている。,時々,しばしば,常に,決して,時々,この問題は基礎（きそ）レベルの類義語（るいぎご）の問題です。<br>「たまに」は、回数（かいすう）が多くなく「時々（ときどき）」という意味（いみ）の副詞（ふくし）です。<br>「しばしば」は何度もという意味です。「常に（つねに）」はいつでもという意味です。「決して（けっして）」は打ち消しと一緒に使います。正解は「時々」です。
JLPT_LK_N2_1227,言語知識,語彙,言い換え類義,4,複雑な手続きをまとめて、費用を <u>一括して</u> 支払った。,まとめて,別々に,無料の,順番に,まとめて,この問題は応用（おうよう）レベルの類義語（るいぎご）の問題です。<br>「一括（いっかつ）して」は、バラバラのものを一つに「まとめて」扱う（あつかう）ことを意味（いみ）します。<br>「別々に（べつべつに）」は1つずつ分けることです。「無料の（むりょうの）」はお金を払わないことです。「順番に（じゅんばんに）」は順序を守ることです。正解は「まとめて」です。
JLPT_LK_N2_1228,言語知識,語彙,用法,2,<u>省略</u>,時間が足りなくなったので、最後の挨拶は省略することにした。,部屋が狭くなったので、いらない机を外に省略した。,風邪を引かないように、帰宅後は手を綺麗に省略した。,荷物が重すぎて歩けないので、車に荷物を省略した。,時間が足りなくなったので、最後の挨拶は省略することにした。,この問題は基本（きほん）的なレベルの用法問題です。<br>「省略（しょうりゃく）する」は、長すぎたり時間がなかったりするときに、一部（いちぶ）を取り除いて（とりのぞいて）短く（みじかく）したり省いたり（はぶいたり）することです。「挨拶（あいさつ）を省略する」という使い方が正解です。<br>机を片付ける場合は「処分（しょぶん）する」、手を洗う場合は「洗う（あらう）」、荷物を積む場合は「載せる（のせる）」を使います。正解は「時間が足りなくなったので、最後の挨拶は省略することにした。」です。
JLPT_LK_N2_1229,言語知識,語彙,用法,3,<u>めっきり</u>,朝晩はめっきり涼しくなり、秋の訪れを感じる。,彼はめっきり走るのが速くて、クラスで一番だ。,荷物が重いので、めっきり持って運んだ。,明日は大事なテストがあるので、めっきり勉強した。,朝晩はめっきり涼しくなり、秋の訪れを感じる。,この問題は標準（ひょうじゅん）的なレベルの副詞（ふくし）の用法問題です。<br>「めっきり」は、季節（きせつ）や状態（じょうたい）の変化（へんか）が誰の目にもはっきりと感じられる様子（ようす）を表（あらわ）します。「めっきり涼しくなる」や「めっきり体力が衰える」という使い方が正解です。<br>走るのが速いことや、荷物を運ぶこと、たくさん勉強することに対して「めっきり」を使うのは不自然です。正解は「朝晩はめっきり涼しくなり、秋の訪れを感じる。」です。
JLPT_LK_N2_1230,言語知識,語彙,用法,5,<u>促す</u>,警備員が避難経路を指さして、早く外へ出るよう参加者に促した。,彼は荷物が重そうだったので、私が代わりに持ってあげて促した。,部屋が暗くなってきたので、壁のスイッチを押して電気を促した。,約束の時間に遅れそうだったので、走って移動を促した。,警備員が避難経路を指さして、早く外へ出るよう参加者に促した。,この問題は高度（こうど）・発展（はってん）レベルの動詞（どうし）の用法問題です。<br>「促す（うながす）」は、相手（あいて）に何かをするように声をかけたり、気持ち（きもち）をそちらに向けさせたりして行動（こうどう）を急がせる（いそがせる）ことです。「避難（ひなん）を促す」や「発言（はつげん）を促す」という使い方が正解です。<br>代わりに荷物を持つ場合は「助ける（たすける）」、電気をつける場合は「つける」、自分が走る場合は「急ぐ（いそぐ）」を使います。正解は「警備員が避難経路を指さして、早く外へ出るよう参加者に促した。」です。
JLPT_LK_N2_1231,言語知識,語彙,語形成,1,地域の経済を ______ 化するために、新しいイベントを企画した。,活,活性,活発,活躍,活性,この問題は基礎（きそ）レベルの語形成（ごけいせい）の問題です。<br>社会（しゃかい）や経済（けいざい）の動きを元気（げんき）にすることを「活性化（かっせいか）」と言います。<br>「活化」や「活発化」、「活躍化」という言葉（ことば）はこの意味（いみ）では使われません。正解は「活性」です。
JLPT_LK_N2_1232,言語知識,語彙,語形成,4,環境破壊にともない、地球規模の ______ 問題が発生している。,諸,各,多,全,諸,この問題は応用（おうよう）レベルの接頭語（せっとうご）の問題です。<br>「いろいろな〜」や「多くの〜」という意味（いみ）を表（あらわ）す言葉の前につく漢字は「諸（しょ）」で、「諸問題（しょもんだい）」となります。<br>「各問題」や「多問題」、「全問題」という複合語（ふくごうご）は日本語として不自然（ふしぜん）です。正解は「諸」です。
JLPT_LK_N2_1233,言語知識,語彙,文脈規定,2,長かった交渉も、いよいよ最終段階に ______ 。,さしかかった,追いついた,立ち向かった,差し支えた,さしかかった,この問題は基本（きほん）的なレベルの動詞（どうし）の問題です。<br>「さしかかる」は、ある時間（じかん）や時期（じき）、場所（ばしょ）に到達（とうたつ）する・近づく（ちかづく）ことを意味（いみ）します。「最終段階（さいしゅうだんかい）にさしかかる」という使い方が正解です。<br>「追いつく（おいつく）」は前に追いつくことです。「立ち向かう（たちむかう）」は問題に対処することです。「差し支える（さしつかえる）」は邪魔になることです。正解は「さしかかった」です。
JLPT_LK_N2_1234,言語知識,語彙,文脈規定,3,疲れがたまっていたので、電車の席に座った途端に ______ してしまった。,うとうと,ぶらぶら,ぐらぐら,ふらふら,うとうと,この問題は標準（ひょうじゅん）的なレベルのオノマトペ（副詞）の問題です。<br>「うとうと」は、気持ちがよくて短い時間（じかん）すやすやと眠って（ねむって）しまう様子（ようす）を表（あらわ）します。<br>「ぶらぶら」はあてもなく歩くことです。「ぐらぐら」は大きく揺れることです。「ふらふら」は足元（あしもと）が安定（あんてい）しないことです。正解は「うとうと」です。
JLPT_LK_N2_1235,言語知識,語彙,文脈規定,5,書類を何度も確認したはずだったが、重要なデータの誤りを ______ しまった。,見落として,見下げて,見直して,見送って,見落として,この問題は高度（こうど）・発展（はってん）レベルの複合動詞（ふくごうどうし）の問題です。<br>「見落とす（みおとす）」は、注意（ちゅうい）して見ていたのにうっかり気づかないで過ぎてしまうという意味（いみ）です。「誤り（あやまり）を見落とす」という使い方が正しいです。<br>「見下げる（みさげる）」はバカにすることです。「見直す（みなおす）」はもう一度確認することです。「見送る（みおくる）」は計画などを延期することです。正解は「見落として」です。
JLPT_LK_N2_1236,言語知識,語彙,言い換え類義,2,緊急の連絡が入ったため、<u>速やかに</u> 対応してください。,すぐに,慎重に,完全に,大ざっぱに,すぐに,この問題は基本（きほん）的なレベルの類義語（るいぎご）の問題です。<br>「速やかに（すみやかに）」は、時間（じかん）をおかずに「すぐに」「急いで（いそいで）」行動（こうどう）する様子（ようす）を表（あらわ）します。<br>「慎重に（しんちょうに）」は注意深く行うことです。「完全に（かんぜんに）」は100%行うことです。「大ざっぱに（おおざっぱに）」は大まかに行うことです。正解は「すぐに」です。
JLPT_LK_N2_1237,言語知識,語彙,言い換え類義,3,今回の事件に対する彼の処分は <u>妥当</u> だと考えられる。,適切,特別,危険,曖昧,適切,この問題は標準（ひょうじゅん）的なレベルの類義語（るいぎご）の問題です。<br>「妥当（だとう）」は、判断（はんだん）や内容（ないよう）が正しく（ただしく）て「適切（てきせつ）だ」「ちょうど良い」という意味（いみ）になります。<br>「特別（とくべつ）」は普通と違うことです。「危険（きけん）」は危ないことです。「曖昧（あいまい）」は不確かなことです。正解は「適切」です。
JLPT_LK_N2_1238,言語知識,語彙,用法,1,<u>取り消す</u>,間違えて注文してしまったので、すぐに予約を取り消した。,部屋が散らかってきたので、いらない物を綺麗に取り消した。,雨が激しく降ってきたので、持っていた傘を取り消した。,約束の時間に遅れそうになったので、走って距離を取り消した。,間違えて注文してしまったので、すぐに予約を取り消した。,この問題は基礎（きそ）レベルの動詞（どうし）の用法問題です。<br>「取り消す（とりけす）」は、一度決めたことや注文（ちゅうもん）、予約（よやく）などをやめる（無効にする）ときに使います。「予約を取り消す」という文章（ぶんしょう）が正解です。<br>不要な物を処分する場合は「片付ける（かたづける）」や「捨てる（すてる）」、傘を開く場合は「差す（さす）」、距離を短くする場合は「縮める（ちぢめる）」を使います。正解は「間違えて注文してしまったので、すぐに予約を取り消した。」です。
JLPT_LK_N2_1239,言語知識,語彙,用法,4,<u>さかのぼる</u>,この伝統行事の起源は、約300年前の江戸時代にまでさかのぼる。,荷物が重くて歩くのが大変だったので、タクシーに乗って会社へさかのぼった。,失敗した計画を新しくするために、もう一度最初からさかのぼった。,会議の予定時間が過ぎてしまったので、次の議題へさかのぼった。,この伝統行事の起源は、約300年前の江戸時代にまでさかのぼる。,この問題は応用（おうよう）レベルの動詞（どうし）の用法問題です。<br>「さかのぼる」は、過去（かこ）の時代（じだい）や歴史（れきし）、時間の古い方（ほう）へ戻る（もどる）ときに使います。「過去や江戸時代にさかのぼる」という使い方が正解です。<br>会社に行くこと、計画をやり直すこと、次の話題に進むことに対して「さかのぼる」を使うのは誤り（あやまり）です。正解は「この伝統行事の起源は、約300年前の江戸時代にまでさかのぼる。」です。
JLPT_LK_N2_1240,言語知識,語彙,用法,5,<u>一目</u>,このグラフを見れば、今年度の売上の変化が一目で理解できる。,電車が遅れて遅刻しそうになったので、一目でタクシーに乗り換えた。,彼はとても足が速く、一目でゴールまで走り抜けた。,部屋がとても汚れていたので、一目で掃除をして綺麗にした。,このグラフを見れば、今年度の売上の変化が一目で理解できる。,この問題は高度（こうど）・発展（はってん）レベルの語彙問題です。<br>「一目（ひとめ）」は、「一目見るだけで（すぐに）」や「見てすぐにわかる様子（ようす）」を表（あらわ）します。「一目で理解（りかい）できる」や「一目でわかる」という使い方が正解です。<br>タクシーに乗り換えること、ゴールまで走ること、掃除をすることなど、動作を素早く行う場面で「一目」を使うのは不自然（ふしぜん）です。正解は「このグラフを見れば、今年度の売上の変化が一目で理解できる。」です。
JLPT_LK_N2_1241,言語知識,語彙,語形成,2,最新の技術を導入したことで、機械の ______ 性能が大幅に向上した。,高,大,超,重,高,この問題は基本（きほん）的なレベルの語形成（ごけいせい）の問題です。<br>優れている（すぐれている）ことやレベルが高いことを表（あらわ）すときは「高（こう）」を使って「高性能（こうせいのう）」と言います。<br>「大性能」や「超性能」、「重性能」という言葉（ことば）は不自然（ふしぜん）で使いません。正解は「高」です。
JLPT_LK_N2_1242,言語知識,語彙,語形成,4,少子化に伴い、地方の過疎化が ______ 化している。,深刻,重大,危険,不安,深刻,この問題は応用（おうよう）レベルの複合語（ふくごうご）の問題です。<br>状態（じょうたい）がひどくなり、大変（たいへん）な状況（じょうきょう）になることを「深刻化（しんこくか）」と言います。<br>「重大化」や「危険化」、「不安化」という言葉（ことば）は日本語として使われません。正解は「深刻」です。
JLPT_LK_N2_1243,言語知識,語彙,文脈規定,1,事故を ______ ために、安全確認を徹底して行っている。,防ぐ,倒す,迷う,逃す,防ぐ,この問題は基礎（きそ）レベルの動詞（どうし）の問題です。<br>悪いことや事故（じこ）が起きないようにすることを「防ぐ（ふせぐ）」と言います。「事故を防ぐ」という使い方が正しいです。<br>「倒す（たおす）」は物を横にすることです。「迷う（まよう）」は決めることができないことです。「逃す（のがす）」はチャンスを失う（うしなう）ことです。正解は「防ぐ」です。
JLPT_LK_N2_1244,言語知識,語彙,文脈規定,3,難航すると思われた交渉だったが、相手が提案を受け入れてくれたため ______ 決まった。,すんなり,うとうと,めっきり,さっと,すんなり,この問題は標準（ひょうじゅん）的なレベルの副詞（ふくし）・オノマトペの問題です。<br>「すんなり」は、引っかかりや苦労（くろう）がなく、スムーズに問題（もんだい）が解決（かいけつ）したり決まったりする様子（ようす）を表（あらわ）します。<br>「うとうと」は眠る様子です。「めっきり」は変化が目立つ様子です。「さっと」は素早く行動する様子です。正解は「すんなり」です。
JLPT_LK_N2_1245,言語知識,語彙,文脈規定,5,相手の隠された本音を ______ ために、慎重に質問を重ねた。,引き出す,払い戻す,追いかける,持ち替える,引き出す,この問題は高度（こうど）・発展（はってん）レベルの複合動詞（ふくごうどうし）の問題です。<br>「引き出す（ひきだす）」は、中に隠れている情報（じょうほう）や能力（のうりょく）、本音（ほんね）などを外に出させることを意味（いみ）します。「本音を引き出す」という使い方が正解です。<br>「払い戻す（はらいもどす）」はお金を返すことです。「追いかける（おいかける）」は後ろから走っていくことです。「持ち替える（もちかえる）」は持ち方を変えることです。正解は「引き出す」です。
JLPT_LK_N2_1246,言語知識,語彙,言い換え類義,2,注文した商品が届いたので、<u>早速</u> 使ってみた。,すぐに,慎重に,完全に,たまに,すぐに,この問題は基本（きほん）的なレベルの類義語（るいぎご）の問題です。<br>「早速（さっそく）」は、機会（きかい）を逃さず「すぐに」「時間を置かずに」行動（こうどう）する様子（ようす）を表（あらわ）します。<br>「慎重に（しんちょうに）」は注意深く行うことです。「完全に（かんぜんに）」は100%行うことです。「たまに」は時々ということです。正解は「すぐに」です。
JLPT_LK_N2_1247,言語知識,語彙,言い換え類義,4,彼の意見は、私の考えと完全に <u>合致した</u>。,一致した,失敗した,対立した,変化した,一致した,この問題は応用（おうよう）レベルの類義語（るいぎご）の問題です。<br>「合致（がっち）する」は、2つの内容（ないよう）や意見（いけん）がぴったり「一致（いっち）する」「合う（あう）」という意味（いみ）です。<br>「失敗（しっぱい）する」はうまくできないことです。「対立（たいりつ）する」は意見が反対になることです。「変化（へんか）する」は変わることです。正解は「一致した」です。
JLPT_LK_N2_1248,言語知識,語彙,用法,1,<u>保つ</u>,部屋の温度を一定に保つために、エアコンをつけた。,荷物が重すぎたので、途中でカバンを保つ場所を変えた。,約束の時間に間に合うように、走ってスピードを保つことにした。,勉強が難しくなってきたので、先生に質問して保つようにした。,部屋の温度を一定に保つために、エアコンをつけた。,この問題は基礎（きそ）レベルの動詞（どうし）の用法問題です。<br>「保つ（たもつ）」は、ある状態（じょうたい）や条件（じょうけん）を変えずに（かえずに）そのまま維持（いじ）するときに使います。「温度（おんど）を一定に保つ」という使い方が正解です。<br>カバンを持ち替える場合は「持ち替える」、走るスピードを上げる場合は「上げる」、先生に質問して理解する場合は「理解する」を使います。正解は「部屋の温度を一定に保つために、エアコンをつけた。」です。
JLPT_LK_N2_1249,言語知識,語彙,用法,3,<u>整える</u>,出かける前に、鏡の前で服装や髪型を整えた。,予定より時間がかかってしまったので、会議を整えた。,雨が降って道が滑りやすくなったので、足を整えて歩いた。,荷物を運ぶために、トラックのタイヤを整えた。,出かける前に、鏡の前で服装や髪型を整えた。,この問題は標準（ひょうじゅん）的なレベルの動詞（どうし）の用法問題です。<br>「整える（ととのえる）」は、形（かたち）や準備（じゅんび）、状態（じょうたい）を綺麗（きれい）に揃えたり（そろえたり）整頓（せいとん）したりするときに使います。「服装（ふくそう）や身だしなみを整える」という使い方が正解です。<br>会議の予定を延期する場合は「延期（えんき）する」、足元に気をつける場合は「気を付ける」、タイヤを新しくする場合は「交換（こうかん）する」を使います。正解は「出かける前に、鏡の前で服装や髪型を整えた。」です。
JLPT_LK_N2_1250,言語知識,語彙,用法,5,<u>経緯</u>,事件の詳しい経緯を知るために、警察が調査を行っている。,彼は走る経緯がとても速く、大会で優勝した。,この包丁は切れ味の経緯が素晴らしく、肉がよく切れる。,部屋の明かりの経緯が暗いので、新しい電球に替えた。,事件の詳しい経緯を知るために、警察が調査を行っている。,この問題は高度（こうど）・発展（はってん）レベルの語彙問題です。<br>「経緯（けいい）」は、物事（ものごと）が起きてから現在（げんざい）に至る（いたる）までの詳しい「いきさつ」や「途中の経過（けいか）」を表（あらわ）します。「事件（じけん）や事情（じじょう）の経緯」という使い方が正解です。<br>走る速度は「スピード」、切れ味の良さは「状態（じょうたい）」、明かりの強さは「明るさ」と言います。正解は「事件の詳しい経緯を知るために、警察が調査を行っている。」です。
JLPT_LK_N2_1251,言語知識,語彙,語形成,1,事故を防ぐため、踏切の手前で ______ 停止しなければならない。,不,一時,未,非,一時,この問題は基礎（きそ）レベルの語形成（ごけいせい）の問題です。<br>「短い時間（みじかいじかん）だけ止まる（とまる）」ことを表（あらわ）すときは「一時（いちじ）」を使って「一時停止（いちじていし）」と言います。<br>「不停止」や「未停止」、「非停止」という表現（ひょうげん）はこの意味（いみ）では使われません。正解は「一時」です。
JLPT_LK_N2_1252,言語知識,語彙,語形成,4,都市部への人口集中により、住環境の ______ 化が心配されている。,悪,悪化,不良,低下,悪,この問題は応用（おうよう）レベルの接頭語（せっとうご）・複合語の問題です。<br>状態（じょうたい）が悪くなる（わるくなる）ことを表す言葉は「悪化（あっか）」で、「悪化（あっか）＋化」ではなく「悪（あく）＋化（か）」で「悪化（あっか）」となります。「悪化」の前に「〜化」をつくる接頭語「悪」を補う形です。語幹（ごかん）として「悪化」が成り立ちます。<br>「悪化化」のように「化」が重なることはありません。正解は「悪」です。
JLPT_LK_N2_1253,言語知識,語彙,文脈規定,2,台風が近づいているため、今夜は外出を ______ 方がよい。,控えた,怠った,妨げた,促した,控えた,この問題は基本（きほん）的なレベルの動詞（どうし）の問題です。<br>「控える（ひかえる）」は、状況（じょうきょう）を考えて行動（こうどう）や数量（すうりょう）を抑える（おさえる）、やめておくという意味（いみ）です。「外出（がいしゅつ）を控える」という使い方が自然（しぜん）です。<br>「怠る（おこたる）」はサボることです。「妨げる（さまたげる）」は邪魔することです。「促す（うながす）」は急がせることです。正解は「控えた」です。
JLPT_LK_N2_1254,言語知識,語彙,文脈規定,3,急な大雨に降られて、服が ______ 濡れてしまった。,びしょびしょに,すんなり,うとうと,着々と,びしょびしょに,この問題は標準（ひょうじゅん）的なレベルのオノマトペ（副詞）の問題です。<br>「びしょびしょ」は、水（みず）や雨（あめ）で物や服（ふく）がひどく濡れて（ぬれて）いる様子（ようす）を表（あらわ）します。<br>「すんなり」はスムーズに進む様子です。「うとうと」は眠る様子です。「着々と（ちゃくちゃくと）」は順調に進む様子です。正解は「びしょびしょに」です。
JLPT_LK_N2_1255,言語知識,語彙,文脈規定,5,これまでの実績が正当に ______ され、彼は昇進が決まった。,評価,補足,考慮,維持,評価,この問題は高度（こうど）・発展（はってん）レベルの価値・能力を認める名詞（語彙）の問題です。<br>「評価（ひょうか）する」は、人の能力（のうりょく）や実績（じっせき）、価値（かち）を認めて（みとめて）判断（はんだん）することを意味（いみ）します。「実績が評価される」という文脈（ぶんみゃく）が正解です。<br>「補足（ほそく）」は足りない部分を足すことです。「考慮（こうりょ）」はしっかり考えることです。「維持（いじ）」はそのまま保つことです。正解は「評価」です。
JLPT_LK_N2_1256,言語知識,語彙,言い換え類義,2,彼はいつも <u>大げさに</u> 話すので、少し割り引いて聞いた方がいい。,誇張して,慎重に,素直に,具体的に,誇張して,この問題は基本（きほん）的なレベルの類義語（るいぎご）の問題です。<br>「大げさに（おおげさに）」は、事実（じじつ）よりも大きく（おおきく）見せかけて話す様子（ようす）で、「誇張して（こちょうして）」と同じ意味（いみ）です。<br>「慎重に（しんちょうに）」は注意深く行うことです。「素直に（すなおに）」はひねくれずに言うことです。「具体的に（ぐたいてきに）」はわかりやすく細かく言うことです。正解は「誇張して」です。
JLPT_LK_N2_1257,言語知識,語彙,言い換え類義,5,突然の申し出に、誰もが <u>戸惑って</u> しまった。,困惑して,納得して,感心して,興奮して,困惑して,この問題は高度（こうど）・発展（はってん）レベルの類義語（るいぎご）の問題です。<br>「戸惑う（とまどう）」は、予想（よそう）外のことにどうすればいいかわからず「困惑（こんわく）する」「困る（こまる）」状態（じょうたい）を表（あらわ）します。<br>「納得（なっとく）する」は理解して受け入れることです。「感心（かんしん）する」は素晴らしいと思うことです。「興奮（こうふん）する」は気持ちが高ぶることです。正解は「困惑して」です。
JLPT_LK_N2_1258,言語知識,語彙,用法,1,<u>補う</u>,不足している栄養分をサプリメントで補った。,壊れた自転車のタイヤを空気で綺麗に補った。,暗くなってきたので、部屋の明かりを補って明るくした。,雨で服が濡れたので、新しい服に補って着替えた。,不足している栄養分をサプリメントで補った。,この問題は基礎（きそ）レベルの動詞（どうし）の用法問題です。<br>「補う（おぎなう）」は、足りない（たりない）部分（ぶぶん）に足して（たして）十分（じゅうぶん）な状態（じょうたい）にするときに使います。「不足（ふそく）した栄養（えいよう）を補う」という使い方が正解です。<br>タイヤに空気を入れる場合は「入れる（いれる）」、部屋を明るくする場合は「つける」、服を着替える場合は「着替える（きがえる）」を使います。正解は「不足している栄養分をサプリメントで補った。」です。
JLPT_LK_N2_1259,言語知識,語彙,用法,3,<u>わずらわしい</u>,役所での複雑な手続きは、とてもわずらわしい。,このナイフは刃がわずらわしいので、野菜がよく切れる。,運動した後の汗を拭いたら、とてもわずらわしい気分になった。,彼の歌声はとてもわずらわしくて、ずっと聴いていたくなる。,役所での複雑な手続きは、とてもわずらわしい。,この問題は標準（ひょうじゅん）的なレベルのい形容詞（けいようし）の用法問題です。<br>「わずらわしい」は、細かくて（こまかくて）手間（てま）がかかり、面倒（めんどう）で嫌な（いやな）気持ち（きもち）になる様子（ようす）を表（あらわ）します。「複雑（ふくざつ）な手続き（てつづき）がわずらわしい」が正解です。<br>ナイフがよく切れる場合は「鋭い（するどい）」、汗を拭いてすっきりした場合は「さわやかだ」、歌声が素晴らしい場合は「美しい（うつくしい）」を使います。正解は「役所での複雑な手続きは、とてもわずらわしい。」です。
JLPT_LK_N2_1260,言語知識,語彙,用法,4,<u>見送る</u>,台風が近づいているため、今回の旅行は延期して見送ることにした。,期限が切れたチケットを駅員に見送ってもらった。,友達の荷物が重そうだったので、代わりに手伝って見送った。,部屋が散らかっていたので、掃除機をかけて綺麗に見送った。,台風が近づいているため、今回の旅行は延期して見送ることにした。,この問題は応用（おうよう）レベルの動詞（どうし）の用法問題です。<br>「見送る（みおくる）」は、去っていく人を見る（みる）ことのほかに、「計画（けいかく）や実施（じっし）を今回は行わずに延期（えんき）または中止（ちゅうし）する」という意味（いみ）があります。「旅行（りょこう）や計画を見送る」という使い方が正解です。<br>チケットを確認してもらう場合は「確認（かくにん）してもらう」、荷物を手伝う場合は「手伝う（てつだう）」、掃除をする場合は「掃除する」を使います。正解は「台風が近づいているため、今回の旅行は延期して見送ることにした。」です。
JLPT_LK_N2_1261,言語知識,語彙,語形成,2,今後の対策について、関係者との ______ 協議が必要だ。,再,未,不,非,再,この問題は基本（きほん）レベルの接頭語（せっとうご）の問題です。<br>「もう一度（いちど）」や「再び（ふたたび）」という意味（いみ）をつけるときは「再（さい）」を使います。「再協議（さいきょうぎ）」は、もう一度話し合いを行うことを表（あらわ）します。<br>「未協議」や「不協議」、「非協議」という言葉（ことば）はこの文脈（ぶんみゃく）では使われません。正解は「再」です。
JLPT_LK_N2_1262,言語知識,語彙,語形成,5,長年の研究成果が実を結び、業界初の新製品の ______ 化に成功した。,商品,製品,物品,作品,商品,この問題は高度（こうど）・発展（はってん）レベルの複合語（ふくごうご）の問題です。<br>研究（けんきゅう）やアイデアを、実際に売り出せる「商品（しょうひん）」の形にすることを「商品化（しょうひんか）」と言います。<br>「製品化（せいひんか）」も存在しますが、「業界初（ぎょうかいはつ）の新製品（しんせいひん）の〜」と文章の中ですでに「製品」が使われているため、売るための形にするという意味で「商品化」が最も自然です。正解は「商品」です。
JLPT_LK_N2_1263,言語知識,語彙,文脈規定,1,暗くて足元が見えなかったので、階段で ______ つまずいてしまった。,危うく,思わず,うっかり,すんなり,うっかり,この問題は基礎（きそ）レベルの副詞（ふくし）の問題です。<br>「うっかり」は、注意（ちゅうい）が足りなくて失敗（しっぱい）してしまう様子（ようす）を表（あらわ）します。「うっかりつまずく」という使い方が自然（しぜん）です。<br>「危うく（あやうく）」は「危うく〜しそうになった（実際にはしなかった）」で使います。「思わず（おもわず）」は感情や反射で動くことです。「すんなり」はスムーズに進むことです。正解は「うっかり」です。
JLPT_LK_N2_1264,言語知識,語彙,文脈規定,3,新しくオープンしたレストランは、評判が良くて ______ 混んでいる。,常に,割と,めったに,むしろ,常に,この問題は標準（ひょうじゅん）的なレベルの副詞（ふくし）の問題です。<br>「常に（つねに）」は、いつでも・どんな時でも同じ状態（じょうたい）が続いている（いつも）という意味（いみ）です。「常に混んでいる」という使い方が正解です。<br>「割と（わりと）」は思ったよりという意味です。「めったに」は打ち消しと一緒に使います。「むしろ」は比べるときに使います。正解は「常に」です。
JLPT_LK_N2_1265,言語知識,語彙,文脈規定,4,事故の知らせを聞いて、家族は ______ 現場へと向かった。,一目散に,着々と,点々と,続々と,一目散に,この問題は応用（おうよう）レベルの副詞（ふくし）・四字熟語の問題です。<br>「一目散に（いちもくさんに）」は、脇目（わきめ）もふらずに一気に（いっきに）急いで（いそいで）走る・向かう様子（ようす）を表（あらわ）します。<br>「着々と（ちゃくちゃくと）」は順調に進む様子です。「点々と（てんてんと）」はあちこちにある様子です。「続々と（ぞくぞくと）」は次々と来る様子です。正解は「一目散に」です。
JLPT_LK_N2_1266,言語知識,語彙,言い換え類義,2,彼はいつも <u>几帳面な</u> 性格で、部屋も綺麗に整頓されている。,きちんとした,大ざっぱな,大人しい,頑固な,きちんとした,この問題は基本（きほん）的なレベルの類義語（るいぎご）の問題です。<br>「几帳面（きちょうめん）」は、細かいところまで注意（ちゅうい）が行き届き、ルールや約束を「きちんとする」様子（ようす）を表（あらわ）します。<br>「大ざっぱな（おおざっぱな）」は雑（ざつ）なことです。「大人しい（おとなしい）」は静かなことです。「頑固な（がんこな）」は意見を変えないことです。正解は「きちんとした」です。
JLPT_LK_N2_1267,言語知識,語彙,言い換え類義,3,彼の主張は論理的で、非常に <u>説得力</u> がある。,納得させる力,威圧する力,感動させる力,変化させる力,納得させる力,この問題は標準（ひょうじゅん）的なレベルの類義語（るいぎご）の問題です。<br>「説得力（せっとくりょく）」は、相手に自分の意見（いけん）を理解（りかい）させ、「納得（なっとく）させる力（ちから）」を意味（いみ）します。<br>「威圧（いあつ）する力」は恐怖で抑えつけることです。「感動（かんどう）させる力」は心を動かすことです。正解は「納得させる力」です。
JLPT_LK_N2_1268,言語知識,語彙,用法,1,<u>蓄える</u>,将来のために、若いうちからしっかり知識やお金を蓄えておくべきだ。,部屋が散らかってきたので、いらない物を箱に蓄えた。,雨が激しく降ってきたので、持っていた傘を蓄えて歩いた。,友達と仲直りをするために、プレゼントを蓄えて渡した。,将来のために、若いうちからしっかり知識やお金を蓄えておくべきだ。,この問題は基礎（きそ）レベルの動詞（どうし）の用法問題です。<br>「蓄える（たくわえる）」は、将来（しょうらい）のために金品（きんぴん）や知識（ちしき）、体力（たいりょく）などを貯めて（ためて）準備（じゅんび）しておくときに使います。「お金や知識を蓄える」という文章（ぶんしょう）が正解です。<br>不要な物を箱に入れる場合は「片付ける（かたづける）」や「入れる」、傘を開く場合は「差す（さす）」、プレゼントを用意する場合は「用意（ようい）する」を使います。正解は「将来のために、若いうちからしっかり知識やお金を蓄えておくべきだ。」です。
JLPT_LK_N2_1269,言語知識,語彙,用法,4,<u>見合わせる</u>,悪天候のため、本日予定されていた花火大会は見合わせることになった。,期限が切れたカードを新しく見合わせて使用した。,道に迷ってしまったので、近くの人に見合わせて尋ねた。,荷物が重すぎたので、途中でカバンを見合わせて持った。,悪天候のため、本日予定されていた花火大会は見合わせることになった。,この問題は応用（おうよう）レベルの動詞（どうし）の用法問題です。<br>「見合わせる（みあわせる）」は、状況（じょうきょう）を見て、予定（よてい）していた行事（ぎょうじ）や行動（こうどう）を一時的に（いちじてきに）中止（ちゅうし）または延期（えんき）するときに使います。「イベントを見合わせる」という使い方が正解です。<br>カードを新しくする場合は「更新（こうしん）する」、人に聞く場合は「声をかける」、荷物の持ち方を変える場合は「持ち替える（もちかえる）」を使います。正解は「悪天候のため、本日予定されていた花火大会は見合わせることになった。」です。
JLPT_LK_N2_1270,言語知識,語彙,用法,5,<u>あらかじめ</u>,トラブルを回避するため、必要な書類はあらかじめ準備しておいた。,あらかじめ遅刻してしまい、先生に怒られてしまった。,激しい運動をした後なので、あらかじめ喉が渇いた。,あらかじめ雨が降り出したので、走って家へ帰った。,トラブルを回避するため、必要な書類はあらかじめ準備しておいた。,この問題は高度（こうど）・発展（はってん）レベルの副詞（ふくし）の用法問題です。<br>「あらかじめ」は、何かが起こる前（まえ）に「事前に（じぜんに）」「前もって」準備（じゅんび）や確認（かくにん）をする行動（こうどう）と一緒に使います。「あらかじめ準備しておく」という使い方が正解です。<br>遅刻した結果、喉が渇いたこと、突然雨が降ってきたことなど、予定（よてい）や準備（じゅんび）ではない出来事に対して「あらかじめ」を使うのは誤り（あやまり）です。正解は「トラブルを回避するため、必要な書類はあらかじめ準備しておいた。」です。
JLPT_LK_N2_1271,言語知識,語彙,語形成,1,危険な場所には ______ 乱に入ってはいけない。,みだ,不,無,非,みだ,この問題は基礎（きそ）レベルの語形成（ごけいせい）の問題です。<br>「順番（じゅんばん）やルールを守らず、勝手（かって）に〜する」という意味（いみ）を表（あらわ）す言葉（ことば）は「みだりに」です。漢字（かんじ）では「妄りに」や「乱りに」と書きますが、複合動詞（ふくごうどうし）や副詞的（ふくしてき）に「みだりに入り込む（はいりこむ）」という使い方をします。<br>「不乱」や「無乱」、「非乱」という組み合わせ（くみあわせ）は不自然（ふしぜん）です。正解は「みだ」です。
JLPT_LK_N2_1272,言語知識,語彙,語形成,3,長年の研究の末、新薬の ______ 化に成功し、世界中で販売されることになった。,実用,実利,実態,実績,実用,この問題は標準（ひょうじゅん）的なレベルの複合語（ふくごうご）の問題です。<br>理論（りろん）や研究（けんきゅう）を、実際に使える状態（じょうたい）にすることを「実用化（じつようか）」と言います。<br>「実利化」や「実態化」、「実績化」という表現（ひょうげん）は日本語として使われません。正解は「実用」です。
JLPT_LK_N2_1273,言語知識,語彙,文脈規定,2,仕事の合間にストレッチをして、固まった筋肉を ______ 。,ほぐした,たたんだ,きたえた,おさえた,ほぐした,この問題は基本（きほん）的なレベルの動詞（どうし）の問題です。<br>「ほぐす」は、硬くなった（かたくなった）筋肉（きんにく）や緊張（きんちょう）を柔らかく（やわらかく）することを意味（いみ）します。「筋肉をほぐす」という使い方が正解です。<br>「たたむ」は服や紙を折りたたむことです。「きたえる」は強く練習することです。「おさえる」は動かないように止めることです。正解は「ほぐした」です。
JLPT_LK_N2_1274,言語知識,語彙,文脈規定,4,彼は自分の失敗を反省するどころか、______ 言い訳ばかりしている。,開き直って,引き返して,立ち向かって,思い切って,開き直って,この問題は応用（おうよう）レベルの複合動詞（ふくごうどうし）の問題です。<br>「開き直る（ひらきなおる）」は、急に態度（たいど）を変えて（かえて）、居直ったり（いなおったり）図々しい（ずうずうしい）態度をとったりすることを表（あらわ）します。<br>「引き返す（ひきかえす）」は元の場所に戻ることです。「立ち向かう（たちむかう）」は問題に対処することです。「思い切って（おもいきって）」は勇気を出すことです。正解は「開き直って」です。
JLPT_LK_N2_1275,言語知識,語彙,文脈規定,5,台風の影響で電車が遅れ、駅のホームは人で ______ していた。,ごった返し,うとうと,びしょびしょ,すんなり,ごった返し,この問題は高度（こうど）・発展（はってん）レベルの慣用句（かんようく）・オノマトペ表現の問題です。<br>「ごった返す（ごったがえす）」は、多くの人が集まって（あつまって）とても混雑（こんざつ）し、混乱（こんらん）している様子（ようす）を表（あらわ）します。<br>「うとうと」は眠る様子です。「びしょびしょ」は濡れている様子です。「すんなり」はスムーズに進む様子です。正解は「ごった返し」です。
JLPT_LK_N2_1276,言語知識,語彙,言い換え類義,2,彼はとても <u>几帳面な</u> 性格なので、仕事でミスをすることがほとんどない。,きちんとした,大ざっぱな,おとなしい,頑固な,きちんとした,この問題は基本（きほん）的なレベルの類義語（るいぎご）の問題です。<br>「几帳面（きちょうめん）」は、細かい（こまかい）ところまで注意（ちゅうい）が行き届き、ルールや約束を「きちんとする」様子（ようす）を表（あらわ）します。<br>「大ざっぱな（おおざっぱな）」は雑なことです。「おとなしい」は静かなことです。「頑固な（がんこな）」は意見を変えないことです。正解は「きちんとした」です。
JLPT_LK_N2_1277,言語知識,語彙,言い換え類義,4,この地域の経済は、観光業に <u>依存</u> している部分が大きい。,頼っている,貢献している,抵抗している,注目している,頼っている,この問題は応用（おうよう）レベルの類義語（るいぎご）の問題です。<br>「依存（いぞん）する」は、他（ほか）のものに「頼る（たよる）」こと、それがないと立ち行かない（たちゆかない）状態（じょうたい）を意味（いみ）します。<br>「貢献（こうけん）する」は役に立つことです。「抵抗（ていこう）する」は逆らうことです。「注目（ちゅうもく）する」は関心を持つことです。正解は「頼っている」です。
JLPT_LK_N2_1278,言語知識,語彙,用法,1,<u>蓄える</u>,災害に備えて、水や食料をしっかり蓄えておく。,部屋が散らかってきたので、いらない家具を外に蓄えた。,雨が激しく降ってきたので、持っていた傘を蓄えて走った。,友達と仲直りするために、手紙を蓄えて送った。,災害に備えて、水や食料をしっかり蓄えておく。,この問題は基礎（きそ）レベルの動詞（どうし）の用法問題です。<br>「蓄える（たくわえる）」は、将来（しょうらい）のために金品（きんぴん）や物（もの）、知識（ちしき）などを貯めて（ためて）準備（じゅんび）しておくときに使います。「水や食料を蓄える」という文章（ぶんしょう）が正解です。<br>不用品を片付ける場合は「処分する」、傘を開く場合は「差す（さす）」、手紙を書く場合は「書く（かく）」を使います。正解は「災害に備えて、水や食料をしっかり蓄えておく。」です。
JLPT_LK_N2_1279,言語知識,語彙,用法,3,<u>引き受ける</u>,急に休んだ同僚の代わりに、今日のプレゼンを引き受けた。,荷物が重すぎて歩けないので、車に荷物を引き受けた。,雨が降ってきたので、持っていた傘を引き受けて差した。,友達の家を訪問するために、事前に電話を引き受けた。,急に休んだ同僚の代わりに、今日のプレゼンを引き受けた。,この問題は標準（ひょうじゅん）的なレベルの複合動詞（ふくごうどうし）の用法問題です。<br>「引き受ける（ひきうける）」は、他人（たにん）からの頼み（たのみ）や仕事（しごと）、責任（せきにん）を自分がやることに同意（どうい）して受け取る（うけとる）ことです。「プレゼンや仕事を引き受ける」が正解です。<br>荷物を載せる場合は「載せる（のせる）」、傘をさす場合は「開く（ひらく）」、電話をする場合は「かける」を使います。正解は「急に休んだ同僚の代わりに、今日のプレゼンを引き受けた。」です。
JLPT_LK_N2_1280,言語知識,語彙,用法,5,<u>あらかじめ</u>,会議をスムーズに進めるため、質問事項をあらかじめまとめておいた。,あらかじめ風邪を引いてしまい、今日は会社を休んだ。,激しい運動をした後なので、あらかじめお腹が空いた。,あらかじめ財布を落としてしまい、とても困った。,会議をスムーズに進めるため、質問事項をあらかじめまとめておいた。,この問題は高度（こうど）・発展（はってん）レベルの副詞（ふくし）の用法問題です。<br>「あらかじめ」は、何かが起こる前（まえ）に「事前に（じぜんに）」「前もって」準備（じゅんび）や確認（かくにん）をする行動（こうどう）と一緒に使います。「あらかじめまとめておく」という使い方が正解です。<br>風邪を引くこと、お腹が空くこと、財布を落とすことなど、意図（いと）しないアクシデントや体の状態に対して「あらかじめ」を使うのは誤り（あやまり）です。正解は「会議をスムーズに進めるため、質問事項をあらかじめまとめておいた。」です。
JLPT_LK_N2_1281,言語知識,語彙,語形成,2,台風の接近に伴い、沿岸部では ______ 戒体制が取られている。,厳,重,高,深,厳,この問題は基本（きほん）的なレベルの語形成（ごけいせい）の問題です。<br>「きびしく注意（ちゅうい）して備える（そなえる）」ことを表（あらわ）すときは「厳（げん）」を使って「厳戒（げんかい）」と言います。「厳戒体制（げんかいたいせい）」という複合語（ふくごうご）でよく使われます。<br>「重戒」や「高戒」、「深戒」という表現（ひょうげん）は日本語にありません。正解は「厳」です。
JLPT_LK_N2_1282,言語知識,語彙,語形成,5,彼のアドバイスのおかげで、長年の悩みが ______ 解決した。,一挙に,一概に,一律に,一歩に,一挙に,この問題は高度（こうど）・発展（はってん）レベルの副詞的（ふくしてき）な語形成問題です。<br>「一挙に（いっきょに）」は、一回（いっかい）の行動（こうどう）で「一度（いちど）にまとめて」「一気に（いっきに）」問題を解決（かいけつ）したり変化（へんか）させたりする様子（ようす）を表（あらわ）します。<br>「一概に（いちがいに）」は打ち消しと一緒に使います。「一律に（いちりつに）」はみんな同じようにという意味です。「一歩に」という使い方はありません。正解は「一挙に」です。
JLPT_LK_N2_1283,言語知識,語彙,文脈規定,1,荷物が重くて一人で持てなかったので、友達に ______ もらった。,手伝って,助かって,教わって,預かって,手伝って,この問題は基礎（きそ）レベルの動詞（どうし）の問題です。<br>他人がしている作業（さぎょう）を一緒にやってあげることを「手伝う（てつだう）」と言います。「手伝ってもらう」という表現（ひょうげん）が自然（しぜん）です。<br>「助かる（たすかる）」は自動詞（じどうし）です。「教わる（おそわる）」は勉強などを習うことです。「預かる（あずかる）」は保管することです。正解は「手伝って」です。
JLPT_LK_N2_1284,言語知識,語彙,文脈規定,3,急な発表で驚いたが、彼の話を聞いて ______ 納得がいった。,おおいに,ようやく,めったに,むしろ,ようやく,この問題は標準（ひょうじゅん）的なレベルの副詞（ふくし）の問題です。<br>「ようやく」は、時間がかかったり苦労（くろう）したりした後に「やっと」目的（もくてき）が達成（たっせい）される様子（ようす）を表（あらわ）します。<br>「おおいに」はとても大きくという意味です。「めったに」は打ち消しと一緒に使います。「むしろ」は比べるときに使います。正解は「ようやく」です。
JLPT_LK_N2_1285,言語知識,語彙,文脈規定,4,重要な契約書を提出する前に、内容に誤りがないか何度も ______ 。,確かめた,確かめさせた,確かめられた,確かめようとした,確かめた,この問題は応用（おうよう）レベルの動詞（どうし）の文脈判定問題です。<br>自分が主体（しゅたい）となって誤り（あやまり）がないか調べる（しらべる）動作（どうさ）なので、能動形（のうどうけい）の「確かめた（たしかめた）」が入ります。<br>「確かめさせた」は誰かにやらせる使役形（しえきけい）、「確かめられた」は受身形（うけみけい）、「確かめようとした」は試みたができなかったニュアンスが含まれるため、文脈上「確かめた」が正解です。正解は「確かめた」です。
JLPT_LK_N2_1286,言語知識,語彙,言い換え類義,2,彼はどんな時でも <u>冷静に</u> 判断して行動することができる。,落ち着いて,急いで,真剣に,厳しく,落ち着いて,この問題は基本（きほん）的なレベルの類義語（るいぎご）の問題です。<br>「冷静（れいせい）」は、感情（かんじょう）にならずに「落ち着いて（おちついて）」物事（ものごと）を考える様子（ようす）を表（あらわ）します。<br>「急いで（いそいで）」は素早く行うことです。「真剣に（しんけんに）」は一生懸命行うことです。「厳しく（きびしく）」は厳格に行うことです。正解は「落ち着いて」です。
JLPT_LK_N2_1287,言語知識,語彙,言い換え類義,3,彼の提案は非常に画期的だが、少し <u>リスク</u> が高い。,危険,費用,価値,効果,危険,この問題は標準（ひょうじゅん）的なレベルの類義語（るいぎご）・カタカナ語の問題です。<br>「リスク」は、損害（そんがい）や失敗（しっぱい）をする可能性（かのうせい）、つまり「危険（きけん）」や「危険性（きけんせい）」を意味（いみ）します。<br>「費用（ひよう）」はお金のことです。「価値（かち）」は値打ちのことです。「効果（こうか）」は効き目のことです。正解は「危険」です。
JLPT_LK_N2_1288,言語知識,語彙,用法,1,<u>控える</u>,健康のために、甘いものを食べるのを少し控えている。,雨が激しく降ってきたので、持っていた傘を控えて走った。,友達の家を訪問するために、事前に電話を控えて行った。,部屋が散らかってきたので、いらない物を箱に控えた。,健康のために、甘いものを食べるのを少し控えている。,この問題は基礎（きそ）レベルの動詞（どうし）の用法問題です。<br>「控える（ひかえる）」は、度合い（どあい）を抑えたり（おさえたり）、行わないように注意（ちゅうい）したりするときに使います。「甘いものを控える」という使い方が正解です。<br>傘を開く場合は「差す（さす）」、電話をする場合は「かける」、物を整理する場合は「片付ける（かたづける）」を使います。正解は「健康のために、甘いものを食べるのを少し控えている。」です。
JLPT_LK_N2_1289,言語知識,語彙,用法,4,<u>すんなり</u>,最初は反対されると思ったが、提案はすんなり承認された。,荷物が重すぎて大変だったので、カバンをすんなり持って運んだ。,朝早く起きて運動をしたので、とてもすんなりした気分だ。,雨で服が濡れてしまったので、すんなり着替えた。,最初は反対されると思ったが、提案はすんなり承認された。,この問題は応用（おうよう）レベルの副詞（ふくし）・オノマトペの用法問題です。<br>「すんなり」は、問題（もんだい）や抵抗（ていこう）がなく、スムーズに物事（ものごと）が進む（すすむ）様子（ようす）を表（あらわ）します。「提案（ていあん）がすんなり通る・承認（しょうにん）される」という使い方が正解です。<br>荷物を持つこと、爽やかな気分になること、着替えることに対して「すんなり」を使うのは不自然（ふしぜん）です。正解は「最初は反対されると思ったが、提案はすんなり承認された。」です。
JLPT_LK_N2_1290,言語知識,語彙,用法,5,<u>損なう</u>,不用意な一言のせいで、彼との信頼関係を損なってしまった。,荷物が重すぎたので、途中でカバンを損なって持った。,間違えて注文した料理を、お店に頼んで損なってもらった。,部屋の明かりが暗いので、新しい電球に損なった。,不用意な一言のせいで、彼との信頼関係を損なってしまった。,この問題は高度（こうど）・発展（はってん）レベルの動詞（どうし）の用法問題です。<br>「損なう（そこなう）」は、良い状態（じょうたい）や健康（けんこう）、関係（かんけい）、機嫌（きげん）などを「傷つける（きずつける）」「悪くする（わるくする）」という意味（いみ）で使います。「信頼（しんらい）関係（かんけい）を損なう」や「健康を損なう」という文章（ぶんしょう）が正解です。<br>荷物の持ち方を変える場合は「持ち替える（もちかえる）」、注文をやめる場合は「取り消す（とりけす）」、電球を新しくする場合は「交換（こうかん）する」を使います。正解は「不用意な一言のせいで、彼との信頼関係を損なってしまった。」です。
JLPT_LK_N2_1291,言語知識,語彙,語形成,1,契約の内容を変更する場合は、事前の ______ 申し出が必要です。,文書,文面,文体,文字,文書,この問題は基礎（きそ）レベルの語形成（ごけいせい）の問題です。<br>手紙（てがみ）や書類（しょるい）の形でやり取りすることを「文書（ぶんしょ）」と言います。「文書による申し出」という使い方が正解（せいかい）です。<br>「文面（ぶんめん）」は文章の内容のことです。「文体（ぶんたい）」は文章の書き方のスタイルのことです。「文字（もじ）」はひらがなや漢字のことです。正解は「文書」です。
JLPT_LK_N2_1292,言語知識,語彙,語形成,4,新商品の開発にあたり、顧客のニーズを ______ に調査した。,多角化,多角的,多角性,多角感,多角的,この問題は応用（おうよう）レベルの接尾語（せつびご）・複合語（ふくごうご）の問題です。<br>「いろいろな視点（してん）や角度（かくど）から物事（ものごと）を見る様子（ようす）」を表（あらわ）すときは、「多角的（たかくてき）」という形（かたち）を使います。「多角的に調査する」が自然（しぜん）です。<br>「多角化（たかくか）」は事業などを広げることです。「多角性」や「多角感」という言葉は使われません。正解は「多角的」です。
JLPT_LK_N2_1293,言語知識,語彙,文脈規定,2,何度も失敗を繰り返したが、______ 諦めずに挑戦を続けた。,決して,割と,めったに,むしろ,決して,この問題は基本（きほん）的なレベルの副詞（ふくし）の問題です。<br>「決して（けっして）」は、打ち消し（「〜ない」）の言葉（ことば）と一緒に使って、「絶対に〜ない」という意味（いみ）を表（あらわ）します。「決して諦めない」という組み合わせがぴったりです。<br>「割と（わりと）」は思ったよりという意味です。「めったに」は回数が少ないことです。「むしろ」は比べるときに使います。正解は「決して」です。
JLPT_LK_N2_1294,言語知識,語彙,文脈規定,3,彼の身勝手な振る舞いに、周りのスタッフも ______ 呆れていた。,すっかり,すんなり,うとうと,着々と,すっかり,この問題は標準（ひょうじゅん）的なレベルの副詞（ふくし）の問題です。<br>「すっかり」は、完全に（かんぜんに）、全体（ぜんたい）がそうなってしまう様子（ようす）を表（あらわ）します。「すっかり呆れる（あきれる）」という使い方が自然（しぜん）です。<br>「すんなり」はスムーズに進む様子です。「うとうと」は眠る様子です。「着々と（ちゃくちゃくと）」は順調に進む様子です。正解は「すっかり」です。
JLPT_LK_N2_1295,言語知識,語彙,文脈規定,5,相手の巧みな話術に ______ 、要らない契約を結んでしまった。,のせられて,引き出されて,立て替えられて,持ち替えられて,のせられて,この問題は高度（こうど）・発展（はってん）レベルの慣用表現（かんようひょうげん）・受身動詞の問題です。<br>「話術（わじゅつ）にのせられる（乗せられる）」は、相手（あいて）のうまい言葉（ことば）や嘘（うそ）に騙されて（だまされて）行動（こうどう）してしまうことを意味（いみ）します。<br>「引き出される」は隠れたものを出されることです。「立て替えられる」は代わりにお金を払われることです。「持ち替えられる」は持ち方を変えられることです。正解は「のせられて」です。
JLPT_LK_N2_1296,言語知識,語彙,言い換え類義,2,彼はいつも <u>穏やかな</u> 顔つきをしていて、怒ったところを見たことがない。,大人しい,激しい,怪しい,厳しい,大人しい,この問題は基本（きほん）的なレベルの類義語（るいぎご）の問題です。<br>「穏やか（おだやか）」は、静かで（しずかで）落ち着いて（おちついて）いる様子（ようす）を表（あらわ）すので、「大人しい（おとなしい）」や「静かな」が近い意味（いみ）になります。<br>「激しい（はげしい）」は勢いが強いことです。「怪しい（あやしい）」は不審なことです。「厳しい（きびしい）」は厳格なことです。正解は「大人しい」です。
JLPT_LK_N2_1297,言語知識,語彙,言い換え類義,5,長年の夢だった自分の店をオープンできて、実に <u>感無量</u> だ。,胸がいっぱいだ,頭が痛い,腹が立つ,手が出ない,胸がいっぱいだ,この問題は高度（こうど）・発展（はってん）レベルの慣用句（かんようく）・四字熟語の類義問題です。<br>「感無量（かんむりょう）」は、深く（ふかく）感動（かんどう）して、言葉（ことば）にならないほど「胸（むね）がいっぱいになる」状態（じょうたい）を表（あらわ）します。<br>「頭が痛い」は悩みがあることです。「腹が立つ」は怒ることです。「手が出ない」は自分の能力を超えていて扱えないことです。正解は「胸がいっぱいだ」です。
JLPT_LK_N2_1298,言語知識,語彙,用法,1,<u>揃う</u>,必要な書類がすべて揃ったので、手続きを進めます。,雨が激しく降ってきたので、持っていた傘を揃えて差した。,荷物が重すぎて大変だったので、車に荷物を揃えた。,友達の家を訪問するために、事前に電話を揃えた。,必要な書類がすべて揃ったので、手続きを進めます。,この問題は基礎（きそ）レベルの動詞（どうし）の用法問題です。<br>「揃う（そろう）」は、必要な物（もの）や人（ひと）が欠けずに（かけずに）全員・全部分あつまる（集まる）ときに使います。「書類（しょるい）が揃う」という使い方が正解（せいかい）です。<br>傘を開く場合は「開く（ひらく）」、荷物を置く場合は「載せる（のせる）」、電話をする場合は「かける」を使います。正解は「必要な書類がすべて揃ったので、手続きを進めます。」です。
JLPT_LK_N2_1299,言語知識,語彙,用法,3,<u>妨げる</u>,大声で騒ぐ行為は、他人の睡眠を妨げる原因になる。,部屋が散らかってきたので、いらない家具を妨げた。,雨が激しく降ってきたので、持っていた傘を妨げて歩いた。,友達と仲直りをするために、プレゼントを妨げて渡した。,大声で騒ぐ行為は、他人の睡眠を妨げる原因になる。,この問題は標準（ひょうじゅん）的なレベルの動詞（どうし）の用法問題です。<br>「妨げる（さまたげる）」は、物事（ものごと）の進行（しんこう）や活動（かつどう）を邪魔（じゃま）してスムーズにいかなくさせるときに使います。「睡眠（すいみん）を妨げる」という文章（ぶんしょう）が正解（せいかい）です。<br>不用品を処分する場合は「処分（しょぶん）する」、傘を差す場合は「差す（さす）」、プレゼントを用意する場合は「渡す（わたす）」を使います。正解は「大声で騒ぐ行為は、他人の睡眠を妨げる原因になる。」です。
JLPT_LK_N2_1300,言語知識,語彙,用法,4,<u>見落とす</u>,確認不足のせいで、提出書類の重要なエラーを見落としてしまった。,荷物が重すぎて持てなかったので、友達に見落としてもらった。,途中で雨が降り出してきたので、タクシーに見落として乗った。,部屋の明かりが暗くなってきたので、新しい電球に見落とした。,確認不足のせいで、提出書類の重要なエラーを見落としてしまった。,この問題は応用（おうよう）レベルの複合動詞（ふくごうどうし）の用法問題です。<br>「見落とす（みおとす）」は、見て（みて）いるはずなのに、注意（ちゅうい）が足りずに気づかないで通り過ぎて（とおりすぎて）しまうことを意味（いみ）します。「エラーやミスを見落とす」という使い方が正解です。<br>荷物を手伝ってもらう場合は「手伝ってもらう」、タクシーを利用する場合は「乗り換える」、電球を替える場合は「交換する」を使います。正解は「確認不足のせいで、提出書類の重要なエラーを見落としてしまった。」です。
JLPT_LK_N2_1301,言語知識,語彙,語形成,1,今回は______ 参加なので、事前の申し込みは必要ありません。,自由,任意,勝手,自家,自由,この問題は基礎（きそ）レベルの語形成（ごけいせい）の問題です。<br>自分の意思（いし）で好きに（すきに）選べることを「自由（じゆう）」と言い、「自由参加（じゆうさんか）」という複合語（ふくごうご）でよく使われます。<br>「任意参加」と言うこともありますが、JLPT N2レベルの基礎語彙としては「自由参加」が最も一般的で自然（しぜん）です。「勝手参加」や「自家参加」という表現（ひょうげん）はありません。正解は「自由」です。
JLPT_LK_N2_1302,言語知識,語彙,語形成,4,新商品の開発に向けて、______ 専門的な調査を行うことが決まった。,より,一層,一段,さらに,より,この問題は応用（おうよう）レベルの接頭的（せっとうてき）な語形成問題です。<br>名詞（めいし）や形容詞（けいようし）の前について「もっと〜」「さらに〜」という意味（いみ）をつけ加える言葉として「より」を使い、「より専門的（せんもんてき）」という表現（ひょうげん）をつくります。<br>「一層専門的」や「さらに専門的」も文脈によっては副詞として使えますが、名詞句を直接修飾する接頭語的な使い方としては「より」が最も自然です。正解は「より」です。
JLPT_LK_N2_1303,言語知識,語彙,文脈規定,2,事件の______ を解き明かすために、警察は慎重に捜査を続けている。,真相,本音,素顔,実態,真相,この問題は基本（きほん）的なレベルの名詞（めいし）の問題です。<br>本当（ほんとう）の事情（じじょう）や本当の事実（じじつ）のことを「真相（しんそう）」と言います。「真相を解き明かす（ときあかす）」という組み合わせがぴったりです。<br>「本音（ほんね）」は本当の気持ちです。「素顔（すがお）」は化粧をしていない顔や本当の姿のことです。「実態（じったい）」は実際の状態のことです。正解は「真相」です。
JLPT_LK_N2_1304,言語知識,語彙,文脈規定,3,彼の身勝手な発言に、参加者は______ して返す言葉もなかった。,呆れて,うとうと,すんなり,着々と,呆れて,この問題は標準（ひょうじゅん）的なレベルの動詞（どうし）の文脈判定問題です。<br>相手（あいて）の言動（げんどう）があまりにも酷くて（ひどくて）、呆然（ぼうぜん）としたり嫌になったりすることを「呆れる（あきれる）」と言います。「呆れて返す言葉もない」という使い方が正解です。<br>「うとうと」は眠る様子です。「すんなり」はスムーズに進む様子です。「着々と（ちゃくちゃくと）」は順調に進む様子です。正解は「呆れて」です。
JLPT_LK_N2_1305,言語知識,語彙,文脈規定,5,これまでの議論の内容をまとめ、次のステップへ______ 移る。,スムーズに,一目散に,前もって,あらかじめ,スムーズに,この問題は高度（こうど）・発展（はってん）レベルの副詞（ふくし）の問題です。<br>滞り（とどこおり）や邪魔（じゃま）がなく、引っかからずに滑らかに（なめらかに）進む様子を「スムーズに」と言います。「スムーズに移る（うつる）」という文脈（ぶんみゃく）が自然です。<br>「一目散に（いちもくさんに）」はわき目も振らずに急いで走ることです。「前もって」や「あらかじめ」は事前に準備することです。正解は「スムーズに」です。
JLPT_LK_N2_1306,言語知識,語彙,言い換え類義,3,彼の態度は非常に <u>不快</u> だった。,いやだった,怪しかった,怖かった,悲しかった,いやだった,この問題は標準（ひょうじゅん）的なレベルの類義語（るいぎご）の問題です。<br>「不快（ふかい）」は、嫌な（いやな）気持ち（きもち）や気分（きぶん）が悪くなる様子（ようす）を表（あらわ）すので、「いやだった」が同じ意味（いみ）になります。<br>「怪しかった（あやしかった）」は不審なことです。「怖かった（こわかった）」は恐ろしいことです。「悲しかった（かなしかった）」は切ない気持ちです。正解は「いやだった」です。
JLPT_LK_N2_1307,言語知識,語彙,言い換え類義,5,彼の計画はいつも <u>緻密</u> に練られている。,細かく丁寧に,大ざっぱに,適当に,素早く,細かく丁寧に,この問題は高度（こうど）・発展（はってん）レベルの類義語（るいぎご）の問題です。<br>「緻密（ちみつ）」は、細かい（こまかい）ところまで注意（ちゅうい）が行き届いていて隙（すき）がない様子（ようす）、つまり「細かく丁寧に（ていねいに）」という意味（いみ）になります。<br>「大ざっぱに（おおざっぱに）」は雑なことです。「適当に（てきとうに）」はいい加減なことです。「素早く（すばやく）」は急いで行うことです。正解は「細かく丁寧に」です。
JLPT_LK_N2_1308,言語知識,語彙,用法,1,<u>蓄える</u>,来年の受験に向けて、今からしっかり学力を蓄えておく。,部屋が狭くなってきたので、いらない机を外に蓄えた。,雨が急に降り出してきたので、傘を蓄えて走った。,友達の結婚式を祝うために、プレゼントを蓄えて渡した。,来年の受験に向けて、今からしっかり学力を蓄えておく。,この問題は基礎（きそ）レベルの動詞（どうし）の用法問題です。<br>「蓄える（たくわえる）」は、将来（しょうらい）のために金品（きんぴん）や知識（ちしき）、実力（じつりょく）などを貯めて（ためて）準備（じゅんび）しておくときに使います。「学力（がくりょく）を蓄える」という文章（ぶんしょう）が正解（せいかい）です。<br>不要な家具を捨てる場合は「処分する」、傘を開く場合は「差す（さす）」、プレゼントを用意する場合は「用意する」を使います。正解は「来年の受験に向けて、今からしっかり学力を蓄えておく。」です。
JLPT_LK_N2_1309,言語知識,語彙,用法,2,<u>すんなり</u>,難解だと思われた交渉だったが、相手の理解を得てすんなり解決した。,荷物が重すぎて大変だったので、カバンをすんなり持って運んだ。,朝早く起きて散歩をしたので、とてもすんなりした気分になった。,雨で服が濡れてしまったので、急いで部屋ですんなり着替えた。,難解だと思われた交渉だったが、相手の理解を得てすんなり解決した。,この問題は基本（きほん）的なレベルの副詞（ふくし）の用法問題です。<br>「すんなり」は、問題（もんだい）や抵抗（ていこう）がなく、スムーズに物事（ものごと）が進む（すすむ）様子（ようす）を表（あらわ）します。「交渉（こうしょう）がすんなり解決（かいけつ）する」という使い方が正解（せいかい）です。<br>荷物を持つこと、気持ちが良いこと、着替えることに対して「すんなり」を使うのは不自然（ふしぜん）です。正解は「難解だと思われた交渉だったが、相手の理解を得てすんなり解決した。」です。
JLPT_LK_N2_1310,言語知識,語彙,用法,4,<u>見落とす</u>,何度も見直したつもりだったが、数字の入力ミスを見落としていた。,荷物が重すぎて持てなかったので、友達に見落としてもらった。,途中で雨が降ってきたので、タクシーに見落として乗った。,部屋の電球が切れて暗いので、新しい物に見落とした。,何度も見直したつもりだったが、数字の入力ミスを見落としていた。,この問題は応用（おうよう）レベルの複合動詞（ふくごうどうし）の用法問題です。<br>「見落とす（みおとす）」は、見て（みて）いるはずなのに、注意（ちゅうい）が足りずに気づかないで通り過ぎて（とおりすぎて）しまうことを意味（いみ）します。「入力（にゅうりょく）ミスを見落とす」という使い方が正解（せいかい）です。<br>荷物を手伝ってもらう場合は「手伝ってもらう」、タクシーを利用する場合は「乗り換える」、電球を替える場合は「交換する」を使います。正解は「何度も見直したつもりだったが、数字の入力ミスを見落としていた。」です。
JLPT_LK_N2_1311,言語知識,語彙,語形成,2,今後の対策を立てるため、過去のデータの ______ 分析を行った。,再,詳細,高,重,詳細,この問題は基本（きほん）レベルの語形成（ごけいせい）の問題です。<br>「細かく（こまかく）詳しく（くわしく）」分析（ぶんせき）することを「詳細（しょうさい）分析」や「詳細な分析」と言います。「詳細分析（しょうさいぶんせき）」という複合語（ふくごうご）でよく使われます。<br>「再分析」と言うこともありますが、「過去のデータの」という文脈で内容を詳しく調べる意味では「詳細分析」が最も自然（しぜん）です。「高分析」や「重分析」という言葉はありません。正解は「詳細」です。
JLPT_LK_N2_1312,言語知識,語彙,語形成,5,彼は ______ 知識だけでなく、実践的なスキルも兼ね備えている。,学術,専門,学問,理論,理論,この問題は高度（こうど）・発展（はってん）レベルの複合語（ふくごうご）・対比問題です。<br>「実践的（じっせんてき）なスキル（実際に行うこと）」と対（つい）になる言葉（ことば）は、頭の中で考える筋道である「理論（りろん）」です。「理論的知識」または複合語として「理論知識（りろんちしき）」という組み合わせがぴったり合います。<br>「学術知識」や「学問知識」は対比としてやや不自然です。正解は「理論」です。
JLPT_LK_N2_1313,言語知識,語彙,文脈規定,1,長時間の会議が終わって、______ ホッとした。,思わず,すんなり,着々と,うとうと,思わず,この問題は基礎（きそ）レベルの副詞（ふくし）の問題です。<br>「思わず（おもわず）」は、意識（いしき）して行うのではなく、自然（しぜん）と感情（かんじょう）や動作（どうさ）が出てしまう様子（ようす）を表（あらわ）します。「思わずホッとする（安心する）」という使い方が自然（しぜん）です。<br>「すんなり」はスムーズに進む様子です。「着々と（ちゃくちゃくと）」は順調に進む様子です。「うとうと」は眠る様子です。正解は「思わず」です。
JLPT_LK_N2_1314,言語知識,語彙,文脈規定,3,急な計画変更にもかかわらず、チーム全員が ______ 対応してくれた。,柔軟に,頑固に,急激に,極端に,柔軟に,この問題は標準（ひょうじゅん）的なレベルの副詞（ふくし）的表現の問題です。<br>「柔軟に（じゅうなんに）」は、状況（じょうきょう）の変化（へんか）に合わせて頭や行動を柔らかく（やわらかく）変化させて対応する様子（ようす）を表（あらわ）します。<br>「頑固に（がんこに）」は考えを変えないことです。「急激に（きゅうげきに）」は激しく変化することです。「極端に（きょくたんに）」は偏っていることです。正解は「柔軟に」です。
JLPT_LK_N2_1315,言語知識,語彙,文脈規定,4,自分の失敗を他人のせいにしようとする彼の態度に、誰もが ______ 。,呆れた,見落とした,引き返した,損なった,呆れた,この問題は応用（おうよう）レベルの感情・評価を表す動詞問題です。<br>「呆れる（あきれる）」は、相手（あいて）の言動（げんどう）があまりにも酷くて（ひどくて）、驚いたり嫌になったりして言葉が出ない状態（じょうたい）を表します。<br>「見落とす（みおとす）」はうっかり気づかないことです。「引き返す（ひきかえす）」は元の場所に戻ることです。「損なう（そこなう）」は傷つけることです。正解は「呆れた」です。
JLPT_LK_N2_1316,言語知識,語彙,言い換え類義,2,彼はとても <u>几帳面な</u> 性格で、机の上も綺麗に整理されている。,きちんとした,大ざっぱな,おとなしい,頑固な,きちんとした,この問題は基本（きほん）的なレベルの類義語（るいぎご）の問題です。<br>「几帳面（きちょうめん）」は、細かい（こまかい）ところまで注意（ちゅうい）が行き届き、ルールや身の回りを「きちんとする」様子（ようす）を表（あらわ）します。<br>「大ざっぱな」は雑なことです。「おとなしい」は静かなことです。「頑固な」は意見を変えないことです。正解は「きちんとした」です。
JLPT_LK_N2_1317,言語知識,語彙,言い換え類義,4,お互いの譲れない主張がぶつかり、議論は完全に <u>平行線</u> をたどった。,一致しなかった,進んだ,解決した,終わった,一致しなかった,この問題は応用（おうよう）レベルの比喩表現・類義語問題です。<br>「平行線（へいこうせん）をたどる」は、2つの意見（いけん）が交わらず（まじわらず）、いつまでも「一致（いっち）しない」「交わらない」状態（じょうたい）が続くことを意味（いみ）します。<br>「進んだ」や「解決した」、「終わった」は「平行線をたどる」の意味とは違います（ちがいます）。正解は「一致しなかった」です。
JLPT_LK_N2_1318,言語知識,語彙,用法,1,<u>控える</u>,体調を管理するため、お酒を飲むのを少し控えている。,雨が強く降ってきたので、持っていた傘を控えて走った。,友達の家を訪問するために、事前に電話を控えて行った。,部屋が散らかってきたので、いらない物を箱に控えた。,体調を管理するため、お酒を飲むのを少し控えている。,この問題は基礎（きそ）レベルの動詞（どうし）の用法問題です。<br>「控える（ひかえる）」は、数量（すうりょう）や度合い（どあい）を抑えたり（おさえたり）、行わないように注意（ちゅうい）したりするときに使います。「お酒を控える」という使い方が正解（せいかい）です。<br>傘を開く場合は「差す（さす）」、電話をする場合は「かける」、物を片付ける場合は「入れる」を使います。正解は「体調を管理するため、お酒を飲むのを少し控えている。」です。
JLPT_LK_N2_1319,言語知識,語彙,用法,3,<u>すんなり</u>,最初は心配されたが、新しいシステムはすんなり導入された。,荷物が重すぎて大変だったので、カバンをすんなり持って運んだ。,朝早く起きて運動をしたので、とてもすんなりした気分になった。,雨で服が濡れてしまったので、部屋ですんなり着替えた。,最初は心配されたが、新しいシステムはすんなり導入された。,この問題は標準（ひょうじゅん）的なレベルの副詞（ふくし）の用法問題です。<br>「すんなり」は、問題（もんだい）や抵抗（ていこう）がなく、スムーズに物事（ものごと）が進む（すすむ）様子（ようす）を表（あらわ）します。「システムがすんなり導入（どうにゅう）される」という使い方が正解（せいかい）です。<br>荷物を持つこと、爽やかな気分になること、着替えることに対して「すんなり」を使うのは不自然（ふしぜん）です。正解は「最初は心配されたが、新しいシステムはすんなり導入された。」です。
JLPT_LK_N2_1320,言語知識,語彙,用法,5,<u>あらかじめ</u>,当日の混乱を防ぐため、集合場所はあらかじめ確認しておいた。,あらかじめ風邪を引いてしまい、今日の会議を欠席した。,運動をした後だったので、あらかじめ喉が渇いた。,あらかじめ財布を落としてしまい、とても困った。,当日の混乱を防ぐため、集合場所はあらかじめ確認しておいた。,この問題は高度（こうど）・発展（はってん）レベルの副詞（ふくし）の用法問題です。<br>「あらかじめ」は、何かが起こる前（まえ）に「事前に（じぜんに）」「前もって」準備（じゅんび）や確認（かくにん）をする行動（こうどう）と一緒に使います。「あらかじめ確認しておく」という使い方が正解（せいかい）です。<br>風邪を引くこと、喉が渇くこと、財布を落とすことなど、不測（ふそく）のアクシデントや生理的（せいりてき）な状態に対して「あらかじめ」を使うのは誤り（あやまり）です。正解は「当日の混乱を防ぐため、集合場所はあらかじめ確認しておいた。」です。
JLPT_LK_N2_1321,言語知識,語彙,語形成,1,事故を防ぐため、工場内では作業員の ______ 着着用が義務付けられている。,安全,安心,安定,安易,安全,この問題は基礎（きそ）レベルの語形成（ごけいせい）の問題です。<br>危険（きけん）がない状態（じょうたい）を表す「安全（あんぜん）」を「着（ちゃく）」の前につけて、「安全着（あんぜんちゃく）」や「安全服（あんぜんふく）」といった複合語（ふくごうご）を作ります。「安全着着用」という使い方が正解（せいかい）です。<br>「安心着」や「安定着」、「安易着」という言葉はありません。正解は「安全」です。
JLPT_LK_N2_1322,言語知識,語彙,語形成,4,新しい施策の導入により、業務の効率 ______ が期待されている。,化,性,感,度,化,この問題は応用（おうよう）レベルの接尾語（せつびご）の問題です。<br>「効率（こうりつ）」のあとに「化（か）」をつけると、「効率化（こうりつか）」となり、「効率を良くすること・状態を変えること」を意味（いみ）します。<br>「効率性」という言葉もありますが、「期待されている」という動詞の前で「効率を良くする変化」を表す場面では「効率化」が最も自然（しぜん）です。正解は「化」です。
JLPT_LK_N2_1323,言語知識,語彙,文脈規定,2,台風の接近に伴い、暴風警報が ______ された。,発令,発表,発信,発想,発令,この問題は基本（きほん）的なレベルの名詞（めいし）・動詞の問題です。<br>警報（けいほう）や命令（めいれい）などを公式（こうしき）に出すことを「発令（はつれい）する」と言います。「警報が発令される」という文脈（ぶんみゃく）がぴったり合います。<br>「発表（はっぴょう）」はニュースなどを知らせることです。「発信（はっしん）」は電波やメールを送ることです。「発想（はっそう）」はアイデアを思いつくことです。正解は「発令」です。
JLPT_LK_N2_1324,言語知識,語彙,文脈規定,3,友達の冗談が可笑しくて、______ 笑ってしまった。,思わず,すんなり,めったに,むしろ,思わず,この問題は標準（ひょうじゅん）的なレベルの副詞（ふくし）の問題です。<br>「思わず（おもわず）」は、自分で意識（いしき）しないまま、自然（しぜん）と感情（かんじょう）や行動（こうどう）が出てしまう様子（ようす）を表（あらわ）します。「思わず笑う」という表現（ひょうげん）が自然（しぜん）です。<br>「すんなり」はスムーズに進む様子です。「めったに」は打ち消しと一緒に使います。「むしろ」は比べるときに使います。正解は「思わず」です。
JLPT_LK_N2_1325,言語知識,語彙,文脈規定,5,これ以上のトラブルを避けるため、プロジェクトの継続を ______ 。,断念した,引き返した,立て替えた,払い戻した,断念した,this問題は高度（こうど）・発展（はってん）レベルの動詞（どうし）の問題です。<br>「断念（だんねん）する」は、途中で（とちゅうで）諦めて（あきらめて）やめることを意味（いみ）します。「継続（けいぞく）を断念する」という使い方が正解です。<br>「引き返す（ひきかえす）」は元の場所に戻ることです。「立て替える（たてかえる）」は代わりに支払うことです。「払い戻す（はらいもどす）」はお金を返すことです。正解は「断念した」です。
JLPT_LK_N2_1326,言語知識,語彙,言い換え類義,2,彼はとても <u>几帳面な</u> 性格なので、部屋も綺麗に掃除されている。,きちんとした,大ざっぱな,おとなしい,頑固な,きちんとした,この問題は基本（きほん）的なレベルの類義語（るいぎご）の問題です。<br>「几帳面（きちょうめん）」は、細かい（こまかい）ところまで注意（ちゅうい）が行き届き、ルールや身の回りを「きちんとする」様子（ようす）を表（あらわ）します。<br>「大ざっぱな」は雑なことです。「おとなしい」は静かなことです。「頑固な」は意見を変えないことです。正解は「きちんとした」です。
JLPT_LK_N2_1327,言語知識,語彙,言い換え類義,4,今回の新商品の売ゆきは、予想以上に <u>順調</u> だ。,スムーズだ,深刻だ,複雑だ,曖昧だ,スムーズだ,この問題は応用（おうよう）レベルの類義語（るいぎご）の問題です。<br>「順調（じゅんちょう）」は、問題（もんだい）や障害（しょうがい）がなく「スムーズに進んで（すすんで）いる」状態（じょうたい）を表（あらわ）します。<br>「深刻（しんこく）だ」は問題が重いことです。「複雑（ふくざつ）だ」はわかりにくいことです。「曖昧（あいまい）だ」は不確かなことです。正解は「スムーズだ」です。
JLPT_LK_N2_1328,言語知識,語彙,用法,1,<u>蓄える</u>,将来の生活のために、毎月少しずつお金を蓄えている。,部屋が散らかってきたので、いらない物を箱に蓄えた。,雨が激しく降ってきたので、持っていた傘を蓄えて走った。,友達と仲直りするために、プレゼントを蓄えて渡した。,将来の生活のために、毎月少しずつお金を蓄えている。,この問題は基礎（きそ）レベルの動詞（どうし）の用法問題です。<br>「蓄える（たくわえる）」は、将来（しょうらい）のために金品（きんぴん）や知識（ちしき）などを貯めて（ためて）準備（じゅんび）しておくときに使います。「お金を蓄える」という文章（ぶんしょう）が正解（せいかい）です。<br>不用品を箱に入れる場合は「片付ける（かたづける）」や「入れる」、傘を開く場合は「差す（さす）」、プレゼントを用意する場合は「準備（じゅんび）する」を使います。正解は「将来の生活のために、毎月少しずつお金を蓄えている。」です。
JLPT_LK_N2_1329,言語知識,語彙,用法,3,<u>すんなり</u>,最初は反対されたが、私の企画書はすんなり採用された。,荷物が重すぎて大変だったので、カバンをすんなり持って運んだ。,朝早く起きて運動をしたので、とてもすんなりした気分になった。,雨で服が濡れてしまったので、部屋ですんなり着替えた。,最初は反対されたが、私の企画書はすんなり採用された。,この問題は標準（ひょうじゅん）的なレベルの副詞（ふくし）の用法問題です。<br>「すんなり」は、問題（もんだい）や抵抗（ていこう）がなく、スムーズに物事（ものごと）が進む（すすむ）様子（ようす）を表（あらわ）します。「企画書（きかくしょ）がすんなり採用（さいよう）される」という使い方が正解（せいかい）です。<br>荷物を持つこと、爽やかな気分になること、着替えることに対して「すんなり」を使うのは不自然（ふしぜん）です。正解は「最初は反対されたが、私の企画書はすんなり採用された。」です。
JLPT_LK_N2_1330,言語知識,語彙,用法,5,<u>あらかじめ</u>,混乱を避けるため、当日のスケジュールはあらかじめ配布しておいた。,あらかじめ風邪を引いてしまい、今日の仕事を休んだ。,激しい運動をした後だったので、あらかじめ喉が渇いた。,あらかじめ財布を落としてしまい、とても困った。,混乱を避けるため、当日のスケジュールはあらかじめ配布しておいた。,この問題は高度（こうど）・発展（はってん）レベルの副詞（ふくし）の用法問題です。<br>「あらかじめ」は、何かが起こる前（まえ）に「事前に（じぜんに）」「前もって」準備（じゅんび）や確認（かくにん）をする行動（こうどう）と一緒に使います。「あらかじめ配布（はいふ）しておく」という使い方が正解（せいかい）です。<br>風邪を引くこと、喉が渇くこと、財布を落とすことなど、不測（ふそく）のアクシデントや生理的（せいりてき）な状態に対して「あらかじめ」を使うのは誤り（あやまり）です。正解は「混乱を避けるため、当日のスケジュールはあらかじめ配布しておいた。」です。
JLPT_LK_N2_1331,言語知識,語彙,語形成,2,長引く不況の影響で、企業の ______ 雇用問題が表面化している。,非,未,不,無,非,この問題は基本（きほん）的なレベルの接頭語（せっとうご）に関する問題です。<br>「正規（せいき）ではない」という意味（いみ）を表（あらわ）すときは「非（ひ）」を使います。「非正規雇用（ひせいきこよう）」は、派遣（はけん）社員やパートなど、正規雇用ではない雇用形態（けいたい）のことです。<br>「未正規」や「不正規」、「無正規」という言葉は日本語として使われません。正解は「非」です。
JLPT_LK_N2_1332,言語知識,語彙,語形成,4,事故を未然に防ぐため、現場での ______ 徹底が求められている。,安全,安心,安定,安易,安全,この問題は応用（おうよう）レベルの複合語（ふくごうご）の問題です。<br>危険（きけん）がない状態（じょうたい）を保つためのルールや注意を守ることを「安全徹底（あんぜんてってい）」や「安全の徹底」と言います。「安全」という名詞（めいし）を前につけるのが最も自然（しぜん）です。<br>「安心徹底」や「安定徹底」、「安易徹底」という言葉（ことば）は使われません。正解は「安全」です。
JLPT_LK_N2_1333,言語知識,語彙,文脈規定,1,道路が混雑していたため、予定していた到着時間が ______ しまった。,遅れて,早まって,深まって,固まって,遅れて,この問題は基礎（きそ）レベルの動詞（どうし）の問題です。<br>時間（じかん）やスケジュールが予定（よてい）より後ろ（うしろ）になることを「遅れる（おくれる）」と言います。「時間が遅れる」という表現（ひょうげん）が正解です。<br>「早まる（はやまる）」は時間が前になることです。「深まる（ふかまる）」は秋や理解などが深くなることです。「固まる（かたまろ）」は硬くなることです。正解は「遅れて」です。
JLPT_LK_N2_1334,言語知識,語彙,文脈規定,3,彼の突然の告白に、彼女は ______ して言葉が出なかった。,あっけにとられて,うとうと,すんなり,着々と,あっけにとられて,この問題は標準（ひょうじゅん）的なレベルの慣用句（かんようく）・オノマトペ表現の問題です。<br>「あっけにとられる」は、思いがけない出来事（できごと）に非常に（ひじょうに）驚いて（おどろいて）、呆然（ぼうぜん）としてしまう様子（ようす）を表（あらわ）します。<br>「うとうと」は眠る様子です。「すんなり」はスムーズに進む様子です。「着々と（ちゃくちゃくと）」は順調に進む様子です。正解は「あっけにとられて」です。
JLPT_LK_N2_1335,言語知識,語彙,文脈規定,5,これまでの実績と人柄が ______ され、彼が新しいリーダーに選ばれた。,考慮,補足,維持,放置,考慮,この問題は高度（こうど）・発展（はってん）レベルの名詞（めいし）・文脈判定問題です。<br>「考慮（こうりょ）する」は、判断（はんだん）を下す（くだす）際に、色々な要素（ようそ）や事情（じじょう）をよく考える（かんがえる）ことを意味（いみ）します。「事情や実績が考慮される」という使い方が正解です。<br>「補足（ほそく）」は足りない部分を足すことです。「維持（いじ）」はそのまま保つことです。「放置（ほうち）」は放っておくことです。正解は「考慮」です。
JLPT_LK_N2_1336,言語知識,語彙,言い換え類義,2,彼女の明るい笑顔は、周囲の人々を <u>なごませる</u> 魅力がある。,リラックスさせる,驚かせる,混乱させる,緊張させる,リラックスさせる,この問題は基本（きほん）的なレベルの類義語（るいぎご）の問題です。<br>「なごませる（和ませる）」は、気持ち（きもち）や雰囲気が柔らかく（やわらかく）なり、落ち着く様子（ようす）を表（あらわ）すので、「リラックスさせる」や「和やかにする」と同じ意味（いみ）になります。<br>「驚かせる（おどろかせる）」や「混乱（こんらん）させる」、「緊張（きんちょう）させる」は正反対（せいはんたい）または異なる意味になります。正解は「リラックスさせる」です。
JLPT_LK_N2_1337,言語知識,語彙,言い換え類義,5,今回の事件に関して、彼は完全に <u>無実</u> であることが証明された。,罪がない,知識がない,責任がない,興味がない,罪がない,この問題は高度（こうど）・発展（はってん）レベルの類義語（るいぎご）の問題です。<br>「無実（むじつ）」は、悪いことや犯罪（はんざい）を行っておらず「罪（つみ）がない」状態（じょうたい）を意味（いみ）します。<br>「知識（ちしき）がない」や「責任（せきにん）がない」、「興味（きょうみ）がない」は「無実」の意味とは違います（ちがいます）。正解は「罪がない」です。
JLPT_LK_N2_1338,言語知識,語彙,用法,1,<u>蓄える</u>,災害が発生した時に備えて、避難所に食料を蓄えておく。,部屋が狭くなってきたので、いらない机を外に蓄えた。,雨が急に降ってきたので、傘を蓄えて走った。,友達の結婚式を祝うために、プレゼントを蓄えて渡した。,災害が発生した時に備えて、避難所に食料を蓄えておく。,この問題は基礎（きそ）レベルの動詞（どうし）の用法問題です。<br>「蓄える（たくわえる）」は、将来（しょうらい）のために物（もの）や金品（きんぴん）、知識（ちしき）などを貯めて（ためて）準備（じゅんび）しておくときに使います。「食料を蓄える」という文章（ぶんしょう）が正解（せいかい）です。<br>不用品を片付ける場合は「処分する」、傘を開く場合は「差す（さす）」、プレゼントを用意する場合は「準備する」を使います。正解は「災害が発生した時に備えて、避難所に食料を蓄えておく。」です。
JLPT_LK_N2_1339,言語知識,語彙,用法,3,<u>すんなり</u>,難航すると思われた話し合いだったが、すんなり合意に至った。,荷物が重すぎて大変だったので、カバンをすんなり持って運んだ。,朝早く起きて運動をしたので、とてもすんなりした気分になった。,雨で服が濡れてしまったので、部屋ですんなり着替えた。,難航すると思われた話し合いだったが、すんなり合意に至った。,この問題は標準（ひょうじゅん）的なレベルの副詞（ふくし）の用法問題です。<br>「すんなり」は、問題（もんだい）や抵抗（ていこう）がなく、スムーズに物事（ものごと）が進む（すすむ）様子（ようす）を表（あらわ）します。「合意（ごうい）に至る（いたる）」という使い方が正解（せいかい）です。<br>荷物を持つこと、爽やかな気分になること、着替えることに対して「すんなり」を使うのは不自然（ふしぜん）です。正解は「難航すると思われた話し合いだったが、すんなり合意に至った。」です。
JLPT_LK_N2_1340,言語知識,語彙,用法,4,<u>見落とす</u>,何度も書類を見直したのに、重要な日付のミスを見落としていた。,荷物が重すぎて持てなかったので、友達に見落としてもらった。,途中で雨が降ってきたので、タクシーに見落として乗った。,部屋の電球が切れて暗いので、新しい物に見落とした。,何度も書類を見直したのに、重要な日付のミスを見落としていた。,この問題は応用（おうよう）レベルの複合動詞（ふくごうどうし）の用法問題です。<br>「見落とす（みおとす）」は、見て（みて）いるはずなのに、注意（ちゅうい）が足りずに気づかないで通り過ぎて（とおりすぎて）しまうことを意味（いみ）します。「日付のミスを見落とす」という使い方が正解（せいかい）です。<br>荷物を手伝ってもらう場合は「手伝ってもらう」、タクシーを利用する場合は「乗り換える」、電球を替える場合は「交換する」を使います。正解は「何度も書類を見直したのに、重要な日付のミスを見落としていた。」です。
JLPT_LK_N2_1341,言語知識,語彙,語形成,1,非常時には ______ 乱に避難経路を変更してはいけない。,みだ,不,無,非,みだ,この問題は基礎（きそ）レベルの語形成（ごけいせい）の問題です。<br>「順番（じゅんばん）やルールを守らず、勝手（かって）に〜する」という意味（いみ）を表（あらわ）す言葉（ことば）は「みだりに」です。漢字（かんじ）では「妄りに」や「乱りに」と書きますが、動詞の前で「みだりに〜する」という形で使われます。<br>「不乱」や「無乱」、「非乱」という組み合わせ（くみあわせ）はこの意味では使いません。正解は「みだ」です。
JLPT_LK_N2_1342,言語知識,語彙,語形成,3,この商品は安全性と ______ 性に優れており、広く使われている。,実用,実利,実態,実績,実用,この問題は標準（ひょうじゅん）的なレベルの複合語（ふくごうご）の問題です。<br>実際に（じっさいに）役に立つ（やくにたつ）性質（せいしつ）や使いやすさのことを「実用性（じつようせい）」と言います。<br>「実利性」や「実態性」、「実績性」という言葉（ことば）は日本語として使われません。正解は「実用」です。
JLPT_LK_N2_1343,言語知識,語彙,文脈規定,2,長時間の運動で疲れた筋肉をストレッチで ______ 。,ほぐした,たたんだ,きたえた,おさえた,ほぐした,この問題は基本（きほん）的なレベルの動詞（どうし）の問題です。<br>「ほぐす」は、硬くなった（かたくなった）筋肉（きんにく）や緊張（きんちょう）を柔らかく（やわらかく）することを意味（いみ）します。「筋肉をほぐす」という使い方が正解です。<br>「たたむ」は折りたたむことです。「きたえる」は強く練習することです。「おさえる」は固定することです。正解は「ほぐした」です。
JLPT_LK_N2_1344,言語知識,語彙,文脈規定,4,指摘されたミスに対して、彼は反省するどころか ______ 怒り出した。,開き直って,引き返して,立ち向かって,思い切って,開き直って,この問題は応用（おうよう）レベルの複合動詞（ふくごうどうし）の問題です。<br>「開き直る（ひらきなおる）」は、自分の悪い立場（たちば）を認めず、急に強い（つよい）態度（たいど）や図々しい態度をとることを表（あらわ）します。<br>「引き返す（ひきかえす）」は元の場所に戻ることです。「立ち向かう（たちむかう）」は対処することです。「思い切って（おもいきって）」は勇気を出すことです。正解は「開き直って」です。
JLPT_LK_N2_1345,言語知識,語彙,文脈規定,5,通勤ラッシュの時間帯、駅の改札口は乗り換え客で ______ いた。,ごった返して,うとうとして,びしょびしょになって,すんなり進んで,ごった返して,この問題は高度（こうど）・発展（はってん）レベルの慣用表現・動詞の問題です。<br>「ごった返す（ごったがえす）」は、大勢（おおぜい）の人（ひと）が集まってとても混雑（こんざつ）し、大混乱（だいこんらん）している様子（ようす）を表（あらわ）します。<br>「うとうと」は眠る様子です。「びしょびしょ」は濡れている様子です。「すんなり」はスムーズに進む様子です。正解は「ごった返して」です。
JLPT_LK_N2_1346,言語知識,語彙,言い換え類義,2,彼はとても <u>几帳面な</u> 性格で、提出期限を遅れたことが一度もない。,きちんとした,大ざっぱな,おとなしい,頑固な,きちんとした,この問題は基本（きほん）的なレベルの類義語（るいぎご）の問題です。<br>「几帳面（きちょうめん）」は、細かい（こまかい）ところまで注意（ちゅうい）が行き届き、ルールや約束を「きちんとする」様子（ようす）を表（あらわ）します。<br>「大ざっぱな」は雑なことです。「おとなしい」は静かなことです。「頑固な」は意見を変えないことです。正解は「きちんとした」です。
JLPT_LK_N2_1347,言語知識,語彙,言い換え類義,4,祖父の代から続くこの会社は、地域の支援に大きく <u>依存</u> している。,頼っている,貢献している,抵抗している,注目している,頼っている,この問題は応用（おうよう）レベルの類義語（るいぎご）の問題です。<br>「依存（いぞん）する」は、他（ほか）のものに「頼る（たよる）」こと、それがないと成り立たない状態（じょうたい）を意味（いみ）します。<br>「貢献（こうけん）する」は役に立つことです。「抵抗（ていこう）する」は逆らうことです。「注目（ちゅうもく）する」は関心を持つことです。正解は「頼っている」です。
JLPT_LK_N2_1348,言語知識,語彙,用法,1,<u>蓄える</u>,冬の寒さに備えて、野生動物は体内に脂肪を蓄える。,部屋が散らかってきたので、いらない家具を外に蓄えた。,雨が激しく降ってきたので、持っていた傘を蓄えて走った。,友達と仲直りするために、手紙を蓄えて送った。,冬の寒さに備えて、野生動物は体内に脂肪を蓄える。,この問題は基礎（きそ）レベルの動詞（どうし）の用法問題です。<br>「蓄える（たくわえる）」は、将来（しょうらい）や必要な時のために物（もの）や栄養（えいよう）、知識（ちしき）などを貯めて（ためて）準備（じゅんび）しておくときに使います。「脂肪（しぼう）を蓄える」という文章（ぶんしょう）が正解（せいかい）です。<br>不用品を処理する場合は「処分する」、傘を開く場合は「差す（さす）」、手紙を書く場合は「書く（かく）」を使います。正解は「冬の寒さに備えて、野生動物は体内に脂肪を蓄える。」です。
JLPT_LK_N2_1349,言語知識,語彙,用法,3,<u>引き受ける</u>,上司から頼まれたため、新しいプロジェクトの責任者を喜んで引き受けた。,荷物が重すぎて歩けないので、車に荷物を引き受けた。,雨が降ってきたので、持っていた傘を引き受けて差した。,友達の家を訪問するために、事前に電話を引き受けた。,上司から頼まれたため、新しいプロジェクトの責任者を喜んで引き受けた。,この問題は標準（ひょうじゅん）的なレベルの複合動詞（ふくごうどうし）の用法問題です。<br>「引き受ける（ひきうける）」は、他人（たにん）からの頼み（たのみ）や仕事（しごと）、責任（せきにん）を自分がやることに同意（どうい）して受ける（うける）ことです。「責任者（せきにんしゃ）を引き受ける」が正解です。<br>荷物を載せる場合は「載せる（のせる）」、傘をさす場合は「開く（ひらく）」、電話をする場合は「かける」を使います。正解は「上司から頼まれたため、新しいプロジェクトの責任者を喜んで引き受けた。」です。
JLPT_LK_N2_1350,言語知識,語彙,用法,5,<u>あらかじめ</u>,トラブルを防止するため、注意事項をあらかじめ参加者に周知しておいた。,あらかじめ体調を崩してしまい、今日の旅行をキャンセルした。,激しい運動をした直後なので、あらかじめ汗をたくさんかいた。,あらかじめ鍵を無くしてしまい、家に入れなくなってしまった。,トラブルを防止するため、注意事項をあらかじめ参加者に周知しておいた。,この問題は高度（こうど）・発展（はってん）レベルの副詞（ふくし）の用法問題です。<br>「あらかじめ」は、何かが起こる前（まえ）に「事前に（じぜんに）」「前もって」準備（じゅんび）や確認（かくにん）をする行動（こうどう）と一緒に使います。「あらかじめ周知（しゅうち）しておく」という使い方が正解（せいかい）です。<br>体調を崩すこと、汗をかくこと、鍵を無くすことなど、不測（ふそく）のアクシデントや生理的（せいりてき）な現象に対して「あらかじめ」を使うのは誤り（あやまり）です。正解は「トラブルを防止するため、注意事項をあらかじめ参加者に周知しておいた。」です。
JLPT_LK_N2_1351,言語知識,語彙,語形成,1,非常時には避難経路を ______ 乱に変更してはいけない。,みだ,不,無,非,みだ,この問題は基礎（きそ）レベルの語形成（ごけいせい）の問題です。<br>「ルールや順番（じゅんばん）を守らず、勝手（かって）に〜する」という意味（いみ）を表（あらわ）す言葉（ことば）は「みだりに」です。漢字（かんじ）では「妄りに」や「乱りに」と書きますが、動詞の前で「みだりに〜する」という形で使われます。<br>「不乱」や「無乱」、「非乱」という組み合わせ（くみあわせ）はこの意味では使いません。正解は「みだ」です。
JLPT_LK_N2_1352,言語知識,語彙,語形成,3,長年の研究の成果により、この新技術の ______ 化が決定した。,実用,実利,実態,実績,実用,この問題は標準（ひょうじゅん）的なレベルの複合語（ふくごうご）の問題です。<br>理論（りろん）やアイデアを、実際に社会（しゃかい）で使える状態（じょうたい）にすることを「実用化（じつようか）」と言います。<br>「実利化」や「実態化」、「実績化」という表現（ひょうげん）は日本語として使われません。正解は「実用」です。
JLPT_LK_N2_1353,言語知識,語彙,文脈規定,2,長時間のパソコン作業で凝り固まった首を______ 。,ほぐした,たたんだ,きたえた,おさえた,ほぐした,この問題は基本（きほん）的なレベルの動詞（どうし）の問題です。<br>「ほぐす」は、硬くなった（かたくなった）筋肉（きんにく）や緊張（きんちょう）を柔らかく（やわらかく）することを意味（いみ）します。「首や筋肉をほぐす」という使い方が正解です。<br>「たたむ」は折りたたむことです。「きたえる」は強く練習することです。「おさえる」は固定することです。正解は「ほぐした」です。
JLPT_LK_N2_1354,言語知識,語彙,文脈規定,4,失敗を問いつめられた彼は、反省するどころか ______ 相手のミスを指摘した。,開き直って,引き返して,立ち向かって,思い切って,開き直って,この問題は応用（おうよう）レベルの複合動詞（ふくごうどうし）の問題です。<br>「開き直る（ひらきなおる）」は、自分の悪い立場（たちば）を認めず、急に強い（つよい）態度（たいど）や図々しい態度をとることを表（あらわ）します。<br>「引き返す（ひきかえす）」は元の場所に戻ることです。「立ち向かう（たちむかう）」は対処することです。「思い切って（おもいきって）」は勇気を出すことです。正解は「開き直って」です。
JLPT_LK_N2_1355,言語知識,語彙,文脈規定,5,バーゲン会場の店内は、掘り出し物を探す客で ______ いた。,ごった返して,うとうとして,びしょびしょになって,すんなり進んで,ごった返して,この問題は高度（こうど）・発展（はってん）レベルの慣用表現・動詞の問題です。<br>「ごった返す（ごったがえす）」は、大勢（おおぜい）の人（ひと）が集まってとても混雑（こんざつ）し、大混乱（だいこんらん）している様子（ようす）を表（あらわ）します。<br>「うとうと」は眠る様子です。「びしょびしょ」は濡れている様子です。「すんなり」はスムーズに進む様子です。正解は「ごった返して」です。
JLPT_LK_N2_1356,言語知識,語彙,言い換え類義,2,彼は非常に <u>几帳面な</u> 人で、毎日の日記を欠かさず書いている。,きちんとした,大ざっぱな,おとなしい,頑固な,きちんとした,この問題は基本（きほん）的なレベルの類義語（るいぎご）の問題です。<br>「几帳面（きちょうめん）」は、細かい（こまかい）ところまで注意（ちゅうい）が行き届き、ルールや約束を「きちんとする」様子（ようす）を表（あらわ）します。<br>「大ざっぱな」は雑なことです。「おとなしい」は静かなことです。「頑固な」は意見を変えないことです。正解は「きちんとした」です。
JLPT_LK_N2_1357,言語知識,語彙,言い換え類義,4,この施設の運営費は、地方自治体の補助金に多くを <u>依存</u> している。,頼っている,貢献している,抵抗している,注目している,頼っている,この問題は応用（おうよう）レベルの類義語（るいぎご）の問題です。<br>「依存（いぞん）する」は、他（ほか）のものに「頼る（たよる）」こと、それがないと成り立たない状態（じょうたい）を意味（いみ）します。<br>「貢献（こうけん）する」は役に立つことです。「抵抗（ていこう）する」は逆らうことです。「注目（ちゅうもく）する」は関心を持つことです。正解は「頼っている」です。
JLPT_LK_N2_1358,言語知識,語彙,用法,1,<u>蓄える</u>,厳しい冬を乗り越えるため、植物は根に養分を蓄える。,部屋が散らかってきたので、いらない家具を外に蓄えた。,雨が激しく降ってきたので、持っていた傘を蓄えて走った。,友達と仲直りするために、手紙を蓄えて送った。,厳しい冬を乗り越えるため、植物は根に養分を蓄える。,この問題は基礎（きそ）レベルの動詞（どうし）の用法問題です。<br>「蓄える（たくわえる）」は、将来（しょうらい）や必要な時のために物（もの）や栄養（えいよう）、知識（ちしき）などを貯めて（ためて）準備（じゅんび）しておくときに使います。「養分（ようぶん）を蓄える」という文章（ぶんしょう）が正解（せいかい）です。<br>不用品を処理する場合は「処分する」、傘を開く場合は「差す（さす）」、手紙を書く場合は「書く（かく）」を使います。正解は「厳しい冬を乗り越えるため、植物は根に養分を蓄える。」です。
JLPT_LK_N2_1359,言語知識,語彙,用法,3,<u>引き受ける</u>,同僚が病気で倒れたため、彼の担当していた業務を引き受けた。,荷物が重すぎて歩けないので、車に荷物を引き受けた。,雨が降ってきたので、持っていた傘を引き受けて差した。,友達の家を訪問するために、事前に電話を引き受けた。,同僚が病気で倒れたため、彼の担当していた業務を引き受けた。,この問題は標準（ひょうじゅん）的なレベルの複合動詞（ふくごうどうし）の用法問題です。<br>「引き受ける（ひきうける）」は、他人（たにん）からの頼み（たのみ）や仕事（しごと）、責任（せきにん）を自分がやることに同意（どうい）して受ける（うける）ことです。「業務（ぎょうむ）を引き受ける」が正解です。<br>荷物を載せる場合は「載せる（のせる）」、傘をさす場合は「開く（ひらく）」、電話をする場合は「かける」を使います。正解は「同僚が病気で倒れたため、彼の担当していた業務を引き受けた。」です。
JLPT_LK_N2_1360,言語知識,語彙,用法,5,<u>あらかじめ</u>,問い合わせをスムーズに行うため、会員番号をあらかじめ手元に用意しておいた。,あらかじめ体調を崩してしまい、今日の会議に出席できなかった。,激しい運動をした直後なので、あらかじめ汗をたくさんかいた。,あらかじめ財布を無くしてしまい、買い物ができなくなった。,問い合わせをスムーズに行うため、会員番号をあらかじめ手元に用意しておいた。,この問題は高度（こうど）・発展（はってん）レベルの副詞（ふくし）の用法問題です。<br>「あらかじめ」は、何かが起こる前（まえ）に「事前に（じぜんに）」「前もって」準備（じゅんび）や確認（かくにん）をする行動（こうどう）と一緒に使います。「あらかじめ用意（ようい）しておく」という使い方が正解（せいかい）です。<br>体調を崩すこと、汗をかくこと、財布を無くすことなど、不測（ふそく）のアクシデントや生理的（せいりてき）な現象に対して「あらかじめ」を使うのは誤り（あやまり）です。正解は「問い合わせをスムーズに行うため、会員番号をあらかじめ手元に用意しておいた。」です。
JLPT_LK_N2_1361,言語知識,語彙,語形成,1,契約書の______内容を変更する場合は、事前に書面で通知してください。,記載,記述,記録,記入,記載,この問題は基礎（きそ）レベルの語形成（ごけいせい）・語彙（ごい）の問題です。<br>書類（しょるい）や契約書（けいやくしょ）などに書いてあること・載って（のって）いることを「記載（きさい）」と言います。「記載内容（きさいないよう）」という複合語（ふくごうご）でよく使われます。<br>「記述内容」は文章で解説された内容、「記録」はデータやメモを残すこと、「記入」は枠の中に書く行為自体を指すため、文脈として「記載」が最も自然です。正解は「記載」です。
JLPT_LK_N2_1362,言語知識,語彙,語形成,4,新製品の開発にあたり、______機能を持たせることで他社との差別化を図った。,多,複,諸,雑,多,この問題は応用（おうよう）レベルの接頭語（せっとうご）の問題です。<br>「多くの〜」「様々な〜」という意味（いみ）の機能（きのう）を表（あらわ）すときは「多（た）」を使って「多機能（たきのう）」と言います。<br>「複機能」や「諸機能」、「雑機能」という言葉（ことば）はこの形では使われません。正解は「多」です。
JLPT_LK_N2_1363,言語知識,語彙,文脈規定,2,今回のプロジェクトの成功は、チーム全員の協力の______だ。,たまもの,あしからず,うとうと,すんなり,たまもの,この問題は基本（きほん）的なレベルの慣用表現（かんようひょうげん）・名詞（めいし）の問題です。<br>「〜のたまもの（賜物）」は、長年の努力（どりょく）や協力（きょうりょく）によって得られた良い結果（けっか）や成果（せいか）を表（あらわ）す言葉（ことば）です。<br>「あしからず」は断るときの表現、「うとうと」は眠る様子、「すんなり」はスムーズに進む様子です。正解は「たまもの」です。
JLPT_LK_N2_1364,言語知識,語彙,文脈規定,3,急な仕様変更にもかかわらず、現場のスタッフは______対応してくれた。,臨機応変に,一目散に,前もって,一概に,臨機応変に,この問題は標準（ひょうじゅん）的なレベルの四字熟語（よじじゅくご）・副詞的表現（ふくしてきひょうげん）の問題です。<br>「臨機応変に（りんきおうへんに）」は、その場（ば）の状況（じょうきょう）の変化（へんか）に応じて、適切（てきせつ）に行動（こうどう）を変えて（かえて）対応（たいおう）する様子（ようす）を表（あらわ）します。<br>「一目散に（いちもくさんに）」はわき目も振らずに急ぐこと、「前もって」は事前に準備すること、「一概に（いちがいに）」は打ち消しと一緒に使います。正解は「臨機応変に」です。
JLPT_LK_N2_1365,言語知識,語彙,文脈規定,5,彼の不用意な一言が、長年築いてきた信頼関係を______しまった。,台無しにして,引き出して,持ち替えて,立て替えて,台無しにして,この問題は高度（こうど）・発展（はってん）レベルの慣用句（かんようく）・動詞（どうし）の問題です。<br>「台無しにする（だいなしにする）」は、今までの努力（どりょく）や良い状態（じょうたい）を、すっかり駄目（だめ）にしてしまうことを意味（いみ）します。<br>「引き出す」は隠れたものを出すこと、「持ち替える」は持ち方を変えること、「立て替える」は代わりにお金を払うことです。正解は「台無しにして」です。
JLPT_LK_N2_1366,言語知識,語彙,言い換え類義,2,彼はとても <u>几帳面な</u> 人なので、約束の時間を破ることは決してない。,きちんとした,大ざっぱな,おとなしい,頑固な,きちんとした,この問題は基本（きほん）的なレベルの類義語（るいぎご）の問題です。<br>「几帳面（きちょうめん）」は、細かい（こまかい）ところまで注意（ちゅうい）が行き届き、ルールや約束を「きちんとする」様子（ようす）を表（あらわ）します。<br>「大ざっぱな」は雑なこと、「おとなしい」は静かなこと、「頑固な」は意見を変えないことです。正解は「きちんとした」です。
JLPT_LK_N2_1367,言語知識,語彙,言い換え類義,5,長年の研究が実を結び、画期的な発見に至ったことは <u>快挙</u> と言える。,素晴らしい成果,危険な失敗,複雑な問題,一時的な変化,素晴らしい成果,この問題は高度（こうど）・発展（はってん）レベルの類義語（るいぎご）の問題です。<br>「快挙（かいきょ）」は、胸がすくような「素晴らしい（すばらしい）出来事（できごと）や成果（せいか）」を意味（いみ）します。<br>「危険な失敗」や「複雑な問題」、「一時的な変化」は正反対または異なる意味になります。正解は「素晴らしい成果」です。
JLPT_LK_N2_1368,言語知識,語彙,用法,1,<u>蓄える</u>,来るべき試練に備えて、しっかり体力を蓄えておく。,部屋が散らかってきたので、いらない家具を外に蓄えた。,雨が激しく降ってきたので、持っていた傘を蓄えて走った。,友達と仲直りするために、手紙を蓄えて送った。,来るべき試練に備えて、しっかり体力を蓄えておく。,この問題は基礎（きそ）レベルの動詞（どうし）の用法問題です。<br>「蓄える（たくわえる）」は、将来（しょうらい）や必要な時のために物（もの）や体力（たいりょく）、知識（ちしき）などを貯めて（ためて）準備（じゅんび）しておくときに使います。「体力を蓄える」という文章（ぶんしょう）が正解（せいかい）です。<br>不用品を処理する場合は「処分する」、傘を開く場合は「差す（さす）」、手紙を書く場合は「書く（かく）」を使います。正解は「来るべき試練に備えて、しっかり体力を蓄えておく。」です。
JLPT_LK_N2_1369,言語知識,語彙,用法,3,<u>引き受ける</u>,先輩から頼まれたので、イベントの実行委員長を引き受けることにした。,荷物が重すぎて歩けないので、車に荷物を引き受けた。,雨が降ってきたので、持っていた傘を引き受けて差した。,友達の家を訪問するために、事前に電話を引き受けた。,先輩から頼まれたので、イベントの実行委員長を引き受けることにした。,この問題は標準（ひょうじゅん）的なレベルの複合動詞（ふくごうどうし）の用法問題です。<br>「引き受ける（ひきうける）」は、他人（たにん）からの頼み（たのみ）や役職（やくしょく）、責任（せきにん）を自分がやることに同意（どうい）して受ける（うける）ことです。「実行委員長を引き受ける」が正解です。<br>荷物を載せる場合は「載せる（のせる）」、傘をさす場合は「開く（ひらく）」、電話をする場合は「かける」を使います。正解は「先輩から頼まれたので、イベントの実行委員長を引き受けることにした。」です。
JLPT_LK_N2_1370,言語知識,語彙,用法,4,<u>あらかじめ</u>,セミナーの質疑応答をスムーズにするため、質問内容をあらかじめ集めておいた。,あらかじめ風邪を引いてしまい、今日の講座を休んだ。,激しい運動をした後なので、あらかじめ汗をたくさんかいた。,あらかじめ財布を無くしてしまい、買い物ができなくなった。,セミナーの質疑応答をスムーズにするため、質問内容をあらかじめ集めておいた。,この問題は応用（おうよう）レベルの副詞（ふくし）の用法問題です。<br>「あらかじめ」は、何かが起こる前（まえ）に「事前に（じぜんに）」「前もって」準備（じゅんび）や確認（かくにん）をする行動（こうどう）と一緒に使います。「あらかじめ集めておく」という使い方が正解（せいかい）です。<br>風邪を引くこと、汗をかくこと、財布を無くすことなど、不測（ふそく）のアクシデントや生理的（せいりてき）な現象に対して「あらかじめ」を使うのは誤り（あやまり）です。正解は「セミナーの質疑応答をスムーズにするため、質問内容をあらかじめ集めておいた。」です。
JLPT_LK_N2_1371,言語知識,語彙,語形成,1,危険防止のため、線路内への ______ 乱な立ち入りは禁止されている。,みだ,不,無,非,みだ,この問題は基礎（きそ）レベルの語形成（ごけいせい）の問題です。<br>「秩序（ちつじょ）や規則（きそく）を守らず、勝手（かって）に〜する」という意味（いみ）を表（あらわ）す言葉（ことば）は「みだりに」です。「みだりな＋名詞（めいし）」という形で、「みだりな立ち入り（たちいり）」と使います。<br>「不乱」や「無乱」、「非乱」という組み合わせ（くみあわせ）は不自然（ふしぜん）です。正解は「みだ」です。
JLPT_LK_N2_1372,言語知識,語彙,語形成,4,長年の基礎研究の成果が結実し、新素材の ______ 化がついに実現した。,実用,実利,実態,実績,実用,この問題は応用（おうよう）レベルの複合語（ふくごうご）の問題です。<br>理論（りろん）やアイデアを、実際に（じっさいに）役に立つ（やくにたつ）製品（せいひん）や技術（ぎじゅつ）の形（かたち）にすることを「実用化（じつようか）」と言います。<br>「実利化」や「実態化」、「実績化」という表現（ひょうげん）は日本語として使われません。正解は「実用」です。
JLPT_LK_N2_1373,言語知識,語彙,文脈規定,2,長時間の立ち仕事でパンパンに張った足を丁寧に ______ 。,ほぐした,たたんだ,きたえた,おさえた,ほぐした,この問題は基本（きほん）的なレベルの動詞（どうし）の問題です。<br>「ほぐす」は、硬くなった（かたくなった）筋肉（きんにく）や緊張（きんちょう）を柔らかく（やわらかく）することを意味（いみ）します。「足をほぐす」「筋肉をほぐす」という使い方が正解です。<br>「たたむ」は折りたたむことです。「きたえる」は強く練習することです。「おさえた」は押さえて固定することです。正解は「ほぐした」です。
JLPT_LK_N2_1374,言語知識,語彙,文脈規定,3,自分の非を認めようとせず、不満そうに ______ 逆ギレしてきた。,開き直って,引き返して,立ち向かって,思い切って,開き直って,この問題は標準（ひょうじゅん）的なレベルの複合動詞（ふくごうどうし）の問題です。<br>「開き直る（ひらきなおる）」は、自分の悪い立場（たちば）を反省（はんせい）せず、急に強い（つよい）態度（たいど）や図々しい（ずうずうしい）態度をとることを表（あらわ）します。<br>「引き返す（ひきかえす）」は元の場所に戻ることです。「立ち向かう（たちむかう）」は対抗することです。「思い切って（おもいきって）」は勇気を出すことです。正解は「開き直って」です。
JLPT_LK_N2_1375,言語知識,語彙,文脈規定,5,人気アーティストの限定グッズ売り場は、朝から大勢のファンで ______ いた。,ごった返して,うとうとして,びしょびしょになって,すんなり進んで,ごった返して,この問題は高度（こうど）・発展（はってん）レベルの慣用表現・動詞の問題です。<br>「ごった返す（ごったがえす）」は、大勢（おおぜい）の人（ひと）が集まってたいへん混雑（こんざつ）し、大混乱（だいこんらん）している様子（ようす）を表（あらわ）します。<br>「うとうと」は居眠りする様子です。「びしょびしょ」は水で濡れる様子です。「すんなり」はスムーズに進む様子です。正解は「ごった返して」です。
JLPT_LK_N2_1376,言語知識,語彙,言い換え類義,2,彼はいつも <u>几帳面な</u> 性格なので、デスク周りの整理整頓を怠らない。,きちんとした,大ざっぱな,おとなしい,頑固な,きちんとした,この問題は基本（きほん）的なレベルの類義語（るいぎご）の問題です。<br>「几帳面（きちょうめん）」は、細かい（こまかい）ところまで注意（ちゅうい）が行き届き、ルールや身の回りを「きちんとする」様子（ようす）を表（あらわ）します。<br>「大ざっぱな」は雑なこと、「おとなしい」は静かなこと、「頑固な」は意見を変えないことです。正解は「きちんとした」です。
JLPT_LK_N2_1377,言語知識,語彙,言い換え類義,5,わが国の観光産業は、海外からの外国人観光客に大きく <u>依存</u> している。,頼っている,貢献している,抵抗している,注目している,頼っている,この問題は高度（こうど）・発展（はってん）レベルの類義語（るいぎご）の問題です。<br>「依存（いぞん）する」は、自立（じりつ）せずに他（ほか）のものに「頼る（たよる）」こと、それがないと成り立たない状態（じょうたい）を意味（いみ）します。<br>「貢献（こうけん）する」は役に立つこと、「抵抗（ていこう）する」は逆らうこと、「注目（ちゅうもく）する」は関心を持つことです。正解は「頼っている」です。
JLPT_LK_N2_1378,言語知識,語彙,用法,1,<u>蓄える</u>,来るべき冬の寒さに備え、小動物たちは木の実を巣に蓄える。,部屋が散らかってきたので、いらない家具を外に蓄えた。,雨が激しく降ってきたので、持っていた傘を蓄えて走った。,友達と仲直りするために、手紙を蓄えて送った。,来るべき冬の寒さに備え、小動物たちは木の実を巣に蓄える。,この問題は基礎（きそ）レベルの動詞（どうし）の用法問題です。<br>「蓄える（たくわえる）」は、将来（しょうらい）や必要な時のために物（もの）や栄養（えいよう）、知識（ちしき）などを貯めて（ためて）準備（じゅんび）しておくときに使います。「木の実を蓄える」という文章（ぶんしょう）が正解（せいかい）です。<br>不用品を処理する場合は「処分する」、傘を開く場合は「差す（さす）」、手紙を書く場合は「書く（かく）」を使います。正解は「来るべき冬の寒さに備え、小動物たちは木の実を巣に蓄える。」です。
JLPT_LK_N2_1379,言語知識,語彙,用法,3,<u>引き受ける</u>,突然の依頼だったが、困っている彼のためにプロジェクトのリーダーを引き受けた。,荷物が重すぎて歩けないので、車に荷物を引き受けた。,雨が降ってきたので、持っていた傘を引き受けて差した。,友達の家を訪問するために、事前に電話を引き受けた。,突然の依頼だったが、困っている彼のためにプロジェクトのリーダーを引き受けた。,この問題は標準（ひょうじゅん）的なレベルの複合動詞（ふくごうどうし）の用法問題です。<br>「引き受ける（ひきうける）」は、他人（たにん）からの頼み（たのみ）や仕事（しごと）、責任（せきにん）を自分がやることに同意（どうい）して受ける（うける）ことです。「リーダーを引き受ける」が正解です。<br>荷物を載せる場合は「載せる（のせる）」、傘をさす場合は「開く（ひらく）」、電話をする場合は「かける」を使います。正解は「突然の依頼だったが、困っている彼のためにプロジェクトのリーダーを引き受けた。」です。
JLPT_LK_N2_1380,言語知識,語彙,用法,4,<u>あらかじめ</u>,当日の受付作業をスムーズにするため、必要な書類はあらかじめ記入しておいた。,あらかじめ体調を崩してしまい、今日の会議に出席できなかった。,激しい運動をした直後なので、あらかじめ汗をたくさんかいた。,あらかじめ財布を無くしてしまい、買い物ができなくなった。,当日の受付作業をスムーズにするため、必要な書類はあらかじめ記入しておいた。,この問題は応用（おうよう）レベルの副詞（ふくし）の用法問題です。<br>「あらかじめ」は、何かが起こる前（まえ）に「事前に（じぜんに）」「前もって」準備（じゅんび）や確認（かくにん）をする行動（こうどう）と一緒に使います。「あらかじめ記入（きにゅう）しておく」という使い方が正解（せいかい）です。<br>体調を崩すこと、汗をかくこと、財布を無くすことなど、不測（ふそく）のアクシデントや生理的（せいりてき）な現象に対して「あらかじめ」を使うのは誤り（あやまり）です。正解は「当日の受付作業をスムーズにするため、必要な書類はあらかじめ記入しておいた。」です。
JLPT_LK_N2_1381,言語知識,語彙,語形成,1,非常時には避難通路へ ______ 乱に物を置いてはいけない。,みだ,不,無,非,みだ,この問題は基礎（きそ）レベルの語形成（ごけいせい）の問題です。<br>「秩序（ちつじょ）やルールを守らず、勝手（かって）に〜する」という意味（いみ）を表（あらわ）す言葉（ことば）は「みだりに」です。漢字（かんじ）では「妄りに」や「乱りに」と書きますが、動詞の前で「みだりに〜する」という形で使われます。<br>「不乱」や「無乱」、「非乱」という組み合わせ（くみあわせ）はこの意味では使いません。正解は「みだ」です。
JLPT_LK_N2_1382,言語知識,語彙,語形成,3,この新技術の ______ 化により、作業コストが大幅に削減された。,実用,実利,実態,実績,実用,この問題は標準（ひょうじゅん）的なレベルの複合語（ふくごうご）の問題です。<br>理論（りろん）やアイデアを、実際に社会（しゃかい）で使える状態（じょうたい）にすることを「実用化（じつようか）」と言います。<br>「実利化」や「実態化」、「実績化」という表現（ひょうげん）は日本語として使われません。正解は「実用」です。
JLPT_LK_N2_1383,言語知識,語彙,文脈規定,2,立ち仕事でカチコチに凝ったふくらはぎをマッサージで ______ 。,ほぐした,たたんだ,きたえた,おさえた,ほぐした,この問題は基本（きほん）的なレベルの動詞（どうし）の問題です。<br>「ほぐす」は、硬くなった（かたくなった）筋肉（きんにく）や緊張（きんちょう）を柔らかく（やわらかく）することを意味（いみ）します。「ふくらはぎや筋肉をほぐす」という使い方が正解です。<br>「たたむ」は折りたたむことです。「きたえる」は強く練習することです。「おさえた」は押さえて固定することです。正解は「ほぐした」です。
JLPT_LK_N2_1384,言語知識,語彙,文脈規定,4,失敗を追求された彼は、謝るどころか ______ 相手の落度を主張した。,開き直って,引き返して,立ち向かって,思い切って,開き直って,この問題は応用（おうよう）レベルの複合動詞（ふくごうどうし）の問題です。<br>「開き直る（ひらきなおる）」は、自分の悪い立場（たちば）を反省（はんせい）せず、急に強い（つよい）態度（たいど）や図々しい（ずうずうしい）態度をとることを表（あらわ）します。<br>「引き返す（ひきかえす）」は元の場所に戻ることです。「立ち向かう（たちむかう）」は対抗することです。「思い切って（おもいきって）」は勇気を出すことです。正解は「開き直って」です。
JLPT_LK_N2_1385,言語知識,語彙,文脈規定,5,タイムセールが始まったスーパーの売り場は、客で ______ いた。,ごった返して,うとうとして,びしょびしょになって,すんなり進んで,ごった返して,この問題は高度（こうど）・発展（はってん）レベルの慣用表現・動詞の問題です。<br>「ごった返す（ごったがえす）」は、大勢（おおぜい）の人（ひと）が集まってたいへん混雑（こんざつ）し、大混乱（だいこんらん）している様子（ようす）を表（あらわ）します。<br>「うとうと」は居眠りする様子です。「びしょびしょ」は水で濡れる様子です。「すんなり」はスムーズに進む様子です。正解は「ごった返して」です。
JLPT_LK_N2_1386,言語知識,語彙,言い換え類義,2,彼は非常に <u>几帳面な</u> 性格なので、提出書類に不備があることはまずない。,きちんとした,大ざっぱな,おとなしい,頑固な,きちんとした,この問題は基本（きほん）的なレベルの類義語（るいぎご）の問題です。<br>「几帳面（きちょうめん）」は、細かい（こまかい）ところまで注意（ちゅうい）が行き届き、ルールや約束を「きちんとする」様子（ようす）を表（あらわ）します。<br>「大ざっぱな」は雑なこと、「おとなしい」は静かなこと、「頑固な」は意見を変えないことです。正解は「きちんとした」です。
JLPT_LK_N2_1387,言語知識,語彙,言い換え類義,4,この都市の経済は、特定の地場産業に大きく <u>依存</u> している。,頼っている,貢献している,抵抗している,注目している,頼っている,この問題は応用（おうよう）レベルの類義語（るいぎご）の問題です。<br>「依存（いぞん）する」は、自立（じりつ）せずに他（ほか）のものに「頼る（たよる）」こと、それがないと成り立たない状態（じょうたい）を意味（いみ）します。<br>「貢献（こうけん）する」は役に立つこと、「抵抗（ていこう）する」は逆らうこと、「注目（ちゅうもく）する」は関心を持つことです。正解は「頼っている」です。
JLPT_LK_N2_1388,言語知識,語彙,用法,1,<u>蓄える</u>,厳しい冬を乗り切るため、クマは秋のうちに体脂肪を蓄える。,部屋が散らかってきたので、いらない家具を外に蓄えた。,雨が激しく降ってきたので、持っていた傘を蓄えて走った。,友達と仲直りするために、手紙を蓄えて送った。,厳しい冬を乗り切るため、クマは秋のうちに体脂肪を蓄える。,この問題は基礎（きそ）レベルの動詞（どうし）の用法問題です。<br>「蓄える（たくわえる）」は、将来（しょうらい）や必要な時のために物（もの）や栄養（えいよう）、知識（ちしき）などを貯めて（ためて）準備（じゅんび）しておくときに使います。「体脂肪を蓄える」という文章（ぶんしょう）が正解（せいかい）です。<br>不用品を処理する場合は「処分する」、傘を開く場合は「差す（さす）」、手紙を書く場合は「書く（かく）」を使います。正解は「厳しい冬を乗り切るため、クマは秋のうちに体脂肪を蓄える。」です。
JLPT_LK_N2_1389,言語知識,語彙,用法,3,<u>引き受ける</u>,同僚の突然の退職に伴い、彼が持っていた重要な案件を引き受けた。,荷物が重すぎて歩けないので、車に荷物を引き受けた。,雨が降ってきたので、持っていた傘を引き受けて差した。,友達の家を訪問するために、事前に電話を引き受けた。,同僚の突然の退職に伴い、彼が持っていた重要な案件を引き受けた。,この問題は標準（ひょうじゅん）的なレベルの複合動詞（ふくごうどうし）の用法問題です。<br>「引き受ける（ひきうける）」は、他人（たにん）からの頼み（たのみ）や仕事（しごと）、責任（せきにん）を自分がやることに同意（どうい）して受ける（うける）ことです。「案件を引き受ける」が正解です。<br>荷物を載せる場合は「載せる（のせる）」、傘をさす場合は「開く（ひらく）」、電話をする場合は「かける」を使います。正解は「同僚の突然の退職に伴い、彼が持っていた重要な案件を引き受けた。」です。
JLPT_LK_N2_1390,言語知識,語彙,用法,5,<u>あらかじめ</u>,当日の受付での混雑を避けるため、申請書はあらかじめ印刷しておいた。,あらかじめ体調を崩してしまい、今日の会議に出席できなかった。,激しい運動をした直後なので、あらかじめ汗をたくさんかいた。,あらかじめ財布を無くしてしまい、買い物ができなくなった。,当日の受付での混雑を避けるため、申請書はあらかじめ印刷しておいた。,この問題は高度（こうど）・発展（はってん）レベルの副詞（ふくし）の用法問題です。<br>「あらかじめ」は、何かが起こる前（まえ）に「事前に（じぜんに）」「前もって」準備（じゅんび）や確認（かくにん）をする行動（こうどう）と一緒に使います。「あらかじめ印刷（いんさつ）しておく」という使い方が正解（せいかい）です。<br>体調を崩すこと、汗をかくこと、財布を無くすことなど、不測（ふそく）のアクシデントや生理的（せいりてき）な現象に対して「あらかじめ」を使うのは誤り（あやまり）です。正解は「当日の受付での混雑を避けるため、申請書はあらかじめ印刷しておいた。」です。
JLPT_LK_N2_1391,言語知識,語彙,語形成,1,非常時には通路へ ______ 乱に荷物を置いてはいけない。,みだ,不,無,非,みだ,この問題は基礎（きそ）レベルの語形成（ごけいせい）の問題です。<br>「ルールやマナーを守らず、勝手（かって）に〜する」という意味（いみ）を表（あらわ）す言葉（ことば）は「みだりに」です。漢字（かんじ）では「妄りに」や「乱りに」と書きますが、動詞の前で「みだりに〜する」という形で使われます。<br>「不乱」や「無乱」、「非乱」という組み合わせ（くみあわせ）はこの意味では使いません。正解は「みだ」です。
JLPT_LK_N2_1392,言語知識,語彙,語形成,4,長年の研究が実を結び、画期的な新技術の ______ 化に成功した。,実用,実利,実態,実績,実用,この問題は応用（おうよう）レベルの複合語（ふくごうご）の問題です。<br>理論（りろん）やアイデアを、実際に（じっさいに）使える製品（せいひん）や技術（ぎじゅつ）の形（かたち）にすることを「実用化（じつようか）」と言います。<br>「実利化」や「実態化」、「実績化」という表現（ひょうげん）は日本語として使われません。正解は「実用」です。
JLPT_LK_N2_1393,言語知識,語彙,文脈規定,2,立ち仕事でカチコチに凝った筋肉をマッサージで ______ 。,ほぐした,たたんだ,きたえた,おさえた,ほぐした,この問題は基本（きほん）的なレベルの動詞（どうし）の問題です。<br>「ほぐす」は、硬くなった（かたくなった）筋肉（きんにく）や緊張（きんちょう）を柔らかく（やわらかく）することを意味（いみ）します。「筋肉をほぐす」という使い方が正解です。<br>「たたむ」は折りたたむことです。「きたえる」は強く練習することです。「おさえた」は押さえて固定することです。正解は「ほぐした」です。
JLPT_LK_N2_1394,言語知識,語彙,文脈規定,3,自分のミスを指摘されると、彼は反省するどころか ______ 怒り出した。,開き直って,引き返して,立ち向かって,思い切って,開き直って,この問題は標準（ひょうじゅん）的なレベルの複合動詞（ふくごうどうし）の問題です。<br>「開き直る（ひらきなおる）」は、自分の悪い立場（たちば）を認めず、急に強い（つよい）態度（たいど）や図々しい（ずうずうしい）態度をとることを表（あらわ）します。<br>「引き返す（ひきかえす）」は元の場所に戻ることです。「立ち向かう（たちむかう）」は対抗することです。「思い切って（おもいきって）」は勇気を出すことです。正解は「開き直って」です。
JLPT_LK_N2_1395,言語知識,語彙,文脈規定,5,バーゲン会場の店内は、掘り出し物を探す客で ______ いた。,ごった返して,うとうとして,びしょびしょになって,すんなり進んで,ごった返して,この問題は高度（こうど）・発展（はってん）レベルの慣用表現・動詞の問題です。<br>「ごった返す（ごったがえす）」は、大勢（おおぜい）の人（ひと）が集まってたいへん混雑（こんざつ）し、大混乱（だいこんらん）している様子（ようす）を表（あらわ）します。<br>「うとうと」は居眠りする様子です。「びしょびしょ」は水で濡れる様子です。「すんなり」はスムーズに進む様子です。正解は「ごった返して」です。
JLPT_LK_N2_1396,言語知識,語彙,言い換え類義,2,彼は非常に <u>几帳面な</u> 性格なので、デスクの周りもいつも綺麗だ。,きちんとした,大ざっぱな,おとなしい,頑固な,きちんとした,この問題は基本（きほん）的なレベルの類義語（るいぎご）の問題です。<br>「几帳面（きちょうめん）」は、細かい（こまかい）ところまで注意（ちゅうい）が行き届き、ルールや身の回りを「きちんとする」様子（ようす）を表（あらわ）します。<br>「大ざっぱな」は雑なこと、「おとなしい」は静かなこと、「頑固な」は意見を変えないことです。正解は「きちんとした」です。
JLPT_LK_N2_1397,言語知識,語彙,言い換え類義,5,この地域の観光業は、海外からの観光客に大きく <u>依存</u> している。,頼っている,貢献している,抵抗している,注目している,頼っている,この問題は高度（こうど）・発展（はってん）レベルの類義語（るいぎご）の問題です。<br>「依存（いぞん）する」は、自立（じりつ）せずに他（ほか）のものに「頼る（たよる）」こと、それがないと成り立たない状態（じょうたい）を意味（いみ）します。<br>「貢献（こうけん）する」は役に立つこと、「抵抗（ていこう）する」は逆らうこと、「注目（ちゅうもく）する」は関心を持つことです。正解は「頼っている」です。
JLPT_LK_N2_1398,言語知識,語彙,用法,1,<u>蓄える</u>,厳しい冬を乗り越えるため、小動物は木の実を蓄える。,部屋が散らかってきたので、いらない家具を外に蓄えた。,雨が激しく降ってきたので、持っていた傘を蓄えて走った。,友達と仲直りするために、手紙を蓄えて送った。,厳しい冬を乗り越えるため、小動物は木の実を蓄える。,この問題は基礎（きそ）レベルの動詞（どうし）の用法問題です。<br>「蓄える（たくわえる）」は、将来（しょうらい）や必要な時のために物（もの）や栄養（えいよう）、知識（ちしき）などを貯めて（ためて）準備（じゅんび）しておくときに使います。「木の実を蓄える」という文章（ぶんしょう）が正解（せいかい）です。<br>不用品を処理する場合は「処分する」、傘を開く場合は「差す（さす）」、手紙を書く場合は「書く（かく）」を使います。正解は「厳しい冬を乗り越えるため、小動物は木の実を蓄える。」です。
JLPT_LK_N2_1399,言語知識,語彙,用法,3,<u>引き受ける</u>,同僚が病気で倒れたため、彼が担当していた業務を引き受けた。,荷物が重すぎて歩けないので、車に荷物を引き受けた。,雨が降ってきたので、持っていた傘を引き受けて差した。,友達の家を訪問するために、事前に電話を引き受けた。,同僚が病気で倒れたため、彼が担当していた業務を引き受けた。,この問題は標準（ひょうじゅん）的なレベルの複合動詞（ふくごうどうし）の用法問題です。<br>「引き受ける（ひきうける）」は、他人（たにん）からの頼み（たのみ）や仕事（しごと）、責任（せきにん）を自分がやることに同意（どうい）して受ける（うける）ことです。「業務を引き受ける」が正解です。<br>荷物を載せる場合は「載せる（のせる）」、傘をさす場合は「開く（ひらく）」、電話をする場合は「かける」を使います。正解は「同僚が病気で倒れたため、彼が担当していた業務を引き受けた。」です。
JLPT_LK_N2_1400,言語知識,語彙,用法,4,<u>あらかじめ</u>,問い合わせをスムーズに行うため、会員番号をあらかじめメモしておいた。,あらかじめ体調を崩してしまい、今日の会議に出席できなかった。,激しい運動をした直後なので、あらかじめ汗をたくさんかいた。,あらかじめ財布を無くしてしまい、買い物ができなくなった。,問い合わせをスムーズに行うため、会員番号をあらかじめメモしておいた。,この問題は応用（おうよう）レベルの副詞（ふくし）の用法問題です。<br>「あらかじめ」は、何かが起こる前（まえ）に「事前に（じぜんに）」「前もって」準備（じゅんび）や確認（かくにん）をする行動（こうどう）と一緒に使います。「あらかじめメモしておく」という使い方が正解（せいかい）です。<br>体調を崩すこと、汗をかくこと、財布を無くすことなど、不測（ふそく）のアクシデントや生理的（せいりてき）な現象に対して「あらかじめ」を使うのは誤り（あやまり）です。正解は「問い合わせをスムーズに行うため、会員番号をあらかじめメモしておいた。」です。
JLPT_LK_N2_1401,言語知識,語彙,語形成,2,今後の対策を協議するため、______ 委員会が設置された。,専門,専門的,専門性,専門化,専門,この問題は基本（きほん）レベルの語形成（ごけいせい）の問題です。<br>特定（とくてい）の分野（ぶんや）について詳しく検討する組織を表す場合、名詞「専門（せんもん）」を直接付けて「専門委員会（せんもんいいんかい）」という複合名詞（ふくごうめいし）を作ります。<br>「専門的委員会」や「専門性委員会」といった組み合わせは自然な複合語として用いられません。正解は「専門」です。
JLPT_LK_N2_1402,言語知識,語彙,語形成,4,新製品の発売に伴い、全社をあげた ______ キャンペーンが開始された。,販促,販売,促進,販買,販促,この問題は応用（おうよう）レベルの略語（りゃくご）・複合語（ふくごうご）の問題です。<br>「販売促進（はんばいそくしん）」を略（りゃく）した言葉である「販促（はんそく）」を用いて、「販促キャンペーン」という形でビジネスシーンで広く使われます。<br>「販売キャンペーン」も意味は通じますが、「販売促進」の略語としての語形成問題では「販促」が最も適合します。正解は「販促」です。
JLPT_LK_N2_1403,言語知識,語彙,文脈規定,1,天候に恵まれたため、イベントは ______ 進行した。,スムーズに,すっかり,うとうと,着々と,スムーズに,この問題は基礎（きそ）レベルの副詞（ふくし）の問題です。<br>障壁（しょうへき）やトラブルがなく、滑らかに（なめらかに）進む様子を表すには「スムーズに」が適しています。「スムーズに進行する」という文脈が自然です。<br>「すっかり」は完全にある状態になること、「うとうと」は居眠りする様子、「着々と」は順調に段階を踏む様子です。正解は「スムーズに」です。
JLPT_LK_N2_1404,言語知識,語彙,文脈規定,3,彼の誠実な対応によって、顧客の不信感は ______ 解消された。,徐々に,めったに,一概に,むしろ,徐々に,この問題は標準（ひょうじゅん）的なレベルの副詞（ふくし）の問題です。<br>「徐々に（じょじょに）」は、時間が経つにつれて「少しずつ」「段々と」変化していく様子を表します。<br>「めったに」や「一概に」は打ち消しの表現とともに用います。「むしろ」は対比の際に使います。正解は「徐々に」です。
JLPT_LK_N2_1405,言語知識,語彙,文脈規定,5,度重なる不祥事により、企業の社会的信用は ______ 落ちた。,地に,底に,崖に,谷に,地に,この問題は高度（こうど）・発展（はってん）レベルの慣用句（かんようく）の問題です。<br>「地に落ちる（ちににおちる）」は、これまであった高い評判（ひょうばん）や信用（しんよう）が完全に失われて最低の状態になることを表す慣用表現です。<br>「底に落ちた」や「崖に落ちた」などの表現はこの文脈での慣用句としては用いられません。正解は「地に」です。
JLPT_LK_N2_1406,言語知識,語彙,言い換え類義,3,彼の説得は非常に <u>効果的</u> だった。,てきめんだった,あいまいだった,強引だった,極端だった,てきめんだった,この問題は標準（ひょうじゅん）的なレベルの類義語（るいぎご）の問題です。<br>「効果的（こうかてき）」や効果が「てきめん（即座に明確な効果が現れること）」は、効き目（ききめ）がしっかりある状態を表します。<br>「あいまいだった」や「強引だった」、「極端だった」は文脈に合いません。正解は「てきめんだった」です。
JLPT_LK_N2_1407,言語知識,語彙,言い換え類義,5,今回のプロジェクト失敗の責任は、リーダーに <u>帰属する</u>。,負わされる,免除される,分散される,引き継がれる,負わされる,この問題は高度（こうど）・発展（はってん）レベルの類義語（るいぎご）の問題です。<br>「帰属（きぞく）する」は、権利や責任などが特定の主体・人・場所に属すること、すなわち責任を「負う（おわされる）」ことを意味します。<br>「免除される」は免れること、「分散される」は分けること、「引き継がれる」は次に渡すことです。正解は「負わされる」です。
JLPT_LK_N2_1408,言語知識,語彙,用法,1,<u>蓄える</u>,災害時に備えて、家庭内で十分な飲料水を蓄えておく。,部屋が汚れてきたので、いらない家具を外に蓄えた。,雨が激しく降ってきたので、持っていた傘を蓄えて走った。,友達に感謝の気持ちを伝えるため、手紙を蓄えて送った。,災害時に備えて、家庭内で十分な飲料水を蓄えておく。,この問題は基礎（きそ）レベルの動詞（どうし）の用法問題です。<br>「蓄える（たくわえる）」は、将来や万が一の時に備えて、物・お金・力などを貯めて保存しておく場合に使います。「飲料水を蓄える」という文が正解です。<br>不用品を処理する場合は「処分する」、傘を開く場合は「差す」、手紙を書く場合は「書く」を用います。正解は「災害時に備えて、家庭内で十分な飲料水を蓄えておく。」です。
JLPT_LK_N2_1409,言語知識,語彙,用法,2,<u>引き受ける</u>,依頼された講演会の講師を、喜んで引き受けることにした。,荷物が重すぎたので、車の中にカバンを引き受けた。,雨が急に降り出したので、持っていた傘を引き受けて差した。,友達の家を訪問するために、事前に連絡を引き受けた。,依頼された講演会の講師を、喜んで引き受けることにした。,この問題は基本（きほん）的なレベルの複合動詞（ふくごうどうし）の用法問題です。<br>「引き受ける（ひきうける）」は、仕事・役割・責任などを自分の担当として任されることに同意して受けることを意味します。「講師（役割）を引き受ける」が正しい用法です。<br>荷物を載せる場合は「載せる」、傘を開く場合は「差す」、連絡をする場合は「取る」を用います。正解は「依頼された講演会の講師を、喜んで引き受けることにした。」です。
JLPT_LK_N2_1410,言語知識,語彙,用法,4,<u>あらかじめ</u>,スムーズに入場できるよう、チケットはあらかじめ購入しておいた。,あらかじめ体調を壊してしまい、旅行を取りやめた。,激しい運動をしたので、あらかじめ喉が渇いて仕方がなかった。,あらかじめ財布を盗まれてしまい、警官に届出を出した。,スムーズに入場できるよう、チケットはあらかじめ購入しておいた。,この問題は応用（おうよう）レベルの副詞（ふくし）の用法問題です。<br>「あらかじめ」は、事前の準備や確認として「前もって」自主的に行う行動に対して用いられます。「あらかじめ購入しておく」が自然な使い方です。<br>体調を崩すこと、喉が渇くこと、盗難に遭うことなどの偶発的・受動的な出来事に用いるのは不適切です。正解は「スムーズに入場できるよう、チケットはあらかじめ購入しておいた。」です。
JLPT_LK_N2_1411,言語知識,語彙,語形成,3,この地域は ______ 災害が多発するため、十分な防災対策が必要だ。,自然,自然性,自然化,自然風,自然,この問題は標準（ひょうじゅん）的なレベルの複合語（ふくごうご）の問題です。<br>地震や台風などの人間がコントロールできない天候・環境による被害を「自然災害（しぜんさいがい）」と言います。<br>「自然性災害」や「自然化災害」という複合語は日本語として使いません。正解は「自然」です。
JLPT_LK_N2_1412,言語知識,語彙,語形成,1,契約内容を変更する場合は、事前に ______ 契約を結ぶ必要があります。,再,新,復,過,再,この問題は基礎（きそ）レベルの接頭語（せっとうご）の問題です。<br>「もう一度〜する」という意味を表す接頭語は「再（さい）」です。「再契約（さいけいやく）」で「もう一度契約を結び直すこと」を意味します。<br>「新契約」も文脈によってはあり得ますが、「変更して結び直す」というニュアンスでは「再契約」が最も適しています。正解は「再」です。
JLPT_LK_N2_1413,言語知識,語彙,文脈規定,5,彼の不用意な発言が ______ となり、チーム内に大きな紛争が起こった。,引き金,引き出し,引き分け,引き揚げ,引き金,この問題は高度（こうど）・発展（はってん）レベルの比喩表現（ひゆひょうげん）・慣用表現の問題です。<br>「引き金（ひきがね）になる」は、ある事件や変化を引き起こす「直接のきっかけ・原因」になることを意味します。<br>「引き出し」は能力などを出すこと、「引き分け」は勝負がつかないこと、「引き揚げ」は撤退することです。正解は「引き金」です。
JLPT_LK_N2_1414,言語知識,語彙,文脈規定,2,長時間のプレゼンテーションを終えて、ようやく ______ とした。,ほっと,うとうと,すんなり,着々と,ほっと,この問題は基本（きほん）的なレベルのオノマトペ（擬態語）の問題です。<br>「ほっとする」は、心配や緊張がなくなって安心する様子を表します。<br>「うとうと」は居眠りする様子、「すんなり」は滞りなく進む様子、「着々と」は順調に進行する様子です。正解は「ほっと」です。
JLPT_LK_N2_1415,言語知識,語彙,文脈規定,4,交渉は難航するかと思われたが、予想に反して ______ 妥結した。,あっけなく,しぶしぶ,一概に,ろくに,あっけなく,この問題は応用（おうよう）レベルの形容詞・副詞表現の問題です。<br>「あっけなく」は、期待や予想に反して、事態が簡単に・拍子抜けするほどあっさりと終わる様子を表します。<br>「しぶしぶ」は嫌々行う様子、「一概に」や「ろくに」は否定表現とともに用います。正解は「あっけなく」です。
JLPT_LK_N2_1416,言語知識,語彙,言い換え類義,4,彼の説明はいつも <u>明瞭</u> で、とてもわかりやすい。,はっきりしている,あやふやだ,複雑だ,曖昧だ,はっきりしている,この問題は応用（おうよう）レベルの類義語（るいぎご）の問題です。<br>「明瞭（めいりょう）だ」は、内容や表現が「明確で、はっきりしている」様子を表します。<br>「あやふやだ」「複雑だ」「曖昧だ」はいずれも正反対に近い意味となります。正解は「はっきりしている」です。
JLPT_LK_N2_1417,言語知識,語彙,言い換え類義,2,長年の努力が実を結び、ついに夢を <u>果たした</u>。,達成した,諦めた,見送った,後回しにした,達成した,この問題は基本（きほん）的なレベルの類義語（るいぎご）の問題です。<br>「（目的や夢を）果たす（はたす）」は、目標としていたことをやり遂げる、すなわち「達成（たっせい）する」ことを意味します。<br>「諦めた」「見送った」「後回しにした」は正反対または異なる意味です。正解は「達成した」です。
JLPT_LK_N2_1418,言語知識,語彙,用法,5,<u>調達する</u>,事業を拡大するための資金を、銀行からの融資によって調達した。,壊れた時計を修理するために、新しい部品を調達して分解した。,喉がとても渇いたので、近くの自動販売機でジュースを調達して飲んだ。,部屋の掃除をするために、いらないゴミを調達して捨てた。,事業を拡大するための資金を、銀行からの融資によって調達した。,この問題は高度（こうど）・発展（はってん）レベルの動詞（どうし）の用法問題です。<br>「調達（ちょうたつ）する」は、必要な資金・資材・設備などを計画的に整えて立て分ける（集めて用意する）場合に使います。「資金を調達する」が最も代表的で自然な用法です。<br>単に飲み物を買ったり、不用品を集めたりする行為に「調達する」を使うのは不自然です。正解は「事業を拡大するための資金を、銀行からの融資によって調達した。」です。
JLPT_LK_N2_1419,言語知識,語彙,用法,1,<u>蓄える</u>,将来の急な出費に備えて、毎月少しずつ貯蓄を蓄えている。,部屋が散らかってきたので、いらない家具を外に蓄えた。,雨が激しく降ってきたので、持っていた傘を蓄えて走った。,友達に感謝の気持ちを伝えるため、手紙を蓄えて送った。,将来の急な出費に備えて、毎月少しずつ貯蓄を蓄えている。,この問題は基礎（きそ）レベルの動詞（どうし）の用法問題です。<br>「蓄える（たくわえる）」は、将来や万が一の時に備えて金品やエネルギーなどを貯めておく場合に使います。「貯蓄を蓄える」や「お金を蓄える」という文が正解です。<br>不用品を処分する場合は「片付ける」、傘を開く場合は「差す」、手紙を書く場合は「書く」を用います。正解は「将来の急な出費に備えて、毎月少しずつ貯蓄を蓄えている。」です。
JLPT_LK_N2_1420,言語知識,語彙,用法,3,<u>手際</u>,彼は手際よく料理を作り、あっという間に三品も完成させた。,彼は手際よく走るのが速く、リレーの選手に選ばれた。,彼は手際よく字が綺麗で、書道展で賞をとった。,彼は手際よく声が大きく、遠くまで声が通る。,彼は手際よく料理を作り、あっという間に三品も完成させた。,この問題は標準（ひょうじゅん）的なレベルの名詞・副詞的表現（手際よく）の用法問題です。<br>「手際（てぎわ）」は、物事を処理する手順や立ち回り・手際の良さを意味します。「手際よく作業や料理を行う」という形で使います。<br>足の速さ、字の美しさ、声の大きさなどの単純な身体能力や性質に対して「手際」を使うのは誤りです。正解は「彼は手際よく料理を作り、あっという間に三品も完成させた。」です。
JLPT_LK_N2_1421,言語知識,語彙,語形成,4,新商品の開発に向けて、部署の枠を超えた ______ チームが結成された。,プロジェクト,プロセス,プログラム,プロット,プロジェクト,この問題は応用（おうよう）レベルの外来語・複合語（ふくごうご）の問題です。<br>特定の目標や事業のために一時的に作られる作業組織を「プロジェクトチーム」と言います。<br>「プロセスチーム」や「プログラムチーム」という組み合わせは、この文脈では自然な表現として用いられません。正解は「プロジェクト」です。
JLPT_LK_N2_1422,言語知識,語彙,語形成,1,大雨の影響で、市内の一部の河川が ______ 水する恐れがある。,氾,増,溢,満,増,この問題は基礎（きそ）レベルの語形成・動詞（どうし）の問題です。<br>大雨などで川の水量が増えることを「増水（ぞうすい）する」と言います。<br>「氾水」や「溢水」は専門的な表記としては存在しますが、JLPT N2レベルで「河川の水が増える」という文脈で最も一般的・標準的に用いられる複合語は「増水」です。正解は「増」です。
JLPT_LK_N2_1423,言語知識,語彙,文脈規定,5,長年の努力が身を結び、ついに長年の懸案事項を ______ することができた。,打開,打破,打倒,打診,打開,この問題は高度（こうど）・発展（はってん）レベルのサ変動詞の問題です。<br>行き詰まった状態や困難な状況を切り開いて解決に向かわせることを「打開（だかい）する」と言います。「懸案事項や困難な状況を打開する」という使い方が正解です。<br>「打破（だは）」は悪習などを破ること、「打倒（だとう）」は倒すこと、「打診（だしん）」は相手の意向を伺うことです。正解は「打開」です。
JLPT_LK_N2_1424,言語知識,語彙,文脈規定,2,準備期間が足りず、新事業の計画は ______ に終わってしまった。,中途半端,支離滅裂,意気消沈,油断大敵,中途半端,この問題は基本（きほん）的なレベルの四字熟語・な形容詞の問題です。<br>物事が完成せず、中途で立ち消えになったり徹底しなかったりする様子を「中途半端（ちゅうとはんぱ）」と言います。<br>「支離滅裂」は筋道が立たないこと、「意気消沈」は落ち込むこと、「油断大敵」は油断を戒める標語です。正解は「中途半端」です。
JLPT_LK_N2_1425,言語知識,語彙,文脈規定,3,どんなに厳しい状況であっても、彼は決して ______ を吐かない。,弱音,本音,愚痴,皮肉,弱音,この問題は標準（ひょうじゅん）的なレベルの慣用表現の問題です。<br>「弱音（よわね）を吐く（はく）」で、力尽きたり諦めたりして弱気な言動を見せることを意味します。<br>「本音」は「明かす・漏らす」、「愚痴」は「こぼす」、「皮肉」は「言う・叩く」などの動詞と結びつくのが一般的です。正解は「弱音」です。
JLPT_LK_N2_1426,言語知識,語彙,言い換え類義,3,会議の席で、彼は自分の意見を <u>主張した</u>。,言い張った,聞き入れた,見送った,受け入れた,言い張った,この問題は標準（ひょうじゅん）的なレベルの類義語（るいぎご）の問題です。<br>「主張（しゅちょう）する」は自分の意見を強く相手に伝えることであり、「言い張る（いいはる）」とほぼ同じ意味を持ちます。<br>「聞き入れた」や「受け入れた」は他人の意見を聞くこと、「見送った」は保留・延期することです。正解は「言い張った」です。
JLPT_LK_N2_1427,言語知識,語彙,言い換え類義,1,彼の不躾な態度は、周囲に <u>不快な</u> 印象を与えた。,嫌な,心地よい,穏やかな,素朴な,嫌な,この問題は基礎（きそ）レベルの類義語（るいぎご）の問題です。<br>「不快（ふかい）な」は、気分が悪く「嫌な（いやな）」状態や感じを表します。<br>「心地よい」や「穏やかな」は正反対の意味、「素朴な」は飾らない様子です。正解は「嫌な」です。
JLPT_LK_N2_1428,言語知識,語彙,用法,5,<u>連携する</u>,地域の防犯力を高めるため、警察と住民が密接に連携している。,故障した機械を修理するため、新しい部品と連携して組み立てた。,朝の渋滞を避けるため、いつもより早い電車と連携して通勤した。,お腹が空いてきたので、ラーメンとチャーハンを連携して食べた。,地域の防犯力を高めるため、警察と住民が密接に連携している。,この問題は高度（こうど）・発展（はってん）レベルの動詞の用法問題です。<br>「連携（れんけい）する」は、複数の人・組織・グループなどが互いに連絡を取り合い、協力して物事を行う場合に使います。「警察と住民が連携する」が正しい用法です。<br>無生物（部品や電車）や、単に食事を組み合わせることに対して「連携する」は使いません。正解は「地域の防犯力を高めるため、警察と住民が密接に連携している。」です。
JLPT_LK_N2_1429,言語知識,語彙,用法,2,<u>あやふや</u>,事件当時の記憶があやふやで、はっきりと思い出せない。,荷物が重すぎてあやふやだったので、車で運んでもらった。,部屋の掃除をしたらとてもあやふやになって気持ちが良い。,雨が激しく降ってきたので、道があやふやになって走りにくい。,事件当時の記憶があやふやで、はっきりと思い出せない。,この問題は基本（きほん）的なレベルのな形容詞の用法問題です。<br>「あやふや（だ）」は、事実や記憶、態度などが「不確かで、はっきりしない」様子を表します。「記憶があやふやだ」という表現が適切です。<br>荷物の重さ、部屋の清潔さ、雨の走りづらさに対して「あやふや」を使うのは誤りです。正解は「事件当時の記憶があやふやで、はっきりと思い出せない。」です。
JLPT_LK_N2_1430,言語知識,語彙,用法,4,<u>見落とす</u>,何度も確認したはずなのに、契約書の重要な条項を見落としていた。,荷物が重くて一人で運べなかったので、友達に見落としてもらった。,急に雨が降ってきたので、タクシーに見落として乗った。,部屋の電球が切れて暗いので、新しい電球に見落とした。,何度も確認したはずなのに、契約書の重要な条項を見落としていた。,この問題は応用（おうよう）レベルの複合動詞の用法問題です。<br>「見落とす（みおとす）」は、見ているはずなのに、注意が行き届かずに見逃してしまう・気づかないで過ぎてしまうことを意味します。「重要な条項を見落とす」が正解です。<br>荷物を手伝ってもらう、タクシーに乗る、電球を交換するなどの行動に「見落とす」を使うのは誤りです。正解は「何度も確認したはずなのに、契約書の重要な条項を見落としていた。」です。
JLPT_LK_N2_1431,言語知識,語彙,語形成,2,今回の事件は、社会全体に ______ 影響を与えることとなった。,多大,多量,多数,多額,多大,この問題は基本（きほん）レベルの語形成・複合語の問題です。<br>影響や損害などの程度が非常に大きいことを表す場合、「多大（ただい）な」を用いて「多大な影響」と表現します。<br>「多量」は量が多いこと、「多数」は数が多いこと、「多額」は金額が多いことに用いるため、影響の程度には使いません。正解は「多大」です。
JLPT_LK_N2_1432,言語知識,語彙,語形成,5,長年の努力が認められ、彼は異例の ______ 昇進を果たした。,超,最,高,過,超,この問題は高度（こうど）・発展（はってん）レベルの接頭語の問題です。<br>「普通（ふつう）の程度や枠を大きく超えている」ことを意味する接頭語「超（ちょう）」を付けて、「超昇進」や「超〜」といった強調表現として用いられます（または「スピード昇進」等の語構成理解）。常識や標準から抜け出ているニュアンスを表します。<br>他の接頭語はこの文脈では用いられません。正解は「超」です。
JLPT_LK_N2_1433,言語知識,語彙,文脈規定,1,新しい環境に ______ 馴染んできたので、少しずつ仕事のペースを上げていこう。,徐々に,めったに,ろくに,あらかじめ,徐々に,この問題は基礎（きそ）レベルの副詞の問題です。<br>「徐々に（じょじょに）」は「少しずつ」「時間をかけて変化していく様子」を表します。<br>「めったに」や「ろくに」は否定表現とともに用います。「あらかじめ」は事前に行う準備に対して使います。正解は「徐々に」です。
JLPT_LK_N2_1434,言語知識,語彙,文脈規定,3,彼の身勝手な振る舞いは、周囲の ______ を招く結果となった。,反感,反省,反応,反響,反感,この問題は標準（ひょうじゅん）的なレベルの名詞・文脈規定の問題です。<br>「反感（はんかん）を招く（まねく）」は、相手や周囲から不満・怒り・嫌悪の感情を引き起こしてしまうことを表す典型的なコロケーションです。<br>「反省」は自分の行動を振り返ること、「反応」は答えや立ち振る舞い、「反響」は評判や反響のことです。正解は「反感」です。
JLPT_LK_N2_1435,言語知識,語彙,文脈規定,4,競合他社に先を越され、我が社の新プロジェクトは ______ に追い込まれた。,見直し,見逃し,見送り,見落とし,見直し,この問題は応用（おうよう）レベルの複合動詞・名詞化表現の問題です。<br>計画や方針に問題が生じ、最初から再度検討し直す状態になることを「見直し（みなおし）に追い込まれる」と表現します。<br>「見逃し」は逃すこと、「見送り」は保留すること、「見落とし」は気づかず通り過ぎることです。正解は「見直し」です。
JLPT_LK_N2_1436,言語知識,語彙,言い換え類義,2,彼の主張には、いくつか <u>曖昧な</u> 点が含まれている。,はっきりしない,正確な,複雑な,極端な,はっきりしない,この問題は基本（きほん）的なレベルの類義語の問題です。<br>「曖昧（あいまい）な」は、内容や態度が「明確でない、はっきりしない」様子を表します。<br>「正確な」は逆の意味であり、「複雑な」や「極端な」は意味合いが異なります。正解は「はっきりしない」です。
JLPT_LK_N2_1437,言語知識,語彙,言い換え類義,4,この提案を受け入れるかどうか、今夜じっくり <u>思案する</u> つもりだ。,考える,調べる,断る,伝える,考える,この問題は応用（おうよう）レベルの類義語の問題です。<br>「思案（しあん）する」は、どうすべきか深く問題について「考える」ことを意味します。<br>「調べる」「断る」「伝える」はそれぞれ異なる行動を表すため不適切です。正解は「考える」です。
JLPT_LK_N2_1438,言語知識,語彙,用法,1,<u>蓄える</u>,来るべき冬の寒さに備えて、薪を十分蓄えておく。,部屋が汚れてきたので、いらない家具を外に蓄えた。,雨が激しく降ってきたので、持っていた傘を蓄えて走った。,友達に感謝の気持ちを伝えるため、手紙を蓄えて送った。,来るべき冬の寒さに備えて、薪を十分蓄えておく。,この問題は基礎（きそ）レベルの動詞の用法問題です。<br>「蓄える（たくわえる）」は、将来や万が一の時に備えて、物・金銭・エネルギーなどを貯めて保管しておくことを意味します。「薪を蓄える」が正解です。<br>不用品を処分する場合は「片付ける」、傘を開く場合は「差す」、手紙を書く場合は「書く」を用います。正解は「来るべき冬の寒さに備えて、薪を十分蓄えておく。」です。
JLPT_LK_N2_1439,言語知識,語彙,用法,3,<u>緩和する</u>,混雑を緩和するため、入場制限を実施することにした。,壊れた椅子を緩和するために、新しいネジで固定した。,お腹が空いたので、ラーメンを食べて空腹を緩和した。,部屋を明るくするために、電気を緩和して点灯させた。,混雑を緩和するため、入場制限を実施することにした。,この問題は標準（ひょうじゅん）的なレベルのサ変動詞の用法問題です。<br>「緩和（かんわ）する」は、厳しい状態・緊張・混雑・規定などを「和らげる（やわらげる）、ゆるめる」場合に使います。「混雑を緩和する」が正しい使い方です。<br>物理的な修理、食事による空腹解消、照明の光量調節などに「緩和する」を使うのは誤りです。正解は「混雑を緩和するため、入場制限を実施することにした。」です。
JLPT_LK_N2_1440,言語知識,語彙,用法,5,<u>念頭</u>,常に顧客の満足を念頭に置いて、製品開発に取り組んでいる。,明日の会議の念頭に備えて、資料を印刷しておいた。,喉が渇いたので、念頭に冷たい水を飲んだ。,雨が降ってきたので、念頭を開いて外に出た。,常に顧客の満足を念頭に置いて、製品開発に取り組んでいる。,この問題は高度（こうど）・発展（はってん）レベルの名詞・慣用表現の用法問題です。<br>「念頭（ねんとう）」は「心の中・意識」を意味し、「念頭に置く（常に心に留めて考慮する）」という慣用表現でよく使われます。<br>「会議の準備」「水を飲む」「傘を開く」といった具体的な物理的行動に対して「念頭」を使うのは誤りです。正解は「常に顧客の満足を念頭に置いて、製品開発に取り組んでいる。」です。
